#ifdef LV_LVGL_H_INCLUDE_SIMPLE
#include "lvgl.h"
#else
#include "lvgl/lvgl.h"
#endif

static LV_ATTRIBUTE_LARGE_CONST const uint8_t glyph_bitmap[] = {

/*   */


/* ! */
0x07, 0xbb, 0xbb, 0xb2, 0x00, 	//.*%%%%%+..
0x09, 0xff, 0xff, 0xf3, 0x00, 	//.%@@@@@+..
0x09, 0xff, 0xff, 0xf3, 0x00, 	//.%@@@@@+..
0x09, 0xff, 0xff, 0xf2, 0x00, 	//.%@@@@@+..
0x08, 0xff, 0xff, 0xf2, 0x00, 	//.*@@@@@+..
0x08, 0xff, 0xff, 0xf2, 0x00, 	//.*@@@@@+..
0x08, 0xff, 0xff, 0xf1, 0x00, 	//.*@@@@@+..
0x07, 0xff, 0xff, 0xf1, 0x00, 	//.*@@@@@+..
0x07, 0xff, 0xff, 0xf0, 0x00, 	//.*@@@@@...
0x06, 0xff, 0xff, 0xf0, 0x00, 	//.*@@@@@...
0x06, 0xff, 0xff, 0xf0, 0x00, 	//.*@@@@@...
0x06, 0xff, 0xff, 0xf0, 0x00, 	//.*@@@@@...
0x05, 0xff, 0xff, 0xf0, 0x00, 	//.+@@@@@...
0x05, 0xff, 0xff, 0xe0, 0x00, 	//.+@@@@@...
0x04, 0xff, 0xff, 0xe0, 0x00, 	//.+@@@@@...
0x04, 0xff, 0xff, 0xd0, 0x00, 	//.+@@@@@...
0x03, 0xff, 0xff, 0xd0, 0x00, 	//.+@@@@@...
0x03, 0xff, 0xff, 0xc0, 0x00, 	//.+@@@@@...
0x02, 0xff, 0xff, 0xc0, 0x00, 	//.+@@@@@...
0x02, 0xff, 0xff, 0xc0, 0x00, 	//.+@@@@@...
0x01, 0xff, 0xff, 0xb0, 0x00, 	//.+@@@@%...
0x01, 0xff, 0xff, 0xb0, 0x00, 	//.+@@@@%...
0x00, 0xff, 0xff, 0xa0, 0x00, 	//..@@@@%...
0x00, 0xff, 0xff, 0xa0, 0x00, 	//..@@@@%...
0x00, 0xff, 0xff, 0x90, 0x00, 	//..@@@@%...
0x00, 0xff, 0xff, 0x90, 0x00, 	//..@@@@%...
0x00, 0xef, 0xff, 0x80, 0x00, 	//..@@@@*...
0x00, 0xef, 0xff, 0x80, 0x00, 	//..@@@@*...
0x00, 0xdf, 0xff, 0x70, 0x00, 	//..@@@@*...
0x00, 0xdf, 0xff, 0x70, 0x00, 	//..@@@@*...
0x00, 0xcf, 0xff, 0x70, 0x00, 	//..@@@@*...
0x00, 0xcf, 0xff, 0x60, 0x00, 	//..@@@@*...
0x00, 0xbf, 0xff, 0x60, 0x00, 	//..%@@@*...
0x00, 0xbf, 0xff, 0x50, 0x00, 	//..%@@@+...
0x00, 0x00, 0x00, 0x00, 0x00, 	//..........
0x00, 0x00, 0x00, 0x00, 0x00, 	//..........
0x00, 0x00, 0x00, 0x00, 0x00, 	//..........
0x00, 0x00, 0x00, 0x00, 0x00, 	//..........
0x00, 0x00, 0x00, 0x00, 0x00, 	//..........
0x00, 0x00, 0x00, 0x00, 0x00, 	//..........
0x00, 0x6b, 0xda, 0x30, 0x00, 	//..*%@%+...
0x0b, 0xff, 0xff, 0xf5, 0x00, 	//.%@@@@@+..
0x6f, 0xff, 0xff, 0xfe, 0x10, 	//*@@@@@@@+.
0xbf, 0xff, 0xff, 0xff, 0x50, 	//%@@@@@@@+.
0xef, 0xff, 0xff, 0xff, 0x70, 	//@@@@@@@@*.
0xcf, 0xff, 0xff, 0xff, 0x50, 	//@@@@@@@@+.
0x7f, 0xff, 0xff, 0xff, 0x10, 	//*@@@@@@@+.
0x0d, 0xff, 0xff, 0xf7, 0x00, 	//.@@@@@@*..
0x00, 0x8d, 0xfc, 0x50, 0x00, 	//..*@@@+...


/* " */
0x16, 0x66, 0x66, 0x50, 0x00, 0x00, 0x04, 0x66, 0x66, 0x63, 	//+*****+......+*****+
0x3f, 0xff, 0xff, 0xd0, 0x00, 0x00, 0x0a, 0xff, 0xff, 0xf7, 	//+@@@@@@......%@@@@@*
0x3f, 0xff, 0xff, 0xd0, 0x00, 0x00, 0x0a, 0xff, 0xff, 0xf7, 	//+@@@@@@......%@@@@@*
0x3f, 0xff, 0xff, 0xd0, 0x00, 0x00, 0x0a, 0xff, 0xff, 0xf7, 	//+@@@@@@......%@@@@@*
0x2f, 0xff, 0xff, 0xd0, 0x00, 0x00, 0x0a, 0xff, 0xff, 0xf6, 	//+@@@@@@......%@@@@@*
0x2f, 0xff, 0xff, 0xc0, 0x00, 0x00, 0x09, 0xff, 0xff, 0xf6, 	//+@@@@@@......%@@@@@*
0x2f, 0xff, 0xff, 0xc0, 0x00, 0x00, 0x09, 0xff, 0xff, 0xf6, 	//+@@@@@@......%@@@@@*
0x1f, 0xff, 0xff, 0xb0, 0x00, 0x00, 0x08, 0xff, 0xff, 0xf5, 	//+@@@@@%......*@@@@@+
0x0f, 0xff, 0xff, 0xa0, 0x00, 0x00, 0x06, 0xff, 0xff, 0xf3, 	//.@@@@@%......*@@@@@+
0x0e, 0xff, 0xff, 0x80, 0x00, 0x00, 0x05, 0xff, 0xff, 0xf2, 	//.@@@@@*......+@@@@@+
0x0c, 0xff, 0xff, 0x70, 0x00, 0x00, 0x03, 0xff, 0xff, 0xf0, 	//.@@@@@*......+@@@@@.
0x0b, 0xff, 0xff, 0x50, 0x00, 0x00, 0x02, 0xff, 0xff, 0xe0, 	//.%@@@@+......+@@@@@.
0x09, 0xff, 0xff, 0x40, 0x00, 0x00, 0x00, 0xff, 0xff, 0xd0, 	//.%@@@@+.......@@@@@.
0x08, 0xff, 0xff, 0x20, 0x00, 0x00, 0x00, 0xef, 0xff, 0xb0, 	//.*@@@@+.......@@@@%.
0x06, 0xff, 0xff, 0x10, 0x00, 0x00, 0x00, 0xdf, 0xff, 0x90, 	//.*@@@@+.......@@@@%.
0x04, 0xff, 0xff, 0x00, 0x00, 0x00, 0x00, 0xbf, 0xff, 0x80, 	//.+@@@@........%@@@*.
0x03, 0xff, 0xfe, 0x00, 0x00, 0x00, 0x00, 0x9f, 0xff, 0x60, 	//.+@@@@........%@@@*.
0x01, 0xff, 0xfc, 0x00, 0x00, 0x00, 0x00, 0x8f, 0xff, 0x40, 	//.+@@@@........*@@@+.
0x00, 0xff, 0xfb, 0x00, 0x00, 0x00, 0x00, 0x6f, 0xff, 0x30, 	//..@@@%........*@@@+.


/* # */
0x00, 0x00, 0x00, 0x00, 0x00, 0x12, 0x22, 0x00, 0x00, 0x00, 0x00, 0x01, 0x22, 0x20, 0x00, 0x00, 	//..........++++.........++++.....
0x00, 0x00, 0x00, 0x00, 0x00, 0xef, 0xfd, 0x00, 0x00, 0x00, 0x00, 0x09, 0xff, 0xf3, 0x00, 0x00, 	//..........@@@@.........%@@@+....
0x00, 0x00, 0x00, 0x00, 0x00, 0xff, 0xfb, 0x00, 0x00, 0x00, 0x00, 0x0b, 0xff, 0xf1, 0x00, 0x00, 	//..........@@@%.........%@@@+....
0x00, 0x00, 0x00, 0x00, 0x02, 0xff, 0xf9, 0x00, 0x00, 0x00, 0x00, 0x0d, 0xff, 0xf0, 0x00, 0x00, 	//.........+@@@%.........@@@@.....
0x00, 0x00, 0x00, 0x00, 0x04, 0xff, 0xf7, 0x00, 0x00, 0x00, 0x00, 0x0f, 0xff, 0xd0, 0x00, 0x00, 	//.........+@@@*.........@@@@.....
0x00, 0x00, 0x00, 0x00, 0x06, 0xff, 0xf5, 0x00, 0x00, 0x00, 0x00, 0x1f, 0xff, 0xb0, 0x00, 0x00, 	//.........*@@@+........+@@@%.....
0x00, 0x00, 0x00, 0x00, 0x09, 0xff, 0xf3, 0x00, 0x00, 0x00, 0x00, 0x4f, 0xff, 0x90, 0x00, 0x00, 	//.........%@@@+........+@@@%.....
0x00, 0x00, 0x00, 0x00, 0x0b, 0xff, 0xf1, 0x00, 0x00, 0x00, 0x00, 0x6f, 0xff, 0x70, 0x00, 0x00, 	//.........%@@@+........*@@@*.....
0x00, 0x00, 0x00, 0x00, 0x0d, 0xff, 0xf0, 0x00, 0x00, 0x00, 0x00, 0x8f, 0xff, 0x50, 0x00, 0x00, 	//.........@@@@.........*@@@+.....
0x00, 0x00, 0x00, 0x00, 0x0f, 0xff, 0xd0, 0x00, 0x00, 0x00, 0x00, 0xaf, 0xff, 0x30, 0x00, 0x00, 	//.........@@@@.........%@@@+.....
0x00, 0x00, 0x00, 0x00, 0x1f, 0xff, 0xb0, 0x00, 0x00, 0x00, 0x00, 0xcf, 0xff, 0x10, 0x00, 0x00, 	//........+@@@%.........@@@@+.....
0x00, 0x00, 0x00, 0x00, 0x3f, 0xff, 0x90, 0x00, 0x00, 0x00, 0x00, 0xef, 0xff, 0x00, 0x00, 0x00, 	//........+@@@%.........@@@@......
0x00, 0x00, 0x00, 0x00, 0x5f, 0xff, 0x70, 0x00, 0x00, 0x00, 0x00, 0xff, 0xfd, 0x00, 0x00, 0x00, 	//........+@@@*.........@@@@......
0x00, 0x00, 0x00, 0x00, 0x7f, 0xff, 0x50, 0x00, 0x00, 0x00, 0x02, 0xff, 0xfb, 0x00, 0x00, 0x00, 	//........*@@@+........+@@@%......
0x00, 0xff, 0xff, 0xff, 0xff, 0xff, 0xff, 0xff, 0xff, 0xff, 0xff, 0xff, 0xff, 0xff, 0xff, 0xf6, 	//..@@@@@@@@@@@@@@@@@@@@@@@@@@@@@*
0x00, 0xff, 0xff, 0xff, 0xff, 0xff, 0xff, 0xff, 0xff, 0xff, 0xff, 0xff, 0xff, 0xff, 0xff, 0xf6, 	//..@@@@@@@@@@@@@@@@@@@@@@@@@@@@@*
0x00, 0xff, 0xff, 0xff, 0xff, 0xff, 0xff, 0xff, 0xff, 0xff, 0xff, 0xff, 0xff, 0xff, 0xff, 0xf6, 	//..@@@@@@@@@@@@@@@@@@@@@@@@@@@@@*
0x00, 0xff, 0xff, 0xff, 0xff, 0xff, 0xff, 0xff, 0xff, 0xff, 0xff, 0xff, 0xff, 0xff, 0xff, 0xf6, 	//..@@@@@@@@@@@@@@@@@@@@@@@@@@@@@*
0x00, 0x00, 0x00, 0x00, 0xff, 0xfb, 0x00, 0x00, 0x00, 0x00, 0x0b, 0xff, 0xf1, 0x00, 0x00, 0x00, 	//........@@@%.........%@@@+......
0x00, 0x00, 0x00, 0x02, 0xff, 0xf9, 0x00, 0x00, 0x00, 0x00, 0x0d, 0xff, 0xf0, 0x00, 0x00, 0x00, 	//.......+@@@%.........@@@@.......
0x00, 0x00, 0x00, 0x04, 0xff, 0xf7, 0x00, 0x00, 0x00, 0x00, 0x0f, 0xff, 0xd0, 0x00, 0x00, 0x00, 	//.......+@@@*.........@@@@.......
0x00, 0x00, 0x00, 0x06, 0xff, 0xf5, 0x00, 0x00, 0x00, 0x00, 0x2f, 0xff, 0xb0, 0x00, 0x00, 0x00, 	//.......*@@@+........+@@@%.......
0x00, 0x00, 0x00, 0x08, 0xff, 0xf3, 0x00, 0x00, 0x00, 0x00, 0x4f, 0xff, 0x90, 0x00, 0x00, 0x00, 	//.......*@@@+........+@@@%.......
0x00, 0x00, 0x00, 0x0b, 0xff, 0xf1, 0x00, 0x00, 0x00, 0x00, 0x6f, 0xff, 0x70, 0x00, 0x00, 0x00, 	//.......%@@@+........*@@@*.......
0x00, 0x00, 0x00, 0x0d, 0xff, 0xf0, 0x00, 0x00, 0x00, 0x00, 0x8f, 0xff, 0x40, 0x00, 0x00, 0x00, 	//.......@@@@.........*@@@+.......
0x00, 0x00, 0x00, 0x0f, 0xff, 0xc0, 0x00, 0x00, 0x00, 0x00, 0xaf, 0xff, 0x20, 0x00, 0x00, 0x00, 	//.......@@@@.........%@@@+.......
0x00, 0x00, 0x00, 0x1f, 0xff, 0xa0, 0x00, 0x00, 0x00, 0x00, 0xcf, 0xff, 0x00, 0x00, 0x00, 0x00, 	//......+@@@%.........@@@@........
0x00, 0x00, 0x00, 0x3f, 0xff, 0x80, 0x00, 0x00, 0x00, 0x00, 0xef, 0xfe, 0x00, 0x00, 0x00, 0x00, 	//......+@@@*.........@@@@........
0x7f, 0xff, 0xff, 0xff, 0xff, 0xff, 0xff, 0xff, 0xff, 0xff, 0xff, 0xff, 0xff, 0xff, 0xff, 0x00, 	//*@@@@@@@@@@@@@@@@@@@@@@@@@@@@@..
0x7f, 0xff, 0xff, 0xff, 0xff, 0xff, 0xff, 0xff, 0xff, 0xff, 0xff, 0xff, 0xff, 0xff, 0xff, 0x00, 	//*@@@@@@@@@@@@@@@@@@@@@@@@@@@@@..
0x7f, 0xff, 0xff, 0xff, 0xff, 0xff, 0xff, 0xff, 0xff, 0xff, 0xff, 0xff, 0xff, 0xff, 0xff, 0x00, 	//*@@@@@@@@@@@@@@@@@@@@@@@@@@@@@..
0x7f, 0xff, 0xff, 0xff, 0xff, 0xff, 0xff, 0xff, 0xff, 0xff, 0xff, 0xff, 0xff, 0xff, 0xff, 0x00, 	//*@@@@@@@@@@@@@@@@@@@@@@@@@@@@@..
0x00, 0x00, 0x00, 0xef, 0xff, 0x00, 0x00, 0x00, 0x00, 0x09, 0xff, 0xf4, 0x00, 0x00, 0x00, 0x00, 	//......@@@@.........%@@@+........
0x00, 0x00, 0x00, 0xff, 0xfd, 0x00, 0x00, 0x00, 0x00, 0x0a, 0xff, 0xf2, 0x00, 0x00, 0x00, 0x00, 	//......@@@@.........%@@@+........
0x00, 0x00, 0x01, 0xff, 0xfb, 0x00, 0x00, 0x00, 0x00, 0x0c, 0xff, 0xf0, 0x00, 0x00, 0x00, 0x00, 	//.....+@@@%.........@@@@.........
0x00, 0x00, 0x03, 0xff, 0xf9, 0x00, 0x00, 0x00, 0x00, 0x0e, 0xff, 0xe0, 0x00, 0x00, 0x00, 0x00, 	//.....+@@@%.........@@@@.........
0x00, 0x00, 0x05, 0xff, 0xf7, 0x00, 0x00, 0x00, 0x00, 0x0f, 0xff, 0xd0, 0x00, 0x00, 0x00, 0x00, 	//.....+@@@*.........@@@@.........
0x00, 0x00, 0x07, 0xff, 0xf5, 0x00, 0x00, 0x00, 0x00, 0x2f, 0xff, 0xb0, 0x00, 0x00, 0x00, 0x00, 	//.....*@@@+........+@@@%.........
0x00, 0x00, 0x08, 0xff, 0xf3, 0x00, 0x00, 0x00, 0x00, 0x3f, 0xff, 0x90, 0x00, 0x00, 0x00, 0x00, 	//.....*@@@+........+@@@%.........
0x00, 0x00, 0x0a, 0xff, 0xf1, 0x00, 0x00, 0x00, 0x00, 0x5f, 0xff, 0x70, 0x00, 0x00, 0x00, 0x00, 	//.....%@@@+........+@@@*.........
0x00, 0x00, 0x0c, 0xff, 0xf0, 0x00, 0x00, 0x00, 0x00, 0x7f, 0xff, 0x50, 0x00, 0x00, 0x00, 0x00, 	//.....@@@@.........*@@@+.........
0x00, 0x00, 0x0e, 0xff, 0xe0, 0x00, 0x00, 0x00, 0x00, 0x9f, 0xff, 0x30, 0x00, 0x00, 0x00, 0x00, 	//.....@@@@.........%@@@+.........
0x00, 0x00, 0x0f, 0xff, 0xc0, 0x00, 0x00, 0x00, 0x00, 0xbf, 0xff, 0x10, 0x00, 0x00, 0x00, 0x00, 	//.....@@@@.........%@@@+.........
0x00, 0x00, 0x2f, 0xff, 0xa0, 0x00, 0x00, 0x00, 0x00, 0xdf, 0xff, 0x00, 0x00, 0x00, 0x00, 0x00, 	//....+@@@%.........@@@@..........
0x00, 0x00, 0x4f, 0xff, 0x80, 0x00, 0x00, 0x00, 0x00, 0xff, 0xfe, 0x00, 0x00, 0x00, 0x00, 0x00, 	//....+@@@*.........@@@@..........
0x00, 0x00, 0x5f, 0xff, 0x60, 0x00, 0x00, 0x00, 0x00, 0xff, 0xfc, 0x00, 0x00, 0x00, 0x00, 0x00, 	//....+@@@*.........@@@@..........
0x00, 0x00, 0x7f, 0xff, 0x40, 0x00, 0x00, 0x00, 0x02, 0xff, 0xfa, 0x00, 0x00, 0x00, 0x00, 0x00, 	//....*@@@+........+@@@%..........


/* $ */
0x00, 0x00, 0x00, 0x00, 0x00, 0x00, 0x1f, 0xff, 0xf2, 0x00, 0x00, 0x00, 0x00, 0x00, 0x00, 	//............+@@@@+............
0x00, 0x00, 0x00, 0x00, 0x00, 0x00, 0x1f, 0xff, 0xf2, 0x00, 0x00, 0x00, 0x00, 0x00, 0x00, 	//............+@@@@+............
0x00, 0x00, 0x00, 0x00, 0x00, 0x00, 0x1f, 0xff, 0xf2, 0x00, 0x00, 0x00, 0x00, 0x00, 0x00, 	//............+@@@@+............
0x00, 0x00, 0x00, 0x00, 0x00, 0x00, 0x1f, 0xff, 0xf2, 0x00, 0x00, 0x00, 0x00, 0x00, 0x00, 	//............+@@@@+............
0x00, 0x00, 0x00, 0x00, 0x00, 0x00, 0x1f, 0xff, 0xf2, 0x00, 0x00, 0x00, 0x00, 0x00, 0x00, 	//............+@@@@+............
0x00, 0x00, 0x00, 0x00, 0x00, 0x00, 0x1f, 0xff, 0xf2, 0x00, 0x00, 0x00, 0x00, 0x00, 0x00, 	//............+@@@@+............
0x00, 0x00, 0x00, 0x00, 0x00, 0x00, 0x1f, 0xff, 0xf2, 0x00, 0x00, 0x00, 0x00, 0x00, 0x00, 	//............+@@@@+............
0x00, 0x00, 0x00, 0x00, 0x00, 0x27, 0xaf, 0xff, 0xfe, 0xb8, 0x30, 0x00, 0x00, 0x00, 0x00, 	//..........+*%@@@@@%*+.........
0x00, 0x00, 0x00, 0x00, 0x4c, 0xff, 0xff, 0xff, 0xff, 0xff, 0xfc, 0x50, 0x00, 0x00, 0x00, 	//........+@@@@@@@@@@@@@+.......
0x00, 0x00, 0x00, 0x1a, 0xff, 0xff, 0xff, 0xff, 0xff, 0xff, 0xff, 0xfc, 0x20, 0x00, 0x00, 	//......+%@@@@@@@@@@@@@@@@+.....
0x00, 0x00, 0x01, 0xdf, 0xff, 0xff, 0xff, 0xff, 0xff, 0xff, 0xff, 0xff, 0xf5, 0x00, 0x00, 	//.....+@@@@@@@@@@@@@@@@@@@+....
0x00, 0x00, 0x0d, 0xff, 0xff, 0xff, 0xff, 0xff, 0xff, 0xff, 0xff, 0xff, 0xff, 0x60, 0x00, 	//.....@@@@@@@@@@@@@@@@@@@@@*...
0x00, 0x00, 0x9f, 0xff, 0xff, 0xfe, 0x63, 0x00, 0x01, 0x5b, 0xff, 0xff, 0xff, 0xe1, 0x00, 	//....%@@@@@@@*+...++%@@@@@@@+..
0x00, 0x02, 0xff, 0xff, 0xff, 0x90, 0x00, 0x00, 0x00, 0x00, 0x2c, 0xff, 0xff, 0x40, 0x00, 	//...+@@@@@@%.........+@@@@@+...
0x00, 0x09, 0xff, 0xff, 0xfa, 0x00, 0x00, 0x00, 0x00, 0x00, 0x00, 0x7f, 0xf5, 0x00, 0x00, 	//...%@@@@@%............*@@+....
0x00, 0x0e, 0xff, 0xff, 0xe1, 0x00, 0x00, 0x00, 0x00, 0x00, 0x00, 0x05, 0x70, 0x00, 0x00, 	//...@@@@@@+.............+*.....
0x00, 0x2f, 0xff, 0xff, 0x80, 0x00, 0x00, 0x00, 0x00, 0x00, 0x00, 0x00, 0x00, 0x00, 0x00, 	//..+@@@@@*.....................
0x00, 0x4f, 0xff, 0xff, 0x40, 0x00, 0x00, 0x00, 0x00, 0x00, 0x00, 0x00, 0x00, 0x00, 0x00, 	//..+@@@@@+.....................
0x00, 0x6f, 0xff, 0xff, 0x30, 0x00, 0x00, 0x00, 0x00, 0x00, 0x00, 0x00, 0x00, 0x00, 0x00, 	//..*@@@@@+.....................
0x00, 0x6f, 0xff, 0xff, 0x40, 0x00, 0x00, 0x00, 0x00, 0x00, 0x00, 0x00, 0x00, 0x00, 0x00, 	//..*@@@@@+.....................
0x00, 0x4f, 0xff, 0xff, 0x60, 0x00, 0x00, 0x00, 0x00, 0x00, 0x00, 0x00, 0x00, 0x00, 0x00, 	//..+@@@@@*.....................
0x00, 0x3f, 0xff, 0xff, 0xc0, 0x00, 0x00, 0x00, 0x00, 0x00, 0x00, 0x00, 0x00, 0x00, 0x00, 	//..+@@@@@@.....................
0x00, 0x0e, 0xff, 0xff, 0xf5, 0x00, 0x00, 0x00, 0x00, 0x00, 0x00, 0x00, 0x00, 0x00, 0x00, 	//...@@@@@@+....................
0x00, 0x09, 0xff, 0xff, 0xff, 0x30, 0x00, 0x00, 0x00, 0x00, 0x00, 0x00, 0x00, 0x00, 0x00, 	//...%@@@@@@+...................
0x00, 0x01, 0xff, 0xff, 0xff, 0xf5, 0x00, 0x00, 0x00, 0x00, 0x00, 0x00, 0x00, 0x00, 0x00, 	//...+@@@@@@@+..................
0x00, 0x00, 0x7f, 0xff, 0xff, 0xff, 0xb2, 0x00, 0x00, 0x00, 0x00, 0x00, 0x00, 0x00, 0x00, 	//....*@@@@@@@%+................
0x00, 0x00, 0x09, 0xff, 0xff, 0xff, 0xff, 0x81, 0x00, 0x00, 0x00, 0x00, 0x00, 0x00, 0x00, 	//.....%@@@@@@@@*+..............
0x00, 0x00, 0x00, 0x7f, 0xff, 0xff, 0xff, 0xff, 0x81, 0x00, 0x00, 0x00, 0x00, 0x00, 0x00, 	//......*@@@@@@@@@*+............
0x00, 0x00, 0x00, 0x04, 0xef, 0xff, 0xff, 0xff, 0xff, 0x80, 0x00, 0x00, 0x00, 0x00, 0x00, 	//.......+@@@@@@@@@@*...........
0x00, 0x00, 0x00, 0x00, 0x1a, 0xff, 0xff, 0xff, 0xff, 0xfe, 0x60, 0x00, 0x00, 0x00, 0x00, 	//........+%@@@@@@@@@@*.........
0x00, 0x00, 0x00, 0x00, 0x00, 0x3c, 0xff, 0xff, 0xff, 0xff, 0xfd, 0x20, 0x00, 0x00, 0x00, 	//..........+@@@@@@@@@@@+.......
0x00, 0x00, 0x00, 0x00, 0x00, 0x00, 0x4d, 0xff, 0xff, 0xff, 0xff, 0xf5, 0x00, 0x00, 0x00, 	//............+@@@@@@@@@@+......
0x00, 0x00, 0x00, 0x00, 0x00, 0x00, 0x00, 0x5d, 0xff, 0xff, 0xff, 0xff, 0x70, 0x00, 0x00, 	//..............+@@@@@@@@@*.....
0x00, 0x00, 0x00, 0x00, 0x00, 0x00, 0x00, 0x00, 0x7f, 0xff, 0xff, 0xff, 0xf7, 0x00, 0x00, 	//................*@@@@@@@@*....
0x00, 0x00, 0x00, 0x00, 0x00, 0x00, 0x00, 0x00, 0x02, 0xcf, 0xff, 0xff, 0xff, 0x30, 0x00, 	//.................+@@@@@@@@+...
0x00, 0x00, 0x00, 0x00, 0x00, 0x00, 0x00, 0x00, 0x00, 0x08, 0xff, 0xff, 0xff, 0xc0, 0x00, 	//...................*@@@@@@@...
0x00, 0x00, 0x00, 0x00, 0x00, 0x00, 0x00, 0x00, 0x00, 0x00, 0x8f, 0xff, 0xff, 0xf4, 0x00, 	//....................*@@@@@@+..
0x00, 0x00, 0x00, 0x00, 0x00, 0x00, 0x00, 0x00, 0x00, 0x00, 0x0c, 0xff, 0xff, 0xf9, 0x00, 	//.....................@@@@@@%..
0x00, 0x00, 0x00, 0x00, 0x00, 0x00, 0x00, 0x00, 0x00, 0x00, 0x03, 0xff, 0xff, 0xfe, 0x00, 	//.....................+@@@@@@..
0x00, 0x00, 0x00, 0x00, 0x00, 0x00, 0x00, 0x00, 0x00, 0x00, 0x00, 0xdf, 0xff, 0xff, 0x00, 	//......................@@@@@@..
0x00, 0x00, 0x00, 0x00, 0x00, 0x00, 0x00, 0x00, 0x00, 0x00, 0x00, 0xaf, 0xff, 0xff, 0x20, 	//......................%@@@@@+.
0x00, 0x00, 0x00, 0x00, 0x00, 0x00, 0x00, 0x00, 0x00, 0x00, 0x00, 0x8f, 0xff, 0xff, 0x30, 	//......................*@@@@@+.
0x00, 0x00, 0x00, 0x00, 0x00, 0x00, 0x00, 0x00, 0x00, 0x00, 0x00, 0x8f, 0xff, 0xff, 0x20, 	//......................*@@@@@+.
0x00, 0x00, 0x00, 0x00, 0x00, 0x00, 0x00, 0x00, 0x00, 0x00, 0x00, 0x9f, 0xff, 0xff, 0x00, 	//......................%@@@@@..
0x00, 0x03, 0x00, 0x00, 0x00, 0x00, 0x00, 0x00, 0x00, 0x00, 0x00, 0xdf, 0xff, 0xfd, 0x00, 	//...+..................@@@@@@..
0x00, 0x3f, 0xa0, 0x00, 0x00, 0x00, 0x00, 0x00, 0x00, 0x00, 0x04, 0xff, 0xff, 0xf9, 0x00, 	//..+@%................+@@@@@%..
0x00, 0xdf, 0xfd, 0x40, 0x00, 0x00, 0x00, 0x00, 0x00, 0x00, 0x0d, 0xff, 0xff, 0xf4, 0x00, 	//..@@@@+..............@@@@@@+..
0x09, 0xff, 0xff, 0xfb, 0x20, 0x00, 0x00, 0x00, 0x00, 0x03, 0xcf, 0xff, 0xff, 0xc0, 0x00, 	//.%@@@@@%+..........+@@@@@@@...
0x1f, 0xff, 0xff, 0xff, 0xfc, 0x72, 0x00, 0x00, 0x03, 0x9f, 0xff, 0xff, 0xff, 0x30, 0x00, 	//+@@@@@@@@@*+.....+%@@@@@@@+...
0x02, 0xdf, 0xff, 0xff, 0xff, 0xff, 0xfe, 0xdd, 0xff, 0xff, 0xff, 0xff, 0xf7, 0x00, 0x00, 	//.+@@@@@@@@@@@@@@@@@@@@@@@*....
0x00, 0x0a, 0xff, 0xff, 0xff, 0xff, 0xff, 0xff, 0xff, 0xff, 0xff, 0xff, 0x80, 0x00, 0x00, 	//...%@@@@@@@@@@@@@@@@@@@@*.....
0x00, 0x00, 0x3b, 0xff, 0xff, 0xff, 0xff, 0xff, 0xff, 0xff, 0xff, 0xe6, 0x00, 0x00, 0x00, 	//....+%@@@@@@@@@@@@@@@@@*......
0x00, 0x00, 0x00, 0x39, 0xff, 0xff, 0xff, 0xff, 0xff, 0xff, 0xf9, 0x10, 0x00, 0x00, 0x00, 	//......+%@@@@@@@@@@@@@%+.......
0x00, 0x00, 0x00, 0x00, 0x05, 0x8b, 0xef, 0xff, 0xfd, 0x95, 0x00, 0x00, 0x00, 0x00, 0x00, 	//.........+*%@@@@@@%+..........
0x00, 0x00, 0x00, 0x00, 0x00, 0x00, 0x1f, 0xff, 0xf2, 0x00, 0x00, 0x00, 0x00, 0x00, 0x00, 	//............+@@@@+............
0x00, 0x00, 0x00, 0x00, 0x00, 0x00, 0x1f, 0xff, 0xf2, 0x00, 0x00, 0x00, 0x00, 0x00, 0x00, 	//............+@@@@+............
0x00, 0x00, 0x00, 0x00, 0x00, 0x00, 0x1f, 0xff, 0xf2, 0x00, 0x00, 0x00, 0x00, 0x00, 0x00, 	//............+@@@@+............
0x00, 0x00, 0x00, 0x00, 0x00, 0x00, 0x1f, 0xff, 0xf2, 0x00, 0x00, 0x00, 0x00, 0x00, 0x00, 	//............+@@@@+............
0x00, 0x00, 0x00, 0x00, 0x00, 0x00, 0x1f, 0xff, 0xf2, 0x00, 0x00, 0x00, 0x00, 0x00, 0x00, 	//............+@@@@+............
0x00, 0x00, 0x00, 0x00, 0x00, 0x00, 0x1f, 0xff, 0xf2, 0x00, 0x00, 0x00, 0x00, 0x00, 0x00, 	//............+@@@@+............
0x00, 0x00, 0x00, 0x00, 0x00, 0x00, 0x1f, 0xff, 0xf2, 0x00, 0x00, 0x00, 0x00, 0x00, 0x00, 	//............+@@@@+............


/* % */
0x00, 0x00, 0x00, 0x04, 0xad, 0xef, 0xdb, 0x50, 0x00, 0x00, 0x00, 0x00, 0x00, 0x00, 0x00, 0x00, 0x00, 0x00, 0x00, 0xdf, 0xff, 0x10, 0x00, 0x00, 0x00, 0x00, 0x00, 0x00, 	//.......+%@@@@%+.......................@@@@+.............
0x00, 0x00, 0x03, 0xdf, 0xff, 0xff, 0xff, 0xfe, 0x50, 0x00, 0x00, 0x00, 0x00, 0x00, 0x00, 0x00, 0x00, 0x00, 0x06, 0xff, 0xf8, 0x00, 0x00, 0x00, 0x00, 0x00, 0x00, 0x00, 	//.....+@@@@@@@@@@+....................*@@@*..............
0x00, 0x00, 0x5f, 0xff, 0xff, 0xff, 0xff, 0xff, 0xf9, 0x00, 0x00, 0x00, 0x00, 0x00, 0x00, 0x00, 0x00, 0x00, 0x0e, 0xff, 0xf1, 0x00, 0x00, 0x00, 0x00, 0x00, 0x00, 0x00, 	//....+@@@@@@@@@@@@%...................@@@@+..............
0x00, 0x04, 0xff, 0xff, 0xfe, 0xaa, 0xdf, 0xff, 0xff, 0x90, 0x00, 0x00, 0x00, 0x00, 0x00, 0x00, 0x00, 0x00, 0x7f, 0xff, 0x70, 0x00, 0x00, 0x00, 0x00, 0x00, 0x00, 0x00, 	//...+@@@@@@%%@@@@@@%.................*@@@*...............
0x00, 0x1e, 0xff, 0xff, 0x50, 0x00, 0x03, 0xef, 0xff, 0xf4, 0x00, 0x00, 0x00, 0x00, 0x00, 0x00, 0x00, 0x01, 0xef, 0xfe, 0x00, 0x00, 0x00, 0x00, 0x00, 0x00, 0x00, 0x00, 	//..+@@@@@+....+@@@@@+...............+@@@@................
0x00, 0x9f, 0xff, 0xf4, 0x00, 0x00, 0x00, 0x1e, 0xff, 0xfd, 0x00, 0x00, 0x00, 0x00, 0x00, 0x00, 0x00, 0x08, 0xff, 0xf6, 0x00, 0x00, 0x00, 0x00, 0x00, 0x00, 0x00, 0x00, 	//..%@@@@+......+@@@@@...............*@@@*................
0x01, 0xff, 0xff, 0x80, 0x00, 0x00, 0x00, 0x05, 0xff, 0xff, 0x50, 0x00, 0x00, 0x00, 0x00, 0x00, 0x00, 0x1f, 0xff, 0xe0, 0x00, 0x00, 0x00, 0x00, 0x00, 0x00, 0x00, 0x00, 	//.+@@@@*........+@@@@+.............+@@@@.................
0x06, 0xff, 0xff, 0x10, 0x00, 0x00, 0x00, 0x00, 0xdf, 0xff, 0xb0, 0x00, 0x00, 0x00, 0x00, 0x00, 0x00, 0x9f, 0xff, 0x50, 0x00, 0x00, 0x00, 0x00, 0x00, 0x00, 0x00, 0x00, 	//.*@@@@+.........@@@@%.............%@@@+.................
0x0c, 0xff, 0xfb, 0x00, 0x00, 0x00, 0x00, 0x00, 0x7f, 0xff, 0xf0, 0x00, 0x00, 0x00, 0x00, 0x00, 0x02, 0xff, 0xfd, 0x00, 0x00, 0x00, 0x00, 0x00, 0x00, 0x00, 0x00, 0x00, 	//.@@@@%..........*@@@@............+@@@@..................
0x0f, 0xff, 0xf6, 0x00, 0x00, 0x00, 0x00, 0x00, 0x3f, 0xff, 0xf3, 0x00, 0x00, 0x00, 0x00, 0x00, 0x0a, 0xff, 0xf5, 0x00, 0x00, 0x00, 0x00, 0x00, 0x00, 0x00, 0x00, 0x00, 	//.@@@@*..........+@@@@+...........%@@@+..................
0x2f, 0xff, 0xf3, 0x00, 0x00, 0x00, 0x00, 0x00, 0x0f, 0xff, 0xf6, 0x00, 0x00, 0x00, 0x00, 0x00, 0x2f, 0xff, 0xc0, 0x00, 0x00, 0x00, 0x00, 0x00, 0x00, 0x00, 0x00, 0x00, 	//+@@@@+...........@@@@*..........+@@@@...................
0x5f, 0xff, 0xf1, 0x00, 0x00, 0x00, 0x00, 0x00, 0x0e, 0xff, 0xf9, 0x00, 0x00, 0x00, 0x00, 0x00, 0xbf, 0xff, 0x40, 0x00, 0x00, 0x00, 0x00, 0x00, 0x00, 0x00, 0x00, 0x00, 	//+@@@@+...........@@@@%..........%@@@+...................
0x6f, 0xff, 0xf0, 0x00, 0x00, 0x00, 0x00, 0x00, 0x0c, 0xff, 0xfa, 0x00, 0x00, 0x00, 0x00, 0x03, 0xff, 0xfb, 0x00, 0x00, 0x00, 0x00, 0x00, 0x00, 0x00, 0x00, 0x00, 0x00, 	//*@@@@............@@@@%.........+@@@%....................
0x7f, 0xff, 0xf0, 0x00, 0x00, 0x00, 0x00, 0x00, 0x0b, 0xff, 0xfb, 0x00, 0x00, 0x00, 0x00, 0x0c, 0xff, 0xf3, 0x00, 0x00, 0x00, 0x00, 0x00, 0x00, 0x00, 0x00, 0x00, 0x00, 	//*@@@@............%@@@%.........@@@@+....................
0x8f, 0xff, 0xe0, 0x00, 0x00, 0x00, 0x00, 0x00, 0x0b, 0xff, 0xfc, 0x00, 0x00, 0x00, 0x00, 0x4f, 0xff, 0xa0, 0x00, 0x00, 0x00, 0x00, 0x00, 0x00, 0x00, 0x00, 0x00, 0x00, 	//*@@@@............%@@@@........+@@@%.....................
0x7f, 0xff, 0xf0, 0x00, 0x00, 0x00, 0x00, 0x00, 0x0b, 0xff, 0xfb, 0x00, 0x00, 0x00, 0x00, 0xdf, 0xff, 0x20, 0x00, 0x00, 0x00, 0x00, 0x00, 0x00, 0x00, 0x00, 0x00, 0x00, 	//*@@@@............%@@@%........@@@@+.....................
0x6f, 0xff, 0xf0, 0x00, 0x00, 0x00, 0x00, 0x00, 0x0c, 0xff, 0xfb, 0x00, 0x00, 0x00, 0x05, 0xff, 0xf9, 0x00, 0x00, 0x00, 0x00, 0x00, 0x00, 0x00, 0x00, 0x00, 0x00, 0x00, 	//*@@@@............@@@@%.......+@@@%......................
0x5f, 0xff, 0xf0, 0x00, 0x00, 0x00, 0x00, 0x00, 0x0d, 0xff, 0xfa, 0x00, 0x00, 0x00, 0x0d, 0xff, 0xf1, 0x00, 0x00, 0x00, 0x00, 0x00, 0x00, 0x00, 0x00, 0x00, 0x00, 0x00, 	//+@@@@............@@@@%.......@@@@+......................
0x3f, 0xff, 0xf2, 0x00, 0x00, 0x00, 0x00, 0x00, 0x0f, 0xff, 0xf8, 0x00, 0x00, 0x00, 0x6f, 0xff, 0x80, 0x00, 0x00, 0x00, 0x00, 0x00, 0x00, 0x00, 0x00, 0x00, 0x00, 0x00, 	//+@@@@+...........@@@@*......*@@@*.......................
0x1f, 0xff, 0xf5, 0x00, 0x00, 0x00, 0x00, 0x00, 0x1f, 0xff, 0xf5, 0x00, 0x00, 0x00, 0xef, 0xff, 0x10, 0x00, 0x00, 0x00, 0x5b, 0xdf, 0xec, 0x93, 0x00, 0x00, 0x00, 0x00, 	//+@@@@+..........+@@@@+......@@@@+.......+%@@@@%+........
0x0e, 0xff, 0xf9, 0x00, 0x00, 0x00, 0x00, 0x00, 0x5f, 0xff, 0xf2, 0x00, 0x00, 0x07, 0xff, 0xf7, 0x00, 0x00, 0x00, 0x5e, 0xff, 0xff, 0xff, 0xff, 0xb1, 0x00, 0x00, 0x00, 	//.@@@@%..........+@@@@+.....*@@@*......+@@@@@@@@@%+......
0x0a, 0xff, 0xfd, 0x00, 0x00, 0x00, 0x00, 0x00, 0xaf, 0xff, 0xe0, 0x00, 0x00, 0x1e, 0xff, 0xe0, 0x00, 0x00, 0x08, 0xff, 0xff, 0xff, 0xff, 0xff, 0xff, 0x30, 0x00, 0x00, 	//.%@@@@..........%@@@@.....+@@@@......*@@@@@@@@@@@@+.....
0x04, 0xff, 0xff, 0x30, 0x00, 0x00, 0x00, 0x01, 0xff, 0xff, 0x80, 0x00, 0x00, 0x8f, 0xff, 0x70, 0x00, 0x00, 0x7f, 0xff, 0xff, 0xda, 0xbe, 0xff, 0xff, 0xe2, 0x00, 0x00, 	//.+@@@@+........+@@@@*.....*@@@*.....*@@@@@@%%@@@@@@+....
0x00, 0xef, 0xff, 0xb0, 0x00, 0x00, 0x00, 0x08, 0xff, 0xff, 0x30, 0x00, 0x01, 0xff, 0xfe, 0x00, 0x00, 0x03, 0xff, 0xff, 0xe4, 0x00, 0x00, 0x8f, 0xff, 0xfd, 0x00, 0x00, 	//..@@@@%........*@@@@+....+@@@@.....+@@@@@+....*@@@@@....
0x00, 0x6f, 0xff, 0xf6, 0x00, 0x00, 0x00, 0x3f, 0xff, 0xfb, 0x00, 0x00, 0x09, 0xff, 0xf6, 0x00, 0x00, 0x0c, 0xff, 0xfe, 0x20, 0x00, 0x00, 0x07, 0xff, 0xff, 0x60, 0x00, 	//..*@@@@*......+@@@@%.....%@@@*.....@@@@@+......*@@@@*...
0x00, 0x0d, 0xff, 0xff, 0x70, 0x00, 0x05, 0xff, 0xff, 0xf2, 0x00, 0x00, 0x2f, 0xff, 0xd0, 0x00, 0x00, 0x4f, 0xff, 0xf5, 0x00, 0x00, 0x00, 0x00, 0xcf, 0xff, 0xe0, 0x00, 	//...@@@@@*....+@@@@@+....+@@@@.....+@@@@+........@@@@@...
0x00, 0x02, 0xff, 0xff, 0xfe, 0xaa, 0xdf, 0xff, 0xff, 0x60, 0x00, 0x00, 0xaf, 0xff, 0x50, 0x00, 0x00, 0x9f, 0xff, 0xd0, 0x00, 0x00, 0x00, 0x00, 0x4f, 0xff, 0xf3, 0x00, 	//...+@@@@@@%%@@@@@@*.....%@@@+.....%@@@@.........+@@@@+..
0x00, 0x00, 0x4f, 0xff, 0xff, 0xff, 0xff, 0xff, 0xf7, 0x00, 0x00, 0x02, 0xff, 0xfc, 0x00, 0x00, 0x00, 0xff, 0xff, 0x70, 0x00, 0x00, 0x00, 0x00, 0x0d, 0xff, 0xf9, 0x00, 	//....+@@@@@@@@@@@@*.....+@@@@......@@@@*..........@@@@%..
0x00, 0x00, 0x02, 0xcf, 0xff, 0xff, 0xff, 0xfe, 0x40, 0x00, 0x00, 0x0b, 0xff, 0xf4, 0x00, 0x00, 0x03, 0xff, 0xff, 0x30, 0x00, 0x00, 0x00, 0x00, 0x09, 0xff, 0xfd, 0x00, 	//.....+@@@@@@@@@@+......%@@@+.....+@@@@+..........%@@@@..
0x00, 0x00, 0x00, 0x03, 0x9d, 0xef, 0xdb, 0x50, 0x00, 0x00, 0x00, 0x3f, 0xff, 0xb0, 0x00, 0x00, 0x06, 0xff, 0xff, 0x00, 0x00, 0x00, 0x00, 0x00, 0x05, 0xff, 0xff, 0x00, 	//.......+%@@@@%+.......+@@@%......*@@@@...........+@@@@..
0x00, 0x00, 0x00, 0x00, 0x00, 0x00, 0x00, 0x00, 0x00, 0x00, 0x00, 0xcf, 0xff, 0x30, 0x00, 0x00, 0x09, 0xff, 0xfc, 0x00, 0x00, 0x00, 0x00, 0x00, 0x03, 0xff, 0xff, 0x30, 	//......................@@@@+......%@@@@...........+@@@@+.
0x00, 0x00, 0x00, 0x00, 0x00, 0x00, 0x00, 0x00, 0x00, 0x00, 0x04, 0xff, 0xfa, 0x00, 0x00, 0x00, 0x0a, 0xff, 0xfa, 0x00, 0x00, 0x00, 0x00, 0x00, 0x00, 0xff, 0xff, 0x40, 	//.....................+@@@%.......%@@@%............@@@@+.
0x00, 0x00, 0x00, 0x00, 0x00, 0x00, 0x00, 0x00, 0x00, 0x00, 0x0c, 0xff, 0xf2, 0x00, 0x00, 0x00, 0x0b, 0xff, 0xf9, 0x00, 0x00, 0x00, 0x00, 0x00, 0x00, 0xff, 0xff, 0x50, 	//.....................@@@@+.......%@@@%............@@@@+.
0x00, 0x00, 0x00, 0x00, 0x00, 0x00, 0x00, 0x00, 0x00, 0x00, 0x5f, 0xff, 0x90, 0x00, 0x00, 0x00, 0x0c, 0xff, 0xf9, 0x00, 0x00, 0x00, 0x00, 0x00, 0x00, 0xff, 0xff, 0x60, 	//....................+@@@%........@@@@%............@@@@*.
0x00, 0x00, 0x00, 0x00, 0x00, 0x00, 0x00, 0x00, 0x00, 0x00, 0xdf, 0xff, 0x10, 0x00, 0x00, 0x00, 0x0c, 0xff, 0xf8, 0x00, 0x00, 0x00, 0x00, 0x00, 0x00, 0xff, 0xff, 0x60, 	//....................@@@@+........@@@@*............@@@@*.
0x00, 0x00, 0x00, 0x00, 0x00, 0x00, 0x00, 0x00, 0x00, 0x06, 0xff, 0xf8, 0x00, 0x00, 0x00, 0x00, 0x0b, 0xff, 0xf9, 0x00, 0x00, 0x00, 0x00, 0x00, 0x00, 0xff, 0xff, 0x50, 	//...................*@@@*.........%@@@%............@@@@+.
0x00, 0x00, 0x00, 0x00, 0x00, 0x00, 0x00, 0x00, 0x00, 0x0e, 0xff, 0xf1, 0x00, 0x00, 0x00, 0x00, 0x0a, 0xff, 0xfa, 0x00, 0x00, 0x00, 0x00, 0x00, 0x00, 0xff, 0xff, 0x40, 	//...................@@@@+.........%@@@%............@@@@+.
0x00, 0x00, 0x00, 0x00, 0x00, 0x00, 0x00, 0x00, 0x00, 0x7f, 0xff, 0x80, 0x00, 0x00, 0x00, 0x00, 0x09, 0xff, 0xfc, 0x00, 0x00, 0x00, 0x00, 0x00, 0x02, 0xff, 0xff, 0x30, 	//..................*@@@*..........%@@@@...........+@@@@+.
0x00, 0x00, 0x00, 0x00, 0x00, 0x00, 0x00, 0x00, 0x00, 0xef, 0xfe, 0x00, 0x00, 0x00, 0x00, 0x00, 0x06, 0xff, 0xfe, 0x00, 0x00, 0x00, 0x00, 0x00, 0x04, 0xff, 0xff, 0x00, 	//..................@@@@...........*@@@@...........+@@@@..
0x00, 0x00, 0x00, 0x00, 0x00, 0x00, 0x00, 0x00, 0x08, 0xff, 0xf7, 0x00, 0x00, 0x00, 0x00, 0x00, 0x03, 0xff, 0xff, 0x10, 0x00, 0x00, 0x00, 0x00, 0x08, 0xff, 0xfd, 0x00, 	//.................*@@@*...........+@@@@+..........*@@@@..
0x00, 0x00, 0x00, 0x00, 0x00, 0x00, 0x00, 0x00, 0x1f, 0xff, 0xe0, 0x00, 0x00, 0x00, 0x00, 0x00, 0x00, 0xff, 0xff, 0x60, 0x00, 0x00, 0x00, 0x00, 0x0c, 0xff, 0xfa, 0x00, 	//................+@@@@.............@@@@*..........@@@@%..
0x00, 0x00, 0x00, 0x00, 0x00, 0x00, 0x00, 0x00, 0x9f, 0xff, 0x60, 0x00, 0x00, 0x00, 0x00, 0x00, 0x00, 0xbf, 0xff, 0xc0, 0x00, 0x00, 0x00, 0x00, 0x2f, 0xff, 0xf4, 0x00, 	//................%@@@*.............%@@@@.........+@@@@+..
0x00, 0x00, 0x00, 0x00, 0x00, 0x00, 0x00, 0x02, 0xff, 0xfd, 0x00, 0x00, 0x00, 0x00, 0x00, 0x00, 0x00, 0x5f, 0xff, 0xf4, 0x00, 0x00, 0x00, 0x00, 0xaf, 0xff, 0xe0, 0x00, 	//...............+@@@@..............+@@@@+........%@@@@...
0x00, 0x00, 0x00, 0x00, 0x00, 0x00, 0x00, 0x0a, 0xff, 0xf5, 0x00, 0x00, 0x00, 0x00, 0x00, 0x00, 0x00, 0x0d, 0xff, 0xfe, 0x10, 0x00, 0x00, 0x05, 0xff, 0xff, 0x70, 0x00, 	//...............%@@@+...............@@@@@+......+@@@@*...
0x00, 0x00, 0x00, 0x00, 0x00, 0x00, 0x00, 0x2f, 0xff, 0xc0, 0x00, 0x00, 0x00, 0x00, 0x00, 0x00, 0x00, 0x04, 0xff, 0xff, 0xd3, 0x00, 0x00, 0x7f, 0xff, 0xfd, 0x00, 0x00, 	//..............+@@@@................+@@@@@+....*@@@@@....
0x00, 0x00, 0x00, 0x00, 0x00, 0x00, 0x00, 0xbf, 0xff, 0x40, 0x00, 0x00, 0x00, 0x00, 0x00, 0x00, 0x00, 0x00, 0x9f, 0xff, 0xff, 0xc9, 0xae, 0xff, 0xff, 0xf3, 0x00, 0x00, 	//..............%@@@+.................%@@@@@@%%@@@@@@+....
0x00, 0x00, 0x00, 0x00, 0x00, 0x00, 0x03, 0xff, 0xfb, 0x00, 0x00, 0x00, 0x00, 0x00, 0x00, 0x00, 0x00, 0x00, 0x0a, 0xff, 0xff, 0xff, 0xff, 0xff, 0xff, 0x40, 0x00, 0x00, 	//.............+@@@%...................%@@@@@@@@@@@@+.....
0x00, 0x00, 0x00, 0x00, 0x00, 0x00, 0x0c, 0xff, 0xf3, 0x00, 0x00, 0x00, 0x00, 0x00, 0x00, 0x00, 0x00, 0x00, 0x00, 0x6f, 0xff, 0xff, 0xff, 0xff, 0xc2, 0x00, 0x00, 0x00, 	//.............@@@@+....................*@@@@@@@@@@+......
0x00, 0x00, 0x00, 0x00, 0x00, 0x00, 0x4f, 0xff, 0xa0, 0x00, 0x00, 0x00, 0x00, 0x00, 0x00, 0x00, 0x00, 0x00, 0x00, 0x01, 0x6b, 0xdf, 0xed, 0x94, 0x00, 0x00, 0x00, 0x00, 	//............+@@@%......................+*%@@@@%+........


/* & */
0x00, 0x00, 0x00, 0x00, 0x00, 0x00, 0x05, 0xad, 0xef, 0xec, 0x72, 0x00, 0x00, 0x00, 0x00, 0x00, 0x00, 0x00, 0x00, 0x00, 0x00, 	//.............+%@@@@@*+....................
0x00, 0x00, 0x00, 0x00, 0x00, 0x06, 0xef, 0xff, 0xff, 0xff, 0xff, 0x90, 0x00, 0x00, 0x00, 0x00, 0x00, 0x00, 0x00, 0x00, 0x00, 	//...........*@@@@@@@@@@%...................
0x00, 0x00, 0x00, 0x00, 0x00, 0xbf, 0xff, 0xff, 0xff, 0xff, 0xff, 0xfd, 0x10, 0x00, 0x00, 0x00, 0x00, 0x00, 0x00, 0x00, 0x00, 	//..........%@@@@@@@@@@@@@+.................
0x00, 0x00, 0x00, 0x00, 0x0c, 0xff, 0xff, 0xff, 0xff, 0xff, 0xff, 0xff, 0xb0, 0x00, 0x00, 0x00, 0x00, 0x00, 0x00, 0x00, 0x00, 	//.........@@@@@@@@@@@@@@@%.................
0x00, 0x00, 0x00, 0x00, 0x8f, 0xff, 0xff, 0xe6, 0x32, 0x5b, 0xff, 0xff, 0xf5, 0x00, 0x00, 0x00, 0x00, 0x00, 0x00, 0x00, 0x00, 	//........*@@@@@@*+++%@@@@@+................
0x00, 0x00, 0x00, 0x02, 0xff, 0xff, 0xfb, 0x10, 0x00, 0x00, 0x9f, 0xff, 0xfd, 0x00, 0x00, 0x00, 0x00, 0x00, 0x00, 0x00, 0x00, 	//.......+@@@@@%+.....%@@@@@................
0x00, 0x00, 0x00, 0x09, 0xff, 0xff, 0xd0, 0x00, 0x00, 0x00, 0x0e, 0xff, 0xff, 0x10, 0x00, 0x00, 0x00, 0x00, 0x00, 0x00, 0x00, 	//.......%@@@@@........@@@@@+...............
0x00, 0x00, 0x00, 0x0e, 0xff, 0xff, 0x50, 0x00, 0x00, 0x00, 0x08, 0xff, 0xff, 0x50, 0x00, 0x00, 0x00, 0x00, 0x00, 0x00, 0x00, 	//.......@@@@@+........*@@@@+...............
0x00, 0x00, 0x00, 0x3f, 0xff, 0xfe, 0x00, 0x00, 0x00, 0x00, 0x06, 0xff, 0xff, 0x60, 0x00, 0x00, 0x00, 0x00, 0x00, 0x00, 0x00, 	//......+@@@@@.........*@@@@*...............
0x00, 0x00, 0x00, 0x5f, 0xff, 0xfb, 0x00, 0x00, 0x00, 0x00, 0x04, 0xff, 0xff, 0x60, 0x00, 0x00, 0x00, 0x00, 0x00, 0x00, 0x00, 	//......+@@@@%.........+@@@@*...............
0x00, 0x00, 0x00, 0x7f, 0xff, 0xf9, 0x00, 0x00, 0x00, 0x00, 0x06, 0xff, 0xff, 0x50, 0x00, 0x00, 0x00, 0x00, 0x00, 0x00, 0x00, 	//......*@@@@%.........*@@@@+...............
0x00, 0x00, 0x00, 0x7f, 0xff, 0xf8, 0x00, 0x00, 0x00, 0x00, 0x0a, 0xff, 0xff, 0x30, 0x00, 0x00, 0x00, 0x00, 0x00, 0x00, 0x00, 	//......*@@@@*.........%@@@@+...............
0x00, 0x00, 0x00, 0x6f, 0xff, 0xf9, 0x00, 0x00, 0x00, 0x00, 0x1f, 0xff, 0xfe, 0x00, 0x00, 0x00, 0x00, 0x00, 0x00, 0x00, 0x00, 	//......*@@@@%........+@@@@@................
0x00, 0x00, 0x00, 0x4f, 0xff, 0xfb, 0x00, 0x00, 0x00, 0x00, 0xbf, 0xff, 0xf8, 0x00, 0x00, 0x00, 0x00, 0x00, 0x00, 0x00, 0x00, 	//......+@@@@%........%@@@@*................
0x00, 0x00, 0x00, 0x1f, 0xff, 0xff, 0x00, 0x00, 0x00, 0x06, 0xff, 0xff, 0xf1, 0x00, 0x00, 0x00, 0x00, 0x00, 0x00, 0x00, 0x00, 	//......+@@@@@.......*@@@@@+................
0x00, 0x00, 0x00, 0x0e, 0xff, 0xff, 0x30, 0x00, 0x00, 0x5f, 0xff, 0xff, 0x70, 0x00, 0x00, 0x00, 0x00, 0x00, 0x00, 0x00, 0x00, 	//.......@@@@@+.....+@@@@@*.................
0x00, 0x00, 0x00, 0x0a, 0xff, 0xff, 0x90, 0x00, 0x07, 0xff, 0xff, 0xfb, 0x00, 0x00, 0x00, 0x00, 0x00, 0x00, 0x00, 0x00, 0x00, 	//.......%@@@@%....*@@@@@%..................
0x00, 0x00, 0x00, 0x05, 0xff, 0xff, 0xf0, 0x00, 0x9f, 0xff, 0xff, 0xc0, 0x00, 0x00, 0x00, 0x00, 0x00, 0x00, 0x00, 0x00, 0x00, 	//.......+@@@@@...%@@@@@@...................
0x00, 0x00, 0x00, 0x00, 0xff, 0xff, 0xf6, 0x2d, 0xff, 0xff, 0xfb, 0x00, 0x00, 0x00, 0x00, 0x00, 0x00, 0x00, 0x00, 0x00, 0x00, 	//........@@@@@*+@@@@@@%....................
0x00, 0x00, 0x00, 0x00, 0xaf, 0xff, 0xfd, 0xff, 0xff, 0xff, 0xa0, 0x00, 0x00, 0x00, 0x00, 0x00, 0x00, 0x00, 0x00, 0x00, 0x00, 	//........%@@@@@@@@@@@%.....................
0x00, 0x00, 0x00, 0x00, 0x3f, 0xff, 0xff, 0xff, 0xff, 0xf9, 0x00, 0x00, 0x00, 0x00, 0x00, 0x00, 0x00, 0x00, 0x00, 0x00, 0x00, 	//........+@@@@@@@@@@%......................
0x00, 0x00, 0x00, 0x00, 0x0b, 0xff, 0xff, 0xff, 0xff, 0x50, 0x00, 0x00, 0x00, 0x00, 0x00, 0x00, 0x00, 0x00, 0x00, 0x00, 0x00, 	//.........%@@@@@@@@+.......................
0x00, 0x00, 0x00, 0x00, 0x1c, 0xff, 0xff, 0xff, 0xd2, 0x00, 0x00, 0x00, 0x00, 0x00, 0x00, 0x00, 0x00, 0x35, 0x55, 0x54, 0x00, 	//........+@@@@@@@@+................++++++..
0x00, 0x00, 0x00, 0x03, 0xef, 0xff, 0xff, 0xff, 0x20, 0x00, 0x00, 0x00, 0x00, 0x00, 0x00, 0x00, 0x00, 0xdf, 0xff, 0xf9, 0x00, 	//.......+@@@@@@@@+.................@@@@@%..
0x00, 0x00, 0x00, 0x7f, 0xff, 0xff, 0xff, 0xff, 0xb0, 0x00, 0x00, 0x00, 0x00, 0x00, 0x00, 0x00, 0x02, 0xff, 0xff, 0xf3, 0x00, 	//......*@@@@@@@@@%................+@@@@@+..
0x00, 0x00, 0x08, 0xff, 0xff, 0xff, 0xff, 0xff, 0xf6, 0x00, 0x00, 0x00, 0x00, 0x00, 0x00, 0x00, 0x07, 0xff, 0xff, 0xe0, 0x00, 	//.....*@@@@@@@@@@@*...............*@@@@@...
0x00, 0x00, 0x7f, 0xff, 0xff, 0xfb, 0xef, 0xff, 0xff, 0x20, 0x00, 0x00, 0x00, 0x00, 0x00, 0x00, 0x0d, 0xff, 0xff, 0x90, 0x00, 	//....*@@@@@@%@@@@@@+..............@@@@@%...
0x00, 0x07, 0xff, 0xff, 0xff, 0x90, 0x4f, 0xff, 0xff, 0xd0, 0x00, 0x00, 0x00, 0x00, 0x00, 0x00, 0x3f, 0xff, 0xff, 0x30, 0x00, 	//...*@@@@@@%.+@@@@@@.............+@@@@@+...
0x00, 0x4f, 0xff, 0xff, 0xf8, 0x00, 0x09, 0xff, 0xff, 0xfb, 0x00, 0x00, 0x00, 0x00, 0x00, 0x00, 0xaf, 0xff, 0xfc, 0x00, 0x00, 	//..+@@@@@@*...%@@@@@%............%@@@@@....
0x00, 0xef, 0xff, 0xff, 0xa0, 0x00, 0x00, 0xdf, 0xff, 0xff, 0x90, 0x00, 0x00, 0x00, 0x00, 0x01, 0xff, 0xff, 0xf6, 0x00, 0x00, 	//..@@@@@@%.....@@@@@@%..........+@@@@@*....
0x07, 0xff, 0xff, 0xfc, 0x00, 0x00, 0x00, 0x2f, 0xff, 0xff, 0xf6, 0x00, 0x00, 0x00, 0x00, 0x08, 0xff, 0xff, 0xe0, 0x00, 0x00, 	//.*@@@@@@......+@@@@@@*.........*@@@@@.....
0x0e, 0xff, 0xff, 0xf3, 0x00, 0x00, 0x00, 0x05, 0xff, 0xff, 0xff, 0x60, 0x00, 0x00, 0x00, 0x1f, 0xff, 0xff, 0x80, 0x00, 0x00, 	//.@@@@@@+.......+@@@@@@*.......+@@@@@*.....
0x3f, 0xff, 0xff, 0xb0, 0x00, 0x00, 0x00, 0x00, 0x8f, 0xff, 0xff, 0xf5, 0x00, 0x00, 0x00, 0x9f, 0xff, 0xfe, 0x10, 0x00, 0x00, 	//+@@@@@%.........*@@@@@@+......%@@@@@+.....
0x7f, 0xff, 0xff, 0x50, 0x00, 0x00, 0x00, 0x00, 0x0a, 0xff, 0xff, 0xff, 0x50, 0x00, 0x02, 0xff, 0xff, 0xf7, 0x00, 0x00, 0x00, 	//*@@@@@+..........%@@@@@@+....+@@@@@*......
0x9f, 0xff, 0xff, 0x20, 0x00, 0x00, 0x00, 0x00, 0x00, 0xcf, 0xff, 0xff, 0xf6, 0x00, 0x0c, 0xff, 0xff, 0xe0, 0x00, 0x00, 0x00, 	//%@@@@@+...........@@@@@@@*...@@@@@@.......
0xaf, 0xff, 0xff, 0x00, 0x00, 0x00, 0x00, 0x00, 0x00, 0x0c, 0xff, 0xff, 0xff, 0x80, 0x6f, 0xff, 0xff, 0x60, 0x00, 0x00, 0x00, 	//%@@@@@.............@@@@@@@*.*@@@@@*.......
0xaf, 0xff, 0xff, 0x10, 0x00, 0x00, 0x00, 0x00, 0x00, 0x01, 0xdf, 0xff, 0xff, 0xfa, 0xff, 0xff, 0xfb, 0x00, 0x00, 0x00, 0x00, 	//%@@@@@+............+@@@@@@@%@@@@@%........
0x8f, 0xff, 0xff, 0x30, 0x00, 0x00, 0x00, 0x00, 0x00, 0x00, 0x1d, 0xff, 0xff, 0xff, 0xff, 0xff, 0xf2, 0x00, 0x00, 0x00, 0x00, 	//*@@@@@+.............+@@@@@@@@@@@@+........
0x7f, 0xff, 0xff, 0x70, 0x00, 0x00, 0x00, 0x00, 0x00, 0x00, 0x01, 0xdf, 0xff, 0xff, 0xff, 0xff, 0x60, 0x00, 0x00, 0x00, 0x00, 	//*@@@@@*..............+@@@@@@@@@@*.........
0x2f, 0xff, 0xff, 0xd0, 0x00, 0x00, 0x00, 0x00, 0x00, 0x00, 0x00, 0x1c, 0xff, 0xff, 0xff, 0xfd, 0x00, 0x00, 0x00, 0x00, 0x00, 	//+@@@@@@...............+@@@@@@@@@..........
0x0e, 0xff, 0xff, 0xf6, 0x00, 0x00, 0x00, 0x00, 0x00, 0x00, 0x00, 0x01, 0xff, 0xff, 0xff, 0xff, 0xc2, 0x00, 0x00, 0x00, 0x00, 	//.@@@@@@*...............+@@@@@@@@@+........
0x07, 0xff, 0xff, 0xff, 0x40, 0x00, 0x00, 0x00, 0x00, 0x00, 0x00, 0x3d, 0xff, 0xff, 0xff, 0xff, 0xff, 0x80, 0x00, 0x00, 0x00, 	//.*@@@@@@+.............+@@@@@@@@@@@*.......
0x00, 0xef, 0xff, 0xff, 0xf6, 0x00, 0x00, 0x00, 0x00, 0x00, 0x18, 0xff, 0xff, 0xff, 0xff, 0xff, 0xff, 0xfe, 0x60, 0x00, 0x00, 	//..@@@@@@@*..........+*@@@@@@@@@@@@@@*.....
0x00, 0x5f, 0xff, 0xff, 0xff, 0xc5, 0x00, 0x00, 0x00, 0x38, 0xef, 0xff, 0xff, 0xfe, 0xdf, 0xff, 0xff, 0xff, 0xfe, 0x82, 0x00, 	//..+@@@@@@@@+......+*@@@@@@@@@@@@@@@@@@*+..
0x00, 0x07, 0xff, 0xff, 0xff, 0xff, 0xfc, 0xbb, 0xce, 0xff, 0xff, 0xff, 0xff, 0xc2, 0x09, 0xff, 0xff, 0xff, 0xff, 0xff, 0x40, 	//...*@@@@@@@@@@%%@@@@@@@@@@@+.%@@@@@@@@@@+.
0x00, 0x00, 0x7f, 0xff, 0xff, 0xff, 0xff, 0xff, 0xff, 0xff, 0xff, 0xff, 0xf9, 0x00, 0x00, 0x3c, 0xff, 0xff, 0xff, 0xff, 0x00, 	//....*@@@@@@@@@@@@@@@@@@@@%....+@@@@@@@@@..
0x00, 0x00, 0x04, 0xef, 0xff, 0xff, 0xff, 0xff, 0xff, 0xff, 0xff, 0xfc, 0x30, 0x00, 0x00, 0x00, 0x5e, 0xff, 0xff, 0xfa, 0x00, 	//.....+@@@@@@@@@@@@@@@@@@+.......+@@@@@@%..
0x00, 0x00, 0x00, 0x06, 0xef, 0xff, 0xff, 0xff, 0xff, 0xff, 0xfb, 0x40, 0x00, 0x00, 0x00, 0x00, 0x00, 0x6d, 0xff, 0xf5, 0x00, 	//.......*@@@@@@@@@@@@@%+...........*@@@@+..
0x00, 0x00, 0x00, 0x00, 0x03, 0x7b, 0xde, 0xfe, 0xdb, 0x95, 0x00, 0x00, 0x00, 0x00, 0x00, 0x00, 0x00, 0x00, 0x38, 0xd1, 0x00, 	//.........+*%@@@@@%%+................+*@+..


/* ' */
0x16, 0x66, 0x66, 0x50, 	//+*****+.
0x3f, 0xff, 0xff, 0xd0, 	//+@@@@@@.
0x3f, 0xff, 0xff, 0xd0, 	//+@@@@@@.
0x3f, 0xff, 0xff, 0xd0, 	//+@@@@@@.
0x2f, 0xff, 0xff, 0xd0, 	//+@@@@@@.
0x2f, 0xff, 0xff, 0xc0, 	//+@@@@@@.
0x2f, 0xff, 0xff, 0xc0, 	//+@@@@@@.
0x1f, 0xff, 0xff, 0xb0, 	//+@@@@@%.
0x0f, 0xff, 0xff, 0xa0, 	//.@@@@@%.
0x0e, 0xff, 0xff, 0x80, 	//.@@@@@*.
0x0c, 0xff, 0xff, 0x70, 	//.@@@@@*.
0x0b, 0xff, 0xff, 0x50, 	//.%@@@@+.
0x09, 0xff, 0xff, 0x40, 	//.%@@@@+.
0x08, 0xff, 0xff, 0x20, 	//.*@@@@+.
0x06, 0xff, 0xff, 0x10, 	//.*@@@@+.
0x04, 0xff, 0xff, 0x00, 	//.+@@@@..
0x03, 0xff, 0xfe, 0x00, 	//.+@@@@..
0x01, 0xff, 0xfc, 0x00, 	//.+@@@@..
0x00, 0xff, 0xfb, 0x00, 	//..@@@%..


/* ( */
0x00, 0x00, 0x00, 0x00, 0x00, 0xc6, 0x00, 	//..........@*..
0x00, 0x00, 0x00, 0x00, 0x08, 0xff, 0xe6, 	//.........*@@@*
0x00, 0x00, 0x00, 0x00, 0x1f, 0xff, 0xf6, 	//........+@@@@*
0x00, 0x00, 0x00, 0x00, 0x9f, 0xff, 0xd0, 	//........%@@@@.
0x00, 0x00, 0x00, 0x02, 0xff, 0xff, 0x50, 	//.......+@@@@+.
0x00, 0x00, 0x00, 0x0a, 0xff, 0xfc, 0x00, 	//.......%@@@@..
0x00, 0x00, 0x00, 0x3f, 0xff, 0xf5, 0x00, 	//......+@@@@+..
0x00, 0x00, 0x00, 0xbf, 0xff, 0xd0, 0x00, 	//......%@@@@...
0x00, 0x00, 0x02, 0xff, 0xff, 0x60, 0x00, 	//.....+@@@@*...
0x00, 0x00, 0x09, 0xff, 0xff, 0x10, 0x00, 	//.....%@@@@+...
0x00, 0x00, 0x0f, 0xff, 0xfa, 0x00, 0x00, 	//.....@@@@%....
0x00, 0x00, 0x6f, 0xff, 0xf4, 0x00, 0x00, 	//....*@@@@+....
0x00, 0x00, 0xbf, 0xff, 0xe0, 0x00, 0x00, 	//....%@@@@.....
0x00, 0x01, 0xff, 0xff, 0x90, 0x00, 0x00, 	//...+@@@@%.....
0x00, 0x06, 0xff, 0xff, 0x50, 0x00, 0x00, 	//...*@@@@+.....
0x00, 0x0b, 0xff, 0xff, 0x00, 0x00, 0x00, 	//...%@@@@......
0x00, 0x0f, 0xff, 0xfb, 0x00, 0x00, 0x00, 	//...@@@@%......
0x00, 0x4f, 0xff, 0xf8, 0x00, 0x00, 0x00, 	//..+@@@@*......
0x00, 0x8f, 0xff, 0xf4, 0x00, 0x00, 0x00, 	//..*@@@@+......
0x00, 0xcf, 0xff, 0xf1, 0x00, 0x00, 0x00, 	//..@@@@@+......
0x00, 0xef, 0xff, 0xd0, 0x00, 0x00, 0x00, 	//..@@@@@.......
0x02, 0xff, 0xff, 0xb0, 0x00, 0x00, 0x00, 	//.+@@@@%.......
0x04, 0xff, 0xff, 0x80, 0x00, 0x00, 0x00, 	//.+@@@@*.......
0x07, 0xff, 0xff, 0x60, 0x00, 0x00, 0x00, 	//.*@@@@*.......
0x09, 0xff, 0xff, 0x30, 0x00, 0x00, 0x00, 	//.%@@@@+.......
0x0b, 0xff, 0xff, 0x20, 0x00, 0x00, 0x00, 	//.%@@@@+.......
0x0d, 0xff, 0xff, 0x10, 0x00, 0x00, 0x00, 	//.@@@@@+.......
0x0e, 0xff, 0xff, 0x00, 0x00, 0x00, 0x00, 	//.@@@@@........
0x0f, 0xff, 0xff, 0x00, 0x00, 0x00, 0x00, 	//.@@@@@........
0x0f, 0xff, 0xfe, 0x00, 0x00, 0x00, 0x00, 	//.@@@@@........
0x0f, 0xff, 0xfd, 0x00, 0x00, 0x00, 0x00, 	//.@@@@@........
0x1f, 0xff, 0xfc, 0x00, 0x00, 0x00, 0x00, 	//+@@@@@........
0x1f, 0xff, 0xfc, 0x00, 0x00, 0x00, 0x00, 	//+@@@@@........
0x1f, 0xff, 0xfc, 0x00, 0x00, 0x00, 0x00, 	//+@@@@@........
0x0f, 0xff, 0xfd, 0x00, 0x00, 0x00, 0x00, 	//.@@@@@........
0x0f, 0xff, 0xfe, 0x00, 0x00, 0x00, 0x00, 	//.@@@@@........
0x0f, 0xff, 0xff, 0x00, 0x00, 0x00, 0x00, 	//.@@@@@........
0x0e, 0xff, 0xff, 0x00, 0x00, 0x00, 0x00, 	//.@@@@@........
0x0c, 0xff, 0xff, 0x10, 0x00, 0x00, 0x00, 	//.@@@@@+.......
0x0b, 0xff, 0xff, 0x20, 0x00, 0x00, 0x00, 	//.%@@@@+.......
0x09, 0xff, 0xff, 0x30, 0x00, 0x00, 0x00, 	//.%@@@@+.......
0x07, 0xff, 0xff, 0x60, 0x00, 0x00, 0x00, 	//.*@@@@*.......
0x04, 0xff, 0xff, 0x80, 0x00, 0x00, 0x00, 	//.+@@@@*.......
0x01, 0xff, 0xff, 0xb0, 0x00, 0x00, 0x00, 	//.+@@@@%.......
0x00, 0xef, 0xff, 0xd0, 0x00, 0x00, 0x00, 	//..@@@@@.......
0x00, 0xbf, 0xff, 0xf1, 0x00, 0x00, 0x00, 	//..%@@@@+......
0x00, 0x8f, 0xff, 0xf4, 0x00, 0x00, 0x00, 	//..*@@@@+......
0x00, 0x3f, 0xff, 0xf8, 0x00, 0x00, 0x00, 	//..+@@@@*......
0x00, 0x0f, 0xff, 0xfb, 0x00, 0x00, 0x00, 	//...@@@@%......
0x00, 0x0b, 0xff, 0xff, 0x00, 0x00, 0x00, 	//...%@@@@......
0x00, 0x06, 0xff, 0xff, 0x50, 0x00, 0x00, 	//...*@@@@+.....
0x00, 0x01, 0xff, 0xff, 0x90, 0x00, 0x00, 	//...+@@@@%.....
0x00, 0x00, 0xbf, 0xff, 0xe0, 0x00, 0x00, 	//....%@@@@.....
0x00, 0x00, 0x5f, 0xff, 0xf4, 0x00, 0x00, 	//....+@@@@+....
0x00, 0x00, 0x0e, 0xff, 0xfa, 0x00, 0x00, 	//.....@@@@%....
0x00, 0x00, 0x08, 0xff, 0xff, 0x10, 0x00, 	//.....*@@@@+...
0x00, 0x00, 0x02, 0xff, 0xff, 0x60, 0x00, 	//.....+@@@@*...
0x00, 0x00, 0x00, 0xbf, 0xff, 0xd0, 0x00, 	//......%@@@@...
0x00, 0x00, 0x00, 0x2f, 0xff, 0xf5, 0x00, 	//......+@@@@+..
0x00, 0x00, 0x00, 0x0a, 0xff, 0xfc, 0x00, 	//.......%@@@@..
0x00, 0x00, 0x00, 0x01, 0xff, 0xff, 0x50, 	//.......+@@@@+.
0x00, 0x00, 0x00, 0x00, 0x8f, 0xff, 0xd0, 	//........*@@@@.
0x00, 0x00, 0x00, 0x00, 0x1f, 0xff, 0xf6, 	//........+@@@@*
0x00, 0x00, 0x00, 0x00, 0x07, 0xff, 0xe6, 	//.........*@@@*
0x00, 0x00, 0x00, 0x00, 0x00, 0xb5, 0x00, 	//..........%+..


/* ) */
0x00, 0x29, 0x90, 0x00, 0x00, 0x00, 0x00, 	//..+%%.........
0x1b, 0xff, 0xf2, 0x00, 0x00, 0x00, 0x00, 	//+%@@@+........
0x0d, 0xff, 0xfa, 0x00, 0x00, 0x00, 0x00, 	//.@@@@%........
0x04, 0xff, 0xff, 0x30, 0x00, 0x00, 0x00, 	//.+@@@@+.......
0x00, 0xcf, 0xff, 0xb0, 0x00, 0x00, 0x00, 	//..@@@@%.......
0x00, 0x3f, 0xff, 0xf4, 0x00, 0x00, 0x00, 	//..+@@@@+......
0x00, 0x0c, 0xff, 0xfc, 0x00, 0x00, 0x00, 	//...@@@@@......
0x00, 0x05, 0xff, 0xff, 0x50, 0x00, 0x00, 	//...+@@@@+.....
0x00, 0x00, 0xdf, 0xff, 0xc0, 0x00, 0x00, 	//....@@@@@.....
0x00, 0x00, 0x7f, 0xff, 0xf2, 0x00, 0x00, 	//....*@@@@+....
0x00, 0x00, 0x1f, 0xff, 0xf9, 0x00, 0x00, 	//....+@@@@%....
0x00, 0x00, 0x0b, 0xff, 0xff, 0x00, 0x00, 	//.....%@@@@....
0x00, 0x00, 0x05, 0xff, 0xff, 0x50, 0x00, 	//.....+@@@@+...
0x00, 0x00, 0x00, 0xff, 0xff, 0xa0, 0x00, 	//......@@@@%...
0x00, 0x00, 0x00, 0xbf, 0xff, 0xf0, 0x00, 	//......%@@@@...
0x00, 0x00, 0x00, 0x6f, 0xff, 0xf5, 0x00, 	//......*@@@@+..
0x00, 0x00, 0x00, 0x1f, 0xff, 0xf9, 0x00, 	//......+@@@@%..
0x00, 0x00, 0x00, 0x0e, 0xff, 0xfd, 0x00, 	//.......@@@@@..
0x00, 0x00, 0x00, 0x0a, 0xff, 0xff, 0x10, 	//.......%@@@@+.
0x00, 0x00, 0x00, 0x06, 0xff, 0xff, 0x50, 	//.......*@@@@+.
0x00, 0x00, 0x00, 0x03, 0xff, 0xff, 0x80, 	//.......+@@@@*.
0x00, 0x00, 0x00, 0x00, 0xff, 0xff, 0xb0, 	//........@@@@%.
0x00, 0x00, 0x00, 0x00, 0xef, 0xff, 0xe0, 	//........@@@@@.
0x00, 0x00, 0x00, 0x00, 0xbf, 0xff, 0xf1, 	//........%@@@@+
0x00, 0x00, 0x00, 0x00, 0x9f, 0xff, 0xf3, 	//........%@@@@+
0x00, 0x00, 0x00, 0x00, 0x7f, 0xff, 0xf4, 	//........*@@@@+
0x00, 0x00, 0x00, 0x00, 0x5f, 0xff, 0xf6, 	//........+@@@@*
0x00, 0x00, 0x00, 0x00, 0x4f, 0xff, 0xf8, 	//........+@@@@*
0x00, 0x00, 0x00, 0x00, 0x3f, 0xff, 0xf9, 	//........+@@@@%
0x00, 0x00, 0x00, 0x00, 0x2f, 0xff, 0xfa, 	//........+@@@@%
0x00, 0x00, 0x00, 0x00, 0x1f, 0xff, 0xfa, 	//........+@@@@%
0x00, 0x00, 0x00, 0x00, 0x1f, 0xff, 0xfb, 	//........+@@@@%
0x00, 0x00, 0x00, 0x00, 0x1f, 0xff, 0xfb, 	//........+@@@@%
0x00, 0x00, 0x00, 0x00, 0x1f, 0xff, 0xfb, 	//........+@@@@%
0x00, 0x00, 0x00, 0x00, 0x2f, 0xff, 0xfa, 	//........+@@@@%
0x00, 0x00, 0x00, 0x00, 0x2f, 0xff, 0xf9, 	//........+@@@@%
0x00, 0x00, 0x00, 0x00, 0x3f, 0xff, 0xf9, 	//........+@@@@%
0x00, 0x00, 0x00, 0x00, 0x4f, 0xff, 0xf8, 	//........+@@@@*
0x00, 0x00, 0x00, 0x00, 0x6f, 0xff, 0xf6, 	//........*@@@@*
0x00, 0x00, 0x00, 0x00, 0x7f, 0xff, 0xf4, 	//........*@@@@+
0x00, 0x00, 0x00, 0x00, 0x9f, 0xff, 0xf3, 	//........%@@@@+
0x00, 0x00, 0x00, 0x00, 0xbf, 0xff, 0xf1, 	//........%@@@@+
0x00, 0x00, 0x00, 0x00, 0xef, 0xff, 0xe0, 	//........@@@@@.
0x00, 0x00, 0x00, 0x00, 0xff, 0xff, 0xb0, 	//........@@@@%.
0x00, 0x00, 0x00, 0x03, 0xff, 0xff, 0x80, 	//.......+@@@@*.
0x00, 0x00, 0x00, 0x06, 0xff, 0xff, 0x50, 	//.......*@@@@+.
0x00, 0x00, 0x00, 0x0a, 0xff, 0xff, 0x10, 	//.......%@@@@+.
0x00, 0x00, 0x00, 0x0e, 0xff, 0xfd, 0x00, 	//.......@@@@@..
0x00, 0x00, 0x00, 0x1f, 0xff, 0xf9, 0x00, 	//......+@@@@%..
0x00, 0x00, 0x00, 0x6f, 0xff, 0xf5, 0x00, 	//......*@@@@+..
0x00, 0x00, 0x00, 0xbf, 0xff, 0xf0, 0x00, 	//......%@@@@...
0x00, 0x00, 0x00, 0xff, 0xff, 0xa0, 0x00, 	//......@@@@%...
0x00, 0x00, 0x05, 0xff, 0xff, 0x50, 0x00, 	//.....+@@@@+...
0x00, 0x00, 0x0b, 0xff, 0xff, 0x00, 0x00, 	//.....%@@@@....
0x00, 0x00, 0x1f, 0xff, 0xf9, 0x00, 0x00, 	//....+@@@@%....
0x00, 0x00, 0x7f, 0xff, 0xf2, 0x00, 0x00, 	//....*@@@@+....
0x00, 0x00, 0xdf, 0xff, 0xb0, 0x00, 0x00, 	//....@@@@%.....
0x00, 0x04, 0xff, 0xff, 0x40, 0x00, 0x00, 	//...+@@@@+.....
0x00, 0x0c, 0xff, 0xfc, 0x00, 0x00, 0x00, 	//...@@@@@......
0x00, 0x3f, 0xff, 0xf3, 0x00, 0x00, 0x00, 	//..+@@@@+......
0x00, 0xcf, 0xff, 0xb0, 0x00, 0x00, 0x00, 	//..@@@@%.......
0x05, 0xff, 0xff, 0x20, 0x00, 0x00, 0x00, 	//.+@@@@+.......
0x0d, 0xff, 0xf9, 0x00, 0x00, 0x00, 0x00, 	//.@@@@%........
0x1a, 0xff, 0xf1, 0x00, 0x00, 0x00, 0x00, 	//+%@@@+........
0x00, 0x18, 0x70, 0x00, 0x00, 0x00, 0x00, 	//..+**.........


/* * */
0x00, 0x00, 0x00, 0x00, 0x0d, 0xff, 0xa0, 0x00, 0x00, 0x00, 0x00, 	//.........@@@%.........
0x00, 0x00, 0x00, 0x00, 0x0f, 0xff, 0xb0, 0x00, 0x00, 0x00, 0x00, 	//.........@@@%.........
0x00, 0x00, 0x00, 0x00, 0x0f, 0xff, 0xd0, 0x00, 0x00, 0x00, 0x00, 	//.........@@@@.........
0x00, 0x00, 0x00, 0x00, 0x1f, 0xff, 0xe0, 0x00, 0x00, 0x00, 0x00, 	//........+@@@@.........
0x00, 0x00, 0x00, 0x00, 0x3f, 0xff, 0xf0, 0x00, 0x00, 0x00, 0x00, 	//........+@@@@.........
0x00, 0x00, 0x00, 0x00, 0x4f, 0xff, 0xf1, 0x00, 0x00, 0x00, 0x00, 	//........+@@@@+........
0x0e, 0xc8, 0x40, 0x00, 0x5f, 0xff, 0xf2, 0x00, 0x15, 0x9d, 0xc0, 	//.@@*+...+@@@@+..++%@@.
0x4f, 0xff, 0xff, 0xc8, 0x9f, 0xff, 0xf8, 0x9d, 0xff, 0xff, 0xf1, 	//+@@@@@@*%@@@@*%@@@@@@+
0xaf, 0xff, 0xff, 0xff, 0xff, 0xff, 0xff, 0xff, 0xff, 0xff, 0xf6, 	//%@@@@@@@@@@@@@@@@@@@@*
0x4b, 0xff, 0xff, 0xff, 0xff, 0xff, 0xff, 0xff, 0xff, 0xff, 0xa3, 	//+%@@@@@@@@@@@@@@@@@@%+
0x00, 0x29, 0xff, 0xff, 0xff, 0xff, 0xff, 0xff, 0xfe, 0x71, 0x00, 	//..+%@@@@@@@@@@@@@@*+..
0x00, 0x00, 0x07, 0xdf, 0xff, 0xff, 0xff, 0xfc, 0x50, 0x00, 0x00, 	//.....*@@@@@@@@@@+.....
0x00, 0x00, 0x00, 0x3f, 0xff, 0xff, 0xff, 0xe0, 0x00, 0x00, 0x00, 	//......+@@@@@@@@.......
0x00, 0x00, 0x00, 0xcf, 0xff, 0xff, 0xff, 0xf8, 0x00, 0x00, 0x00, 	//......@@@@@@@@@*......
0x00, 0x00, 0x05, 0xff, 0xff, 0xff, 0xff, 0xff, 0x20, 0x00, 0x00, 	//.....+@@@@@@@@@@+.....
0x00, 0x00, 0x0e, 0xff, 0xff, 0x56, 0xff, 0xff, 0xb0, 0x00, 0x00, 	//.....@@@@@+*@@@@%.....
0x00, 0x00, 0x9f, 0xff, 0xf7, 0x00, 0x9f, 0xff, 0xf5, 0x00, 0x00, 	//....%@@@@*..%@@@@+....
0x00, 0x02, 0xff, 0xff, 0xa0, 0x00, 0x0b, 0xff, 0xfe, 0x00, 0x00, 	//...+@@@@%....%@@@@....
0x00, 0x0b, 0xff, 0xfc, 0x00, 0x00, 0x01, 0xdf, 0xff, 0x80, 0x00, 	//...%@@@@.....+@@@@*...
0x00, 0x02, 0xdf, 0xd1, 0x00, 0x00, 0x00, 0x2f, 0xfb, 0x10, 0x00, 	//...+@@@+......+@@%+...
0x00, 0x00, 0x08, 0x20, 0x00, 0x00, 0x00, 0x04, 0x60, 0x00, 0x00, 	//.....*+........+*.....


/* + */
0x00, 0x00, 0x00, 0x00, 0x00, 0x00, 0x09, 0xff, 0xff, 0x10, 0x00, 0x00, 0x00, 0x00, 0x00, 0x00, 	//.............%@@@@+.............
0x00, 0x00, 0x00, 0x00, 0x00, 0x00, 0x09, 0xff, 0xff, 0x10, 0x00, 0x00, 0x00, 0x00, 0x00, 0x00, 	//.............%@@@@+.............
0x00, 0x00, 0x00, 0x00, 0x00, 0x00, 0x09, 0xff, 0xff, 0x10, 0x00, 0x00, 0x00, 0x00, 0x00, 0x00, 	//.............%@@@@+.............
0x00, 0x00, 0x00, 0x00, 0x00, 0x00, 0x09, 0xff, 0xff, 0x10, 0x00, 0x00, 0x00, 0x00, 0x00, 0x00, 	//.............%@@@@+.............
0x00, 0x00, 0x00, 0x00, 0x00, 0x00, 0x09, 0xff, 0xff, 0x10, 0x00, 0x00, 0x00, 0x00, 0x00, 0x00, 	//.............%@@@@+.............
0x00, 0x00, 0x00, 0x00, 0x00, 0x00, 0x09, 0xff, 0xff, 0x10, 0x00, 0x00, 0x00, 0x00, 0x00, 0x00, 	//.............%@@@@+.............
0x00, 0x00, 0x00, 0x00, 0x00, 0x00, 0x09, 0xff, 0xff, 0x10, 0x00, 0x00, 0x00, 0x00, 0x00, 0x00, 	//.............%@@@@+.............
0x00, 0x00, 0x00, 0x00, 0x00, 0x00, 0x09, 0xff, 0xff, 0x10, 0x00, 0x00, 0x00, 0x00, 0x00, 0x00, 	//.............%@@@@+.............
0x00, 0x00, 0x00, 0x00, 0x00, 0x00, 0x09, 0xff, 0xff, 0x10, 0x00, 0x00, 0x00, 0x00, 0x00, 0x00, 	//.............%@@@@+.............
0x00, 0x00, 0x00, 0x00, 0x00, 0x00, 0x09, 0xff, 0xff, 0x10, 0x00, 0x00, 0x00, 0x00, 0x00, 0x00, 	//.............%@@@@+.............
0x00, 0x00, 0x00, 0x00, 0x00, 0x00, 0x09, 0xff, 0xff, 0x10, 0x00, 0x00, 0x00, 0x00, 0x00, 0x00, 	//.............%@@@@+.............
0x00, 0x00, 0x00, 0x00, 0x00, 0x00, 0x09, 0xff, 0xff, 0x10, 0x00, 0x00, 0x00, 0x00, 0x00, 0x00, 	//.............%@@@@+.............
0x00, 0x00, 0x00, 0x00, 0x00, 0x00, 0x09, 0xff, 0xff, 0x10, 0x00, 0x00, 0x00, 0x00, 0x00, 0x00, 	//.............%@@@@+.............
0x00, 0x00, 0x00, 0x00, 0x00, 0x00, 0x09, 0xff, 0xff, 0x10, 0x00, 0x00, 0x00, 0x00, 0x00, 0x00, 	//.............%@@@@+.............
0x9f, 0xff, 0xff, 0xff, 0xff, 0xff, 0xff, 0xff, 0xff, 0xff, 0xff, 0xff, 0xff, 0xff, 0xff, 0xf2, 	//%@@@@@@@@@@@@@@@@@@@@@@@@@@@@@@+
0x9f, 0xff, 0xff, 0xff, 0xff, 0xff, 0xff, 0xff, 0xff, 0xff, 0xff, 0xff, 0xff, 0xff, 0xff, 0xf2, 	//%@@@@@@@@@@@@@@@@@@@@@@@@@@@@@@+
0x9f, 0xff, 0xff, 0xff, 0xff, 0xff, 0xff, 0xff, 0xff, 0xff, 0xff, 0xff, 0xff, 0xff, 0xff, 0xf2, 	//%@@@@@@@@@@@@@@@@@@@@@@@@@@@@@@+
0x9f, 0xff, 0xff, 0xff, 0xff, 0xff, 0xff, 0xff, 0xff, 0xff, 0xff, 0xff, 0xff, 0xff, 0xff, 0xf2, 	//%@@@@@@@@@@@@@@@@@@@@@@@@@@@@@@+
0x35, 0x55, 0x55, 0x55, 0x55, 0x55, 0x5b, 0xff, 0xff, 0x65, 0x55, 0x55, 0x55, 0x55, 0x55, 0x50, 	//+++++++++++++%@@@@*++++++++++++.
0x00, 0x00, 0x00, 0x00, 0x00, 0x00, 0x09, 0xff, 0xff, 0x10, 0x00, 0x00, 0x00, 0x00, 0x00, 0x00, 	//.............%@@@@+.............
0x00, 0x00, 0x00, 0x00, 0x00, 0x00, 0x09, 0xff, 0xff, 0x10, 0x00, 0x00, 0x00, 0x00, 0x00, 0x00, 	//.............%@@@@+.............
0x00, 0x00, 0x00, 0x00, 0x00, 0x00, 0x09, 0xff, 0xff, 0x10, 0x00, 0x00, 0x00, 0x00, 0x00, 0x00, 	//.............%@@@@+.............
0x00, 0x00, 0x00, 0x00, 0x00, 0x00, 0x09, 0xff, 0xff, 0x10, 0x00, 0x00, 0x00, 0x00, 0x00, 0x00, 	//.............%@@@@+.............
0x00, 0x00, 0x00, 0x00, 0x00, 0x00, 0x09, 0xff, 0xff, 0x10, 0x00, 0x00, 0x00, 0x00, 0x00, 0x00, 	//.............%@@@@+.............
0x00, 0x00, 0x00, 0x00, 0x00, 0x00, 0x09, 0xff, 0xff, 0x10, 0x00, 0x00, 0x00, 0x00, 0x00, 0x00, 	//.............%@@@@+.............
0x00, 0x00, 0x00, 0x00, 0x00, 0x00, 0x09, 0xff, 0xff, 0x10, 0x00, 0x00, 0x00, 0x00, 0x00, 0x00, 	//.............%@@@@+.............
0x00, 0x00, 0x00, 0x00, 0x00, 0x00, 0x09, 0xff, 0xff, 0x10, 0x00, 0x00, 0x00, 0x00, 0x00, 0x00, 	//.............%@@@@+.............
0x00, 0x00, 0x00, 0x00, 0x00, 0x00, 0x09, 0xff, 0xff, 0x10, 0x00, 0x00, 0x00, 0x00, 0x00, 0x00, 	//.............%@@@@+.............
0x00, 0x00, 0x00, 0x00, 0x00, 0x00, 0x09, 0xff, 0xff, 0x10, 0x00, 0x00, 0x00, 0x00, 0x00, 0x00, 	//.............%@@@@+.............
0x00, 0x00, 0x00, 0x00, 0x00, 0x00, 0x09, 0xff, 0xff, 0x10, 0x00, 0x00, 0x00, 0x00, 0x00, 0x00, 	//.............%@@@@+.............
0x00, 0x00, 0x00, 0x00, 0x00, 0x00, 0x09, 0xff, 0xff, 0x10, 0x00, 0x00, 0x00, 0x00, 0x00, 0x00, 	//.............%@@@@+.............
0x00, 0x00, 0x00, 0x00, 0x00, 0x00, 0x09, 0xff, 0xff, 0x10, 0x00, 0x00, 0x00, 0x00, 0x00, 0x00, 	//.............%@@@@+.............
0x00, 0x00, 0x00, 0x00, 0x00, 0x00, 0x03, 0x55, 0x55, 0x00, 0x00, 0x00, 0x00, 0x00, 0x00, 0x00, 	//.............+++++..............


/* , */
0x00, 0x00, 0x01, 0x10, 0x00, 0x00, 	//.....++.....
0x00, 0x04, 0xdf, 0xfe, 0x70, 0x00, 	//...+@@@@*...
0x00, 0x5f, 0xff, 0xff, 0xfa, 0x00, 	//..+@@@@@@%..
0x00, 0xef, 0xff, 0xff, 0xff, 0x30, 	//..@@@@@@@@+.
0x01, 0xff, 0xff, 0xff, 0xff, 0xa0, 	//.+@@@@@@@@%.
0x01, 0xff, 0xff, 0xff, 0xff, 0xe0, 	//.+@@@@@@@@@.
0x00, 0xdf, 0xff, 0xff, 0xff, 0xf0, 	//..@@@@@@@@@.
0x00, 0x3f, 0xff, 0xff, 0xff, 0xf1, 	//..+@@@@@@@@+
0x00, 0x02, 0xbe, 0xff, 0xff, 0xf1, 	//...+%@@@@@@+
0x00, 0x00, 0x00, 0x5f, 0xff, 0xf0, 	//......+@@@@.
0x00, 0x00, 0x00, 0x7f, 0xff, 0xd0, 	//......*@@@@.
0x00, 0x00, 0x00, 0xaf, 0xff, 0x90, 	//......%@@@%.
0x00, 0x00, 0x02, 0xff, 0xff, 0x40, 	//.....+@@@@+.
0x00, 0x00, 0x0a, 0xff, 0xfd, 0x00, 	//.....%@@@@..
0x00, 0x00, 0x6f, 0xff, 0xf5, 0x00, 	//....*@@@@+..
0x00, 0x06, 0xff, 0xff, 0xc0, 0x00, 	//...*@@@@@...
0x01, 0xaf, 0xff, 0xfe, 0x10, 0x00, 	//.+%@@@@@+...
0x5f, 0xff, 0xff, 0xe3, 0x00, 0x00, 	//+@@@@@@+....
0x3f, 0xff, 0xfd, 0x20, 0x00, 0x00, 	//+@@@@@+.....
0x0d, 0xff, 0x70, 0x00, 0x00, 0x00, 	//.@@@*.......
0x06, 0xa1, 0x00, 0x00, 0x00, 0x00, 	//.*%+........
0x00, 0x00, 0x00, 0x00, 0x00, 0x00, 	//............


/* - */
0x0f, 0xff, 0xff, 0xff, 0xff, 0xff, 0xff, 0xff, 0xf4, 	//.@@@@@@@@@@@@@@@@+
0x0f, 0xff, 0xff, 0xff, 0xff, 0xff, 0xff, 0xff, 0xf4, 	//.@@@@@@@@@@@@@@@@+
0x0f, 0xff, 0xff, 0xff, 0xff, 0xff, 0xff, 0xff, 0xf4, 	//.@@@@@@@@@@@@@@@@+
0x0f, 0xff, 0xff, 0xff, 0xff, 0xff, 0xff, 0xff, 0xf4, 	//.@@@@@@@@@@@@@@@@+
0x07, 0x77, 0x77, 0x77, 0x77, 0x77, 0x77, 0x77, 0x72, 	//.****************+


/* . */
0x00, 0x29, 0xcc, 0x80, 0x00, 	//..+%@@*...
0x03, 0xff, 0xff, 0xfd, 0x00, 	//.+@@@@@@..
0x0d, 0xff, 0xff, 0xff, 0x90, 	//.@@@@@@@%.
0x2f, 0xff, 0xff, 0xff, 0xe0, 	//+@@@@@@@@.
0x4f, 0xff, 0xff, 0xff, 0xf0, 	//+@@@@@@@@.
0x2f, 0xff, 0xff, 0xff, 0xe0, 	//+@@@@@@@@.
0x0e, 0xff, 0xff, 0xff, 0xa0, 	//.@@@@@@@%.
0x04, 0xff, 0xff, 0xfe, 0x10, 	//.+@@@@@@+.
0x00, 0x3b, 0xee, 0xa1, 0x00, 	//..+%@@%+..


/* / */
0x00, 0x00, 0x00, 0x00, 0x00, 0x00, 0x00, 0x00, 0x00, 0x04, 0xff, 0xff, 0x00, 	//...................+@@@@..
0x00, 0x00, 0x00, 0x00, 0x00, 0x00, 0x00, 0x00, 0x00, 0x09, 0xff, 0xfa, 0x00, 	//...................%@@@%..
0x00, 0x00, 0x00, 0x00, 0x00, 0x00, 0x00, 0x00, 0x00, 0x0e, 0xff, 0xf5, 0x00, 	//...................@@@@+..
0x00, 0x00, 0x00, 0x00, 0x00, 0x00, 0x00, 0x00, 0x00, 0x3f, 0xff, 0xf1, 0x00, 	//..................+@@@@+..
0x00, 0x00, 0x00, 0x00, 0x00, 0x00, 0x00, 0x00, 0x00, 0x7f, 0xff, 0xb0, 0x00, 	//..................*@@@%...
0x00, 0x00, 0x00, 0x00, 0x00, 0x00, 0x00, 0x00, 0x00, 0xcf, 0xff, 0x60, 0x00, 	//..................@@@@*...
0x00, 0x00, 0x00, 0x00, 0x00, 0x00, 0x00, 0x00, 0x01, 0xff, 0xff, 0x20, 0x00, 	//.................+@@@@+...
0x00, 0x00, 0x00, 0x00, 0x00, 0x00, 0x00, 0x00, 0x06, 0xff, 0xfd, 0x00, 0x00, 	//.................*@@@@....
0x00, 0x00, 0x00, 0x00, 0x00, 0x00, 0x00, 0x00, 0x0b, 0xff, 0xf8, 0x00, 0x00, 	//.................%@@@*....
0x00, 0x00, 0x00, 0x00, 0x00, 0x00, 0x00, 0x00, 0x0f, 0xff, 0xf3, 0x00, 0x00, 	//.................@@@@+....
0x00, 0x00, 0x00, 0x00, 0x00, 0x00, 0x00, 0x00, 0x5f, 0xff, 0xe0, 0x00, 0x00, 	//................+@@@@.....
0x00, 0x00, 0x00, 0x00, 0x00, 0x00, 0x00, 0x00, 0xaf, 0xff, 0x90, 0x00, 0x00, 	//................%@@@%.....
0x00, 0x00, 0x00, 0x00, 0x00, 0x00, 0x00, 0x00, 0xff, 0xff, 0x40, 0x00, 0x00, 	//................@@@@+.....
0x00, 0x00, 0x00, 0x00, 0x00, 0x00, 0x00, 0x04, 0xff, 0xff, 0x00, 0x00, 0x00, 	//...............+@@@@......
0x00, 0x00, 0x00, 0x00, 0x00, 0x00, 0x00, 0x09, 0xff, 0xfa, 0x00, 0x00, 0x00, 	//...............%@@@%......
0x00, 0x00, 0x00, 0x00, 0x00, 0x00, 0x00, 0x0e, 0xff, 0xf5, 0x00, 0x00, 0x00, 	//...............@@@@+......
0x00, 0x00, 0x00, 0x00, 0x00, 0x00, 0x00, 0x3f, 0xff, 0xf1, 0x00, 0x00, 0x00, 	//..............+@@@@+......
0x00, 0x00, 0x00, 0x00, 0x00, 0x00, 0x00, 0x8f, 0xff, 0xb0, 0x00, 0x00, 0x00, 	//..............*@@@%.......
0x00, 0x00, 0x00, 0x00, 0x00, 0x00, 0x00, 0xcf, 0xff, 0x60, 0x00, 0x00, 0x00, 	//..............@@@@*.......
0x00, 0x00, 0x00, 0x00, 0x00, 0x00, 0x01, 0xff, 0xff, 0x20, 0x00, 0x00, 0x00, 	//.............+@@@@+.......
0x00, 0x00, 0x00, 0x00, 0x00, 0x00, 0x06, 0xff, 0xfd, 0x00, 0x00, 0x00, 0x00, 	//.............*@@@@........
0x00, 0x00, 0x00, 0x00, 0x00, 0x00, 0x0b, 0xff, 0xf8, 0x00, 0x00, 0x00, 0x00, 	//.............%@@@*........
0x00, 0x00, 0x00, 0x00, 0x00, 0x00, 0x0f, 0xff, 0xf3, 0x00, 0x00, 0x00, 0x00, 	//.............@@@@+........
0x00, 0x00, 0x00, 0x00, 0x00, 0x00, 0x5f, 0xff, 0xe0, 0x00, 0x00, 0x00, 0x00, 	//............+@@@@.........
0x00, 0x00, 0x00, 0x00, 0x00, 0x00, 0xaf, 0xff, 0x90, 0x00, 0x00, 0x00, 0x00, 	//............%@@@%.........
0x00, 0x00, 0x00, 0x00, 0x00, 0x00, 0xff, 0xff, 0x40, 0x00, 0x00, 0x00, 0x00, 	//............@@@@+.........
0x00, 0x00, 0x00, 0x00, 0x00, 0x04, 0xff, 0xff, 0x00, 0x00, 0x00, 0x00, 0x00, 	//...........+@@@@..........
0x00, 0x00, 0x00, 0x00, 0x00, 0x09, 0xff, 0xfa, 0x00, 0x00, 0x00, 0x00, 0x00, 	//...........%@@@%..........
0x00, 0x00, 0x00, 0x00, 0x00, 0x0e, 0xff, 0xf5, 0x00, 0x00, 0x00, 0x00, 0x00, 	//...........@@@@+..........
0x00, 0x00, 0x00, 0x00, 0x00, 0x3f, 0xff, 0xf1, 0x00, 0x00, 0x00, 0x00, 0x00, 	//..........+@@@@+..........
0x00, 0x00, 0x00, 0x00, 0x00, 0x8f, 0xff, 0xb0, 0x00, 0x00, 0x00, 0x00, 0x00, 	//..........*@@@%...........
0x00, 0x00, 0x00, 0x00, 0x00, 0xdf, 0xff, 0x70, 0x00, 0x00, 0x00, 0x00, 0x00, 	//..........@@@@*...........
0x00, 0x00, 0x00, 0x00, 0x01, 0xff, 0xff, 0x20, 0x00, 0x00, 0x00, 0x00, 0x00, 	//.........+@@@@+...........
0x00, 0x00, 0x00, 0x00, 0x06, 0xff, 0xfd, 0x00, 0x00, 0x00, 0x00, 0x00, 0x00, 	//.........*@@@@............
0x00, 0x00, 0x00, 0x00, 0x0b, 0xff, 0xf8, 0x00, 0x00, 0x00, 0x00, 0x00, 0x00, 	//.........%@@@*............
0x00, 0x00, 0x00, 0x00, 0x1f, 0xff, 0xf3, 0x00, 0x00, 0x00, 0x00, 0x00, 0x00, 	//........+@@@@+............
0x00, 0x00, 0x00, 0x00, 0x5f, 0xff, 0xe0, 0x00, 0x00, 0x00, 0x00, 0x00, 0x00, 	//........+@@@@.............
0x00, 0x00, 0x00, 0x00, 0xaf, 0xff, 0x90, 0x00, 0x00, 0x00, 0x00, 0x00, 0x00, 	//........%@@@%.............
0x00, 0x00, 0x00, 0x00, 0xff, 0xff, 0x40, 0x00, 0x00, 0x00, 0x00, 0x00, 0x00, 	//........@@@@+.............
0x00, 0x00, 0x00, 0x04, 0xff, 0xff, 0x00, 0x00, 0x00, 0x00, 0x00, 0x00, 0x00, 	//.......+@@@@..............
0x00, 0x00, 0x00, 0x09, 0xff, 0xfa, 0x00, 0x00, 0x00, 0x00, 0x00, 0x00, 0x00, 	//.......%@@@%..............
0x00, 0x00, 0x00, 0x0e, 0xff, 0xf5, 0x00, 0x00, 0x00, 0x00, 0x00, 0x00, 0x00, 	//.......@@@@+..............
0x00, 0x00, 0x00, 0x3f, 0xff, 0xf1, 0x00, 0x00, 0x00, 0x00, 0x00, 0x00, 0x00, 	//......+@@@@+..............
0x00, 0x00, 0x00, 0x8f, 0xff, 0xc0, 0x00, 0x00, 0x00, 0x00, 0x00, 0x00, 0x00, 	//......*@@@@...............
0x00, 0x00, 0x00, 0xdf, 0xff, 0x70, 0x00, 0x00, 0x00, 0x00, 0x00, 0x00, 0x00, 	//......@@@@*...............
0x00, 0x00, 0x02, 0xff, 0xff, 0x20, 0x00, 0x00, 0x00, 0x00, 0x00, 0x00, 0x00, 	//.....+@@@@+...............
0x00, 0x00, 0x06, 0xff, 0xfd, 0x00, 0x00, 0x00, 0x00, 0x00, 0x00, 0x00, 0x00, 	//.....*@@@@................
0x00, 0x00, 0x0b, 0xff, 0xf8, 0x00, 0x00, 0x00, 0x00, 0x00, 0x00, 0x00, 0x00, 	//.....%@@@*................
0x00, 0x00, 0x1f, 0xff, 0xf3, 0x00, 0x00, 0x00, 0x00, 0x00, 0x00, 0x00, 0x00, 	//....+@@@@+................
0x00, 0x00, 0x5f, 0xff, 0xe0, 0x00, 0x00, 0x00, 0x00, 0x00, 0x00, 0x00, 0x00, 	//....+@@@@.................
0x00, 0x00, 0xaf, 0xff, 0x90, 0x00, 0x00, 0x00, 0x00, 0x00, 0x00, 0x00, 0x00, 	//....%@@@%.................
0x00, 0x00, 0xff, 0xff, 0x40, 0x00, 0x00, 0x00, 0x00, 0x00, 0x00, 0x00, 0x00, 	//....@@@@+.................
0x00, 0x04, 0xff, 0xff, 0x00, 0x00, 0x00, 0x00, 0x00, 0x00, 0x00, 0x00, 0x00, 	//...+@@@@..................
0x00, 0x09, 0xff, 0xfa, 0x00, 0x00, 0x00, 0x00, 0x00, 0x00, 0x00, 0x00, 0x00, 	//...%@@@%..................
0x00, 0x0e, 0xff, 0xf5, 0x00, 0x00, 0x00, 0x00, 0x00, 0x00, 0x00, 0x00, 0x00, 	//...@@@@+..................
0x00, 0x3f, 0xff, 0xf1, 0x00, 0x00, 0x00, 0x00, 0x00, 0x00, 0x00, 0x00, 0x00, 	//..+@@@@+..................
0x00, 0x8f, 0xff, 0xc0, 0x00, 0x00, 0x00, 0x00, 0x00, 0x00, 0x00, 0x00, 0x00, 	//..*@@@@...................
0x00, 0xdf, 0xff, 0x70, 0x00, 0x00, 0x00, 0x00, 0x00, 0x00, 0x00, 0x00, 0x00, 	//..@@@@*...................
0x02, 0xff, 0xff, 0x20, 0x00, 0x00, 0x00, 0x00, 0x00, 0x00, 0x00, 0x00, 0x00, 	//.+@@@@+...................
0x07, 0xff, 0xfd, 0x00, 0x00, 0x00, 0x00, 0x00, 0x00, 0x00, 0x00, 0x00, 0x00, 	//.*@@@@....................
0x0b, 0xff, 0xf8, 0x00, 0x00, 0x00, 0x00, 0x00, 0x00, 0x00, 0x00, 0x00, 0x00, 	//.%@@@*....................
0x1f, 0xff, 0xf3, 0x00, 0x00, 0x00, 0x00, 0x00, 0x00, 0x00, 0x00, 0x00, 0x00, 	//+@@@@+....................
0x14, 0x44, 0x40, 0x00, 0x00, 0x00, 0x00, 0x00, 0x00, 0x00, 0x00, 0x00, 0x00, 	//+++++.....................


/* 0 */
0x00, 0x00, 0x00, 0x00, 0x00, 0x39, 0xbd, 0xfe, 0xca, 0x60, 0x00, 0x00, 0x00, 0x00, 0x00, 	//..........+%%@@@@%*...........
0x00, 0x00, 0x00, 0x00, 0x5c, 0xff, 0xff, 0xff, 0xff, 0xff, 0x91, 0x00, 0x00, 0x00, 0x00, 	//........+@@@@@@@@@@@%+........
0x00, 0x00, 0x00, 0x09, 0xff, 0xff, 0xff, 0xff, 0xff, 0xff, 0xfe, 0x30, 0x00, 0x00, 0x00, 	//.......%@@@@@@@@@@@@@@+.......
0x00, 0x00, 0x00, 0xcf, 0xff, 0xff, 0xff, 0xff, 0xff, 0xff, 0xff, 0xf6, 0x00, 0x00, 0x00, 	//......@@@@@@@@@@@@@@@@@*......
0x00, 0x00, 0x0a, 0xff, 0xff, 0xff, 0xfc, 0xab, 0xef, 0xff, 0xff, 0xff, 0x30, 0x00, 0x00, 	//.....%@@@@@@@@%%@@@@@@@@+.....
0x00, 0x00, 0x7f, 0xff, 0xff, 0xf9, 0x10, 0x00, 0x04, 0xdf, 0xff, 0xff, 0xe1, 0x00, 0x00, 	//....*@@@@@@%+....+@@@@@@@+....
0x00, 0x02, 0xff, 0xff, 0xff, 0x50, 0x00, 0x00, 0x00, 0x0b, 0xff, 0xff, 0xfa, 0x00, 0x00, 	//...+@@@@@@+........%@@@@@%....
0x00, 0x09, 0xff, 0xff, 0xf6, 0x00, 0x00, 0x00, 0x00, 0x00, 0xdf, 0xff, 0xff, 0x20, 0x00, 	//...%@@@@@*..........@@@@@@+...
0x00, 0x1f, 0xff, 0xff, 0xc0, 0x00, 0x00, 0x00, 0x00, 0x00, 0x3f, 0xff, 0xff, 0xa0, 0x00, 	//..+@@@@@@...........+@@@@@%...
0x00, 0x9f, 0xff, 0xff, 0x30, 0x00, 0x00, 0x00, 0x00, 0x00, 0x0a, 0xff, 0xff, 0xf1, 0x00, 	//..%@@@@@+............%@@@@@+..
0x00, 0xef, 0xff, 0xfd, 0x00, 0x00, 0x00, 0x00, 0x00, 0x00, 0x04, 0xff, 0xff, 0xf6, 0x00, 	//..@@@@@@.............+@@@@@*..
0x02, 0xff, 0xff, 0xf7, 0x00, 0x00, 0x00, 0x00, 0x00, 0x00, 0x00, 0xef, 0xff, 0xfb, 0x00, 	//.+@@@@@*..............@@@@@%..
0x07, 0xff, 0xff, 0xf2, 0x00, 0x00, 0x00, 0x00, 0x00, 0x00, 0x00, 0x9f, 0xff, 0xff, 0x00, 	//.*@@@@@+..............%@@@@@..
0x0c, 0xff, 0xff, 0xe0, 0x00, 0x00, 0x00, 0x00, 0x00, 0x00, 0x00, 0x5f, 0xff, 0xff, 0x40, 	//.@@@@@@...............+@@@@@+.
0x0e, 0xff, 0xff, 0xa0, 0x00, 0x00, 0x00, 0x00, 0x00, 0x00, 0x00, 0x1f, 0xff, 0xff, 0x70, 	//.@@@@@%...............+@@@@@*.
0x1f, 0xff, 0xff, 0x70, 0x00, 0x00, 0x00, 0x00, 0x00, 0x00, 0x00, 0x0e, 0xff, 0xff, 0xa0, 	//+@@@@@*................@@@@@%.
0x3f, 0xff, 0xff, 0x50, 0x00, 0x00, 0x00, 0x00, 0x00, 0x00, 0x00, 0x0c, 0xff, 0xff, 0xc0, 	//+@@@@@+................@@@@@@.
0x6f, 0xff, 0xff, 0x30, 0x00, 0x00, 0x00, 0x00, 0x00, 0x00, 0x00, 0x0a, 0xff, 0xff, 0xf0, 	//*@@@@@+................%@@@@@.
0x8f, 0xff, 0xff, 0x10, 0x00, 0x00, 0x00, 0x00, 0x00, 0x00, 0x00, 0x08, 0xff, 0xff, 0xf1, 	//*@@@@@+................*@@@@@+
0x9f, 0xff, 0xff, 0x00, 0x00, 0x00, 0x00, 0x00, 0x00, 0x00, 0x00, 0x06, 0xff, 0xff, 0xf2, 	//%@@@@@.................*@@@@@+
0xaf, 0xff, 0xff, 0x00, 0x00, 0x00, 0x00, 0x00, 0x00, 0x00, 0x00, 0x06, 0xff, 0xff, 0xf3, 	//%@@@@@.................*@@@@@+
0xaf, 0xff, 0xfe, 0x00, 0x00, 0x00, 0x00, 0x00, 0x00, 0x00, 0x00, 0x05, 0xff, 0xff, 0xf3, 	//%@@@@@.................+@@@@@+
0xbf, 0xff, 0xfe, 0x00, 0x00, 0x00, 0x00, 0x00, 0x00, 0x00, 0x00, 0x05, 0xff, 0xff, 0xf4, 	//%@@@@@.................+@@@@@+
0xcf, 0xff, 0xfd, 0x00, 0x00, 0x00, 0x00, 0x00, 0x00, 0x00, 0x00, 0x04, 0xff, 0xff, 0xf5, 	//@@@@@@.................+@@@@@+
0xcf, 0xff, 0xfd, 0x00, 0x00, 0x00, 0x00, 0x00, 0x00, 0x00, 0x00, 0x04, 0xff, 0xff, 0xf5, 	//@@@@@@.................+@@@@@+
0xcf, 0xff, 0xfd, 0x00, 0x00, 0x00, 0x00, 0x00, 0x00, 0x00, 0x00, 0x04, 0xff, 0xff, 0xf5, 	//@@@@@@.................+@@@@@+
0xbf, 0xff, 0xfe, 0x00, 0x00, 0x00, 0x00, 0x00, 0x00, 0x00, 0x00, 0x05, 0xff, 0xff, 0xf4, 	//%@@@@@.................+@@@@@+
0xaf, 0xff, 0xfe, 0x00, 0x00, 0x00, 0x00, 0x00, 0x00, 0x00, 0x00, 0x05, 0xff, 0xff, 0xf3, 	//%@@@@@.................+@@@@@+
0xaf, 0xff, 0xff, 0x00, 0x00, 0x00, 0x00, 0x00, 0x00, 0x00, 0x00, 0x06, 0xff, 0xff, 0xf2, 	//%@@@@@.................*@@@@@+
0x9f, 0xff, 0xff, 0x00, 0x00, 0x00, 0x00, 0x00, 0x00, 0x00, 0x00, 0x07, 0xff, 0xff, 0xf2, 	//%@@@@@.................*@@@@@+
0x8f, 0xff, 0xff, 0x20, 0x00, 0x00, 0x00, 0x00, 0x00, 0x00, 0x00, 0x09, 0xff, 0xff, 0xf0, 	//*@@@@@+................%@@@@@.
0x5f, 0xff, 0xff, 0x40, 0x00, 0x00, 0x00, 0x00, 0x00, 0x00, 0x00, 0x0b, 0xff, 0xff, 0xe0, 	//+@@@@@+................%@@@@@.
0x3f, 0xff, 0xff, 0x60, 0x00, 0x00, 0x00, 0x00, 0x00, 0x00, 0x00, 0x0c, 0xff, 0xff, 0xc0, 	//+@@@@@*................@@@@@@.
0x0f, 0xff, 0xff, 0x80, 0x00, 0x00, 0x00, 0x00, 0x00, 0x00, 0x00, 0x0f, 0xff, 0xff, 0x90, 	//.@@@@@*................@@@@@%.
0x0e, 0xff, 0xff, 0xb0, 0x00, 0x00, 0x00, 0x00, 0x00, 0x00, 0x00, 0x2f, 0xff, 0xff, 0x70, 	//.@@@@@%...............+@@@@@*.
0x0b, 0xff, 0xff, 0xf0, 0x00, 0x00, 0x00, 0x00, 0x00, 0x00, 0x00, 0x6f, 0xff, 0xff, 0x30, 	//.%@@@@@...............*@@@@@+.
0x06, 0xff, 0xff, 0xf3, 0x00, 0x00, 0x00, 0x00, 0x00, 0x00, 0x00, 0xaf, 0xff, 0xff, 0x00, 	//.*@@@@@+..............%@@@@@..
0x01, 0xff, 0xff, 0xf8, 0x00, 0x00, 0x00, 0x00, 0x00, 0x00, 0x00, 0xff, 0xff, 0xfa, 0x00, 	//.+@@@@@*..............@@@@@%..
0x00, 0xdf, 0xff, 0xfe, 0x00, 0x00, 0x00, 0x00, 0x00, 0x00, 0x05, 0xff, 0xff, 0xf5, 0x00, 	//..@@@@@@.............+@@@@@+..
0x00, 0x8f, 0xff, 0xff, 0x50, 0x00, 0x00, 0x00, 0x00, 0x00, 0x0c, 0xff, 0xff, 0xf1, 0x00, 	//..*@@@@@+............@@@@@@+..
0x00, 0x1f, 0xff, 0xff, 0xd0, 0x00, 0x00, 0x00, 0x00, 0x00, 0x5f, 0xff, 0xff, 0x90, 0x00, 	//..+@@@@@@...........+@@@@@%...
0x00, 0x08, 0xff, 0xff, 0xf8, 0x00, 0x00, 0x00, 0x00, 0x01, 0xef, 0xff, 0xff, 0x10, 0x00, 	//...*@@@@@*.........+@@@@@@+...
0x00, 0x01, 0xff, 0xff, 0xff, 0x80, 0x00, 0x00, 0x00, 0x1d, 0xff, 0xff, 0xf9, 0x00, 0x00, 	//...+@@@@@@*.......+@@@@@@%....
0x00, 0x00, 0x6f, 0xff, 0xff, 0xfb, 0x30, 0x00, 0x06, 0xef, 0xff, 0xff, 0xd1, 0x00, 0x00, 	//....*@@@@@@%+....*@@@@@@@+....
0x00, 0x00, 0x09, 0xff, 0xff, 0xff, 0xfe, 0xcd, 0xff, 0xff, 0xff, 0xff, 0x20, 0x00, 0x00, 	//.....%@@@@@@@@@@@@@@@@@@+.....
0x00, 0x00, 0x00, 0xbf, 0xff, 0xff, 0xff, 0xff, 0xff, 0xff, 0xff, 0xf5, 0x00, 0x00, 0x00, 	//......%@@@@@@@@@@@@@@@@+......
0x00, 0x00, 0x00, 0x08, 0xff, 0xff, 0xff, 0xff, 0xff, 0xff, 0xfe, 0x30, 0x00, 0x00, 0x00, 	//.......*@@@@@@@@@@@@@@+.......
0x00, 0x00, 0x00, 0x00, 0x4c, 0xff, 0xff, 0xff, 0xff, 0xff, 0x91, 0x00, 0x00, 0x00, 0x00, 	//........+@@@@@@@@@@@%+........
0x00, 0x00, 0x00, 0x00, 0x00, 0x39, 0xbd, 0xfe, 0xca, 0x60, 0x00, 0x00, 0x00, 0x00, 0x00, 	//..........+%%@@@@%*...........


/* 1 */
0x00, 0x00, 0x00, 0x00, 0x00, 0x07, 0xff, 0xff, 0xe0, 0x00, 0x00, 0x00, 0x00, 0x00, 	//...........*@@@@@...........
0x00, 0x00, 0x00, 0x00, 0x29, 0xff, 0xff, 0xff, 0xe0, 0x00, 0x00, 0x00, 0x00, 0x00, 	//........+%@@@@@@@...........
0x00, 0x00, 0x04, 0x8d, 0xff, 0xff, 0xff, 0xff, 0xe0, 0x00, 0x00, 0x00, 0x00, 0x00, 	//.....+*@@@@@@@@@@...........
0x00, 0x2d, 0xff, 0xff, 0xff, 0xff, 0xff, 0xff, 0xe0, 0x00, 0x00, 0x00, 0x00, 0x00, 	//..+@@@@@@@@@@@@@@...........
0x00, 0x4f, 0xff, 0xff, 0xff, 0xff, 0xff, 0xff, 0xe0, 0x00, 0x00, 0x00, 0x00, 0x00, 	//..+@@@@@@@@@@@@@@...........
0x00, 0x4f, 0xff, 0xff, 0xff, 0xff, 0xff, 0xff, 0xe0, 0x00, 0x00, 0x00, 0x00, 0x00, 	//..+@@@@@@@@@@@@@@...........
0x00, 0x4f, 0xff, 0xff, 0xff, 0xff, 0xff, 0xff, 0xe0, 0x00, 0x00, 0x00, 0x00, 0x00, 	//..+@@@@@@@@@@@@@@...........
0x00, 0x00, 0x00, 0x00, 0x00, 0x0e, 0xff, 0xff, 0xe0, 0x00, 0x00, 0x00, 0x00, 0x00, 	//...........@@@@@@...........
0x00, 0x00, 0x00, 0x00, 0x00, 0x0d, 0xff, 0xff, 0xe0, 0x00, 0x00, 0x00, 0x00, 0x00, 	//...........@@@@@@...........
0x00, 0x00, 0x00, 0x00, 0x00, 0x0d, 0xff, 0xff, 0xe0, 0x00, 0x00, 0x00, 0x00, 0x00, 	//...........@@@@@@...........
0x00, 0x00, 0x00, 0x00, 0x00, 0x0d, 0xff, 0xff, 0xe0, 0x00, 0x00, 0x00, 0x00, 0x00, 	//...........@@@@@@...........
0x00, 0x00, 0x00, 0x00, 0x00, 0x0d, 0xff, 0xff, 0xe0, 0x00, 0x00, 0x00, 0x00, 0x00, 	//...........@@@@@@...........
0x00, 0x00, 0x00, 0x00, 0x00, 0x0d, 0xff, 0xff, 0xe0, 0x00, 0x00, 0x00, 0x00, 0x00, 	//...........@@@@@@...........
0x00, 0x00, 0x00, 0x00, 0x00, 0x0d, 0xff, 0xff, 0xe0, 0x00, 0x00, 0x00, 0x00, 0x00, 	//...........@@@@@@...........
0x00, 0x00, 0x00, 0x00, 0x00, 0x0d, 0xff, 0xff, 0xe0, 0x00, 0x00, 0x00, 0x00, 0x00, 	//...........@@@@@@...........
0x00, 0x00, 0x00, 0x00, 0x00, 0x0d, 0xff, 0xff, 0xe0, 0x00, 0x00, 0x00, 0x00, 0x00, 	//...........@@@@@@...........
0x00, 0x00, 0x00, 0x00, 0x00, 0x0d, 0xff, 0xff, 0xe0, 0x00, 0x00, 0x00, 0x00, 0x00, 	//...........@@@@@@...........
0x00, 0x00, 0x00, 0x00, 0x00, 0x0d, 0xff, 0xff, 0xe0, 0x00, 0x00, 0x00, 0x00, 0x00, 	//...........@@@@@@...........
0x00, 0x00, 0x00, 0x00, 0x00, 0x0d, 0xff, 0xff, 0xe0, 0x00, 0x00, 0x00, 0x00, 0x00, 	//...........@@@@@@...........
0x00, 0x00, 0x00, 0x00, 0x00, 0x0d, 0xff, 0xff, 0xe0, 0x00, 0x00, 0x00, 0x00, 0x00, 	//...........@@@@@@...........
0x00, 0x00, 0x00, 0x00, 0x00, 0x0d, 0xff, 0xff, 0xe0, 0x00, 0x00, 0x00, 0x00, 0x00, 	//...........@@@@@@...........
0x00, 0x00, 0x00, 0x00, 0x00, 0x0d, 0xff, 0xff, 0xe0, 0x00, 0x00, 0x00, 0x00, 0x00, 	//...........@@@@@@...........
0x00, 0x00, 0x00, 0x00, 0x00, 0x0d, 0xff, 0xff, 0xe0, 0x00, 0x00, 0x00, 0x00, 0x00, 	//...........@@@@@@...........
0x00, 0x00, 0x00, 0x00, 0x00, 0x0d, 0xff, 0xff, 0xe0, 0x00, 0x00, 0x00, 0x00, 0x00, 	//...........@@@@@@...........
0x00, 0x00, 0x00, 0x00, 0x00, 0x0d, 0xff, 0xff, 0xe0, 0x00, 0x00, 0x00, 0x00, 0x00, 	//...........@@@@@@...........
0x00, 0x00, 0x00, 0x00, 0x00, 0x0d, 0xff, 0xff, 0xe0, 0x00, 0x00, 0x00, 0x00, 0x00, 	//...........@@@@@@...........
0x00, 0x00, 0x00, 0x00, 0x00, 0x0d, 0xff, 0xff, 0xe0, 0x00, 0x00, 0x00, 0x00, 0x00, 	//...........@@@@@@...........
0x00, 0x00, 0x00, 0x00, 0x00, 0x0d, 0xff, 0xff, 0xe0, 0x00, 0x00, 0x00, 0x00, 0x00, 	//...........@@@@@@...........
0x00, 0x00, 0x00, 0x00, 0x00, 0x0d, 0xff, 0xff, 0xe0, 0x00, 0x00, 0x00, 0x00, 0x00, 	//...........@@@@@@...........
0x00, 0x00, 0x00, 0x00, 0x00, 0x0d, 0xff, 0xff, 0xe0, 0x00, 0x00, 0x00, 0x00, 0x00, 	//...........@@@@@@...........
0x00, 0x00, 0x00, 0x00, 0x00, 0x0d, 0xff, 0xff, 0xe0, 0x00, 0x00, 0x00, 0x00, 0x00, 	//...........@@@@@@...........
0x00, 0x00, 0x00, 0x00, 0x00, 0x0d, 0xff, 0xff, 0xe0, 0x00, 0x00, 0x00, 0x00, 0x00, 	//...........@@@@@@...........
0x00, 0x00, 0x00, 0x00, 0x00, 0x0d, 0xff, 0xff, 0xe0, 0x00, 0x00, 0x00, 0x00, 0x00, 	//...........@@@@@@...........
0x00, 0x00, 0x00, 0x00, 0x00, 0x0d, 0xff, 0xff, 0xe0, 0x00, 0x00, 0x00, 0x00, 0x00, 	//...........@@@@@@...........
0x00, 0x00, 0x00, 0x00, 0x00, 0x0d, 0xff, 0xff, 0xe0, 0x00, 0x00, 0x00, 0x00, 0x00, 	//...........@@@@@@...........
0x00, 0x00, 0x00, 0x00, 0x00, 0x0d, 0xff, 0xff, 0xe0, 0x00, 0x00, 0x00, 0x00, 0x00, 	//...........@@@@@@...........
0x00, 0x00, 0x00, 0x00, 0x00, 0x0d, 0xff, 0xff, 0xe0, 0x00, 0x00, 0x00, 0x00, 0x00, 	//...........@@@@@@...........
0x00, 0x00, 0x00, 0x00, 0x00, 0x0d, 0xff, 0xff, 0xe0, 0x00, 0x00, 0x00, 0x00, 0x00, 	//...........@@@@@@...........
0x00, 0x00, 0x00, 0x00, 0x00, 0x0d, 0xff, 0xff, 0xe0, 0x00, 0x00, 0x00, 0x00, 0x00, 	//...........@@@@@@...........
0x00, 0x00, 0x00, 0x00, 0x00, 0x0d, 0xff, 0xff, 0xe0, 0x00, 0x00, 0x00, 0x00, 0x00, 	//...........@@@@@@...........
0x00, 0x00, 0x00, 0x00, 0x00, 0x0d, 0xff, 0xff, 0xe0, 0x00, 0x00, 0x00, 0x00, 0x00, 	//...........@@@@@@...........
0x00, 0x00, 0x00, 0x00, 0x00, 0x0d, 0xff, 0xff, 0xe0, 0x00, 0x00, 0x00, 0x00, 0x00, 	//...........@@@@@@...........
0x5d, 0xdd, 0xdd, 0xdd, 0xdd, 0xdf, 0xff, 0xff, 0xfd, 0xdd, 0xdd, 0xdd, 0xdd, 0x40, 	//+@@@@@@@@@@@@@@@@@@@@@@@@@+.
0x5f, 0xff, 0xff, 0xff, 0xff, 0xff, 0xff, 0xff, 0xff, 0xff, 0xff, 0xff, 0xff, 0x50, 	//+@@@@@@@@@@@@@@@@@@@@@@@@@+.
0x5f, 0xff, 0xff, 0xff, 0xff, 0xff, 0xff, 0xff, 0xff, 0xff, 0xff, 0xff, 0xff, 0x50, 	//+@@@@@@@@@@@@@@@@@@@@@@@@@+.
0x5f, 0xff, 0xff, 0xff, 0xff, 0xff, 0xff, 0xff, 0xff, 0xff, 0xff, 0xff, 0xff, 0x50, 	//+@@@@@@@@@@@@@@@@@@@@@@@@@+.
0x5f, 0xff, 0xff, 0xff, 0xff, 0xff, 0xff, 0xff, 0xff, 0xff, 0xff, 0xff, 0xff, 0x50, 	//+@@@@@@@@@@@@@@@@@@@@@@@@@+.


/* 2 */
0x00, 0x00, 0x00, 0x00, 0x03, 0x8a, 0xce, 0xfe, 0xdb, 0x62, 0x00, 0x00, 0x00, 0x00, 0x00, 0x00, 	//.........+*%@@@@@%*+............
0x00, 0x00, 0x00, 0x17, 0xdf, 0xff, 0xff, 0xff, 0xff, 0xff, 0xc4, 0x00, 0x00, 0x00, 0x00, 0x00, 	//......+*@@@@@@@@@@@@@+..........
0x00, 0x00, 0x05, 0xef, 0xff, 0xff, 0xff, 0xff, 0xff, 0xff, 0xff, 0xb1, 0x00, 0x00, 0x00, 0x00, 	//.....+@@@@@@@@@@@@@@@@%+........
0x00, 0x01, 0xaf, 0xff, 0xff, 0xff, 0xff, 0xff, 0xff, 0xff, 0xff, 0xfd, 0x20, 0x00, 0x00, 0x00, 	//...+%@@@@@@@@@@@@@@@@@@@+.......
0x00, 0x2e, 0xff, 0xff, 0xff, 0xff, 0xec, 0xde, 0xff, 0xff, 0xff, 0xff, 0xd1, 0x00, 0x00, 0x00, 	//..+@@@@@@@@@@@@@@@@@@@@@@+......
0x02, 0xef, 0xff, 0xff, 0xfc, 0x51, 0x00, 0x00, 0x27, 0xff, 0xff, 0xff, 0xfb, 0x00, 0x00, 0x00, 	//.+@@@@@@@@++....+*@@@@@@@%......
0x2e, 0xff, 0xff, 0xfd, 0x40, 0x00, 0x00, 0x00, 0x00, 0x1b, 0xff, 0xff, 0xff, 0x40, 0x00, 0x00, 	//+@@@@@@@+.........+%@@@@@@+.....
0x0c, 0xff, 0xff, 0xa1, 0x00, 0x00, 0x00, 0x00, 0x00, 0x00, 0xbf, 0xff, 0xff, 0xc0, 0x00, 0x00, 	//.@@@@@%+............%@@@@@@.....
0x00, 0xcf, 0xf9, 0x00, 0x00, 0x00, 0x00, 0x00, 0x00, 0x00, 0x1f, 0xff, 0xff, 0xf3, 0x00, 0x00, 	//..@@@%..............+@@@@@@+....
0x00, 0x0b, 0x90, 0x00, 0x00, 0x00, 0x00, 0x00, 0x00, 0x00, 0x09, 0xff, 0xff, 0xf7, 0x00, 0x00, 	//...%%................%@@@@@*....
0x00, 0x00, 0x00, 0x00, 0x00, 0x00, 0x00, 0x00, 0x00, 0x00, 0x03, 0xff, 0xff, 0xfb, 0x00, 0x00, 	//.....................+@@@@@%....
0x00, 0x00, 0x00, 0x00, 0x00, 0x00, 0x00, 0x00, 0x00, 0x00, 0x00, 0xff, 0xff, 0xfd, 0x00, 0x00, 	//......................@@@@@@....
0x00, 0x00, 0x00, 0x00, 0x00, 0x00, 0x00, 0x00, 0x00, 0x00, 0x00, 0xcf, 0xff, 0xff, 0x00, 0x00, 	//......................@@@@@@....
0x00, 0x00, 0x00, 0x00, 0x00, 0x00, 0x00, 0x00, 0x00, 0x00, 0x00, 0xbf, 0xff, 0xff, 0x00, 0x00, 	//......................%@@@@@....
0x00, 0x00, 0x00, 0x00, 0x00, 0x00, 0x00, 0x00, 0x00, 0x00, 0x00, 0xbf, 0xff, 0xff, 0x00, 0x00, 	//......................%@@@@@....
0x00, 0x00, 0x00, 0x00, 0x00, 0x00, 0x00, 0x00, 0x00, 0x00, 0x00, 0xdf, 0xff, 0xfe, 0x00, 0x00, 	//......................@@@@@@....
0x00, 0x00, 0x00, 0x00, 0x00, 0x00, 0x00, 0x00, 0x00, 0x00, 0x00, 0xff, 0xff, 0xfc, 0x00, 0x00, 	//......................@@@@@@....
0x00, 0x00, 0x00, 0x00, 0x00, 0x00, 0x00, 0x00, 0x00, 0x00, 0x01, 0xff, 0xff, 0xfa, 0x00, 0x00, 	//.....................+@@@@@%....
0x00, 0x00, 0x00, 0x00, 0x00, 0x00, 0x00, 0x00, 0x00, 0x00, 0x06, 0xff, 0xff, 0xf6, 0x00, 0x00, 	//.....................*@@@@@*....
0x00, 0x00, 0x00, 0x00, 0x00, 0x00, 0x00, 0x00, 0x00, 0x00, 0x0b, 0xff, 0xff, 0xf2, 0x00, 0x00, 	//.....................%@@@@@+....
0x00, 0x00, 0x00, 0x00, 0x00, 0x00, 0x00, 0x00, 0x00, 0x00, 0x0f, 0xff, 0xff, 0xd0, 0x00, 0x00, 	//.....................@@@@@@.....
0x00, 0x00, 0x00, 0x00, 0x00, 0x00, 0x00, 0x00, 0x00, 0x00, 0x7f, 0xff, 0xff, 0x70, 0x00, 0x00, 	//....................*@@@@@*.....
0x00, 0x00, 0x00, 0x00, 0x00, 0x00, 0x00, 0x00, 0x00, 0x00, 0xef, 0xff, 0xff, 0x10, 0x00, 0x00, 	//....................@@@@@@+.....
0x00, 0x00, 0x00, 0x00, 0x00, 0x00, 0x00, 0x00, 0x00, 0x06, 0xff, 0xff, 0xf9, 0x00, 0x00, 0x00, 	//...................*@@@@@%......
0x00, 0x00, 0x00, 0x00, 0x00, 0x00, 0x00, 0x00, 0x00, 0x1e, 0xff, 0xff, 0xf2, 0x00, 0x00, 0x00, 	//..................+@@@@@@+......
0x00, 0x00, 0x00, 0x00, 0x00, 0x00, 0x00, 0x00, 0x00, 0xaf, 0xff, 0xff, 0x90, 0x00, 0x00, 0x00, 	//..................%@@@@@%.......
0x00, 0x00, 0x00, 0x00, 0x00, 0x00, 0x00, 0x00, 0x04, 0xff, 0xff, 0xfe, 0x10, 0x00, 0x00, 0x00, 	//.................+@@@@@@+.......
0x00, 0x00, 0x00, 0x00, 0x00, 0x00, 0x00, 0x00, 0x0d, 0xff, 0xff, 0xf6, 0x00, 0x00, 0x00, 0x00, 	//.................@@@@@@*........
0x00, 0x00, 0x00, 0x00, 0x00, 0x00, 0x00, 0x00, 0xaf, 0xff, 0xff, 0xc0, 0x00, 0x00, 0x00, 0x00, 	//................%@@@@@@.........
0x00, 0x00, 0x00, 0x00, 0x00, 0x00, 0x00, 0x07, 0xff, 0xff, 0xfe, 0x10, 0x00, 0x00, 0x00, 0x00, 	//...............*@@@@@@+.........
0x00, 0x00, 0x00, 0x00, 0x00, 0x00, 0x00, 0x4f, 0xff, 0xff, 0xf5, 0x00, 0x00, 0x00, 0x00, 0x00, 	//..............+@@@@@@+..........
0x00, 0x00, 0x00, 0x00, 0x00, 0x00, 0x02, 0xef, 0xff, 0xff, 0x90, 0x00, 0x00, 0x00, 0x00, 0x00, 	//.............+@@@@@@%...........
0x00, 0x00, 0x00, 0x00, 0x00, 0x00, 0x1d, 0xff, 0xff, 0xfc, 0x00, 0x00, 0x00, 0x00, 0x00, 0x00, 	//............+@@@@@@@............
0x00, 0x00, 0x00, 0x00, 0x00, 0x00, 0xcf, 0xff, 0xff, 0xe1, 0x00, 0x00, 0x00, 0x00, 0x00, 0x00, 	//............@@@@@@@+............
0x00, 0x00, 0x00, 0x00, 0x00, 0x0b, 0xff, 0xff, 0xff, 0x30, 0x00, 0x00, 0x00, 0x00, 0x00, 0x00, 	//...........%@@@@@@+.............
0x00, 0x00, 0x00, 0x00, 0x00, 0xaf, 0xff, 0xff, 0xf5, 0x00, 0x00, 0x00, 0x00, 0x00, 0x00, 0x00, 	//..........%@@@@@@+..............
0x00, 0x00, 0x00, 0x00, 0x0a, 0xff, 0xff, 0xff, 0x60, 0x00, 0x00, 0x00, 0x00, 0x00, 0x00, 0x00, 	//.........%@@@@@@*...............
0x00, 0x00, 0x00, 0x00, 0xaf, 0xff, 0xff, 0xf7, 0x00, 0x00, 0x00, 0x00, 0x00, 0x00, 0x00, 0x00, 	//........%@@@@@@*................
0x00, 0x00, 0x00, 0x0a, 0xff, 0xff, 0xff, 0x80, 0x00, 0x00, 0x00, 0x00, 0x00, 0x00, 0x00, 0x00, 	//.......%@@@@@@*.................
0x00, 0x00, 0x00, 0xaf, 0xff, 0xff, 0xf9, 0x00, 0x00, 0x00, 0x00, 0x00, 0x00, 0x00, 0x00, 0x00, 	//......%@@@@@@%..................
0x00, 0x00, 0x0b, 0xff, 0xff, 0xff, 0x90, 0x00, 0x00, 0x00, 0x00, 0x00, 0x00, 0x00, 0x00, 0x00, 	//.....%@@@@@@%...................
0x00, 0x01, 0xcf, 0xff, 0xff, 0xf9, 0x00, 0x00, 0x00, 0x00, 0x00, 0x00, 0x00, 0x00, 0x00, 0x00, 	//...+@@@@@@@%....................
0x00, 0x1d, 0xff, 0xff, 0xff, 0x80, 0x00, 0x00, 0x00, 0x00, 0x00, 0x00, 0x00, 0x00, 0x00, 0x00, 	//..+@@@@@@@*.....................
0x02, 0xef, 0xff, 0xff, 0xff, 0xab, 0xde, 0xef, 0xff, 0xff, 0xff, 0xff, 0xff, 0xff, 0xff, 0x40, 	//.+@@@@@@@@%%@@@@@@@@@@@@@@@@@@+.
0x1e, 0xff, 0xff, 0xff, 0xff, 0xff, 0xff, 0xff, 0xff, 0xff, 0xff, 0xff, 0xff, 0xff, 0xff, 0x40, 	//+@@@@@@@@@@@@@@@@@@@@@@@@@@@@@+.
0x2f, 0xff, 0xff, 0xff, 0xff, 0xff, 0xff, 0xff, 0xff, 0xff, 0xff, 0xff, 0xff, 0xff, 0xff, 0x40, 	//+@@@@@@@@@@@@@@@@@@@@@@@@@@@@@+.
0x2f, 0xff, 0xff, 0xff, 0xff, 0xff, 0xff, 0xff, 0xff, 0xff, 0xff, 0xff, 0xff, 0xff, 0xff, 0x40, 	//+@@@@@@@@@@@@@@@@@@@@@@@@@@@@@+.
0x2f, 0xff, 0xff, 0xff, 0xff, 0xff, 0xff, 0xff, 0xff, 0xff, 0xff, 0xff, 0xff, 0xff, 0xff, 0x40, 	//+@@@@@@@@@@@@@@@@@@@@@@@@@@@@@+.


/* 3 */
0x00, 0x00, 0x00, 0x00, 0x00, 0x27, 0xac, 0xdf, 0xed, 0xc9, 0x51, 0x00, 0x00, 0x00, 0x00, 0x00, 	//..........+*%@@@@@@%++..........
0x00, 0x00, 0x00, 0x00, 0x6c, 0xff, 0xff, 0xff, 0xff, 0xff, 0xff, 0xa3, 0x00, 0x00, 0x00, 0x00, 	//........*@@@@@@@@@@@@@%+........
0x00, 0x00, 0x00, 0x4d, 0xff, 0xff, 0xff, 0xff, 0xff, 0xff, 0xff, 0xff, 0x80, 0x00, 0x00, 0x00, 	//......+@@@@@@@@@@@@@@@@@*.......
0x00, 0x00, 0x1b, 0xff, 0xff, 0xff, 0xff, 0xff, 0xff, 0xff, 0xff, 0xff, 0xfc, 0x00, 0x00, 0x00, 	//....+%@@@@@@@@@@@@@@@@@@@@......
0x00, 0x03, 0xef, 0xff, 0xff, 0xff, 0xff, 0xdc, 0xdf, 0xff, 0xff, 0xff, 0xff, 0xc0, 0x00, 0x00, 	//...+@@@@@@@@@@@@@@@@@@@@@@@.....
0x00, 0x2f, 0xff, 0xff, 0xff, 0xe8, 0x20, 0x00, 0x00, 0x3c, 0xff, 0xff, 0xff, 0xf8, 0x00, 0x00, 	//..+@@@@@@@@*+.....+@@@@@@@@*....
0x00, 0x0a, 0xff, 0xff, 0xf7, 0x00, 0x00, 0x00, 0x00, 0x00, 0x5e, 0xff, 0xff, 0xff, 0x20, 0x00, 	//...%@@@@@*..........+@@@@@@@+...
0x00, 0x00, 0xcf, 0xfc, 0x20, 0x00, 0x00, 0x00, 0x00, 0x00, 0x05, 0xff, 0xff, 0xff, 0x80, 0x00, 	//....@@@@+............+@@@@@@*...
0x00, 0x00, 0x1e, 0xa0, 0x00, 0x00, 0x00, 0x00, 0x00, 0x00, 0x00, 0xaf, 0xff, 0xff, 0xd0, 0x00, 	//....+@%...............%@@@@@@...
0x00, 0x00, 0x02, 0x00, 0x00, 0x00, 0x00, 0x00, 0x00, 0x00, 0x00, 0x1f, 0xff, 0xff, 0xf1, 0x00, 	//.....+................+@@@@@@+..
0x00, 0x00, 0x00, 0x00, 0x00, 0x00, 0x00, 0x00, 0x00, 0x00, 0x00, 0x0d, 0xff, 0xff, 0xf3, 0x00, 	//.......................@@@@@@+..
0x00, 0x00, 0x00, 0x00, 0x00, 0x00, 0x00, 0x00, 0x00, 0x00, 0x00, 0x0b, 0xff, 0xff, 0xf4, 0x00, 	//.......................%@@@@@+..
0x00, 0x00, 0x00, 0x00, 0x00, 0x00, 0x00, 0x00, 0x00, 0x00, 0x00, 0x0a, 0xff, 0xff, 0xf4, 0x00, 	//.......................%@@@@@+..
0x00, 0x00, 0x00, 0x00, 0x00, 0x00, 0x00, 0x00, 0x00, 0x00, 0x00, 0x0b, 0xff, 0xff, 0xf3, 0x00, 	//.......................%@@@@@+..
0x00, 0x00, 0x00, 0x00, 0x00, 0x00, 0x00, 0x00, 0x00, 0x00, 0x00, 0x0d, 0xff, 0xff, 0xf0, 0x00, 	//.......................@@@@@@...
0x00, 0x00, 0x00, 0x00, 0x00, 0x00, 0x00, 0x00, 0x00, 0x00, 0x00, 0x2f, 0xff, 0xff, 0xd0, 0x00, 	//......................+@@@@@@...
0x00, 0x00, 0x00, 0x00, 0x00, 0x00, 0x00, 0x00, 0x00, 0x00, 0x00, 0x9f, 0xff, 0xff, 0x70, 0x00, 	//......................%@@@@@*...
0x00, 0x00, 0x00, 0x00, 0x00, 0x00, 0x00, 0x00, 0x00, 0x00, 0x03, 0xff, 0xff, 0xff, 0x10, 0x00, 	//.....................+@@@@@@+...
0x00, 0x00, 0x00, 0x00, 0x00, 0x00, 0x00, 0x00, 0x00, 0x00, 0x2e, 0xff, 0xff, 0xf7, 0x00, 0x00, 	//....................+@@@@@@*....
0x00, 0x00, 0x00, 0x00, 0x00, 0x00, 0x00, 0x00, 0x00, 0x07, 0xff, 0xff, 0xff, 0xa0, 0x00, 0x00, 	//...................*@@@@@@%.....
0x00, 0x00, 0x00, 0x00, 0x00, 0x00, 0x00, 0x00, 0x38, 0xef, 0xff, 0xff, 0xfa, 0x00, 0x00, 0x00, 	//................+*@@@@@@@%......
0x00, 0x00, 0x00, 0x00, 0x00, 0x48, 0x9a, 0xcf, 0xff, 0xff, 0xff, 0xff, 0x80, 0x00, 0x00, 0x00, 	//..........+*%%@@@@@@@@@@*.......
0x00, 0x00, 0x00, 0x00, 0x00, 0x9f, 0xff, 0xff, 0xff, 0xff, 0xff, 0xa2, 0x00, 0x00, 0x00, 0x00, 	//..........%@@@@@@@@@@@%+........
0x00, 0x00, 0x00, 0x00, 0x00, 0x9f, 0xff, 0xff, 0xff, 0xff, 0xf4, 0x00, 0x00, 0x00, 0x00, 0x00, 	//..........%@@@@@@@@@@+..........
0x00, 0x00, 0x00, 0x00, 0x00, 0x9f, 0xff, 0xff, 0xff, 0xff, 0xff, 0xd6, 0x00, 0x00, 0x00, 0x00, 	//..........%@@@@@@@@@@@@*........
0x00, 0x00, 0x00, 0x00, 0x00, 0x9f, 0xff, 0xff, 0xff, 0xff, 0xff, 0xff, 0xe4, 0x00, 0x00, 0x00, 	//..........%@@@@@@@@@@@@@@+......
0x00, 0x00, 0x00, 0x00, 0x00, 0x00, 0x12, 0x36, 0x8c, 0xff, 0xff, 0xff, 0xff, 0x70, 0x00, 0x00, 	//............+++**@@@@@@@@@*.....
0x00, 0x00, 0x00, 0x00, 0x00, 0x00, 0x00, 0x00, 0x00, 0x16, 0xdf, 0xff, 0xff, 0xfa, 0x00, 0x00, 	//..................+*@@@@@@@%....
0x00, 0x00, 0x00, 0x00, 0x00, 0x00, 0x00, 0x00, 0x00, 0x00, 0x07, 0xff, 0xff, 0xff, 0x90, 0x00, 	//.....................*@@@@@@%...
0x00, 0x00, 0x00, 0x00, 0x00, 0x00, 0x00, 0x00, 0x00, 0x00, 0x00, 0x4f, 0xff, 0xff, 0xf4, 0x00, 	//......................+@@@@@@+..
0x00, 0x00, 0x00, 0x00, 0x00, 0x00, 0x00, 0x00, 0x00, 0x00, 0x00, 0x06, 0xff, 0xff, 0xfc, 0x00, 	//.......................*@@@@@@..
0x00, 0x00, 0x00, 0x00, 0x00, 0x00, 0x00, 0x00, 0x00, 0x00, 0x00, 0x00, 0xdf, 0xff, 0xff, 0x30, 	//........................@@@@@@+.
0x00, 0x00, 0x00, 0x00, 0x00, 0x00, 0x00, 0x00, 0x00, 0x00, 0x00, 0x00, 0x7f, 0xff, 0xff, 0x70, 	//........................*@@@@@*.
0x00, 0x00, 0x00, 0x00, 0x00, 0x00, 0x00, 0x00, 0x00, 0x00, 0x00, 0x00, 0x3f, 0xff, 0xff, 0xb0, 	//........................+@@@@@%.
0x00, 0x00, 0x00, 0x00, 0x00, 0x00, 0x00, 0x00, 0x00, 0x00, 0x00, 0x00, 0x1f, 0xff, 0xff, 0xd0, 	//........................+@@@@@@.
0x00, 0x00, 0x00, 0x00, 0x00, 0x00, 0x00, 0x00, 0x00, 0x00, 0x00, 0x00, 0x0f, 0xff, 0xff, 0xe0, 	//.........................@@@@@@.
0x00, 0x00, 0x00, 0x00, 0x00, 0x00, 0x00, 0x00, 0x00, 0x00, 0x00, 0x00, 0x2f, 0xff, 0xff, 0xd0, 	//........................+@@@@@@.
0x00, 0x00, 0x00, 0x00, 0x00, 0x00, 0x00, 0x00, 0x00, 0x00, 0x00, 0x00, 0x4f, 0xff, 0xff, 0xb0, 	//........................+@@@@@%.
0x00, 0x00, 0x00, 0x00, 0x00, 0x00, 0x00, 0x00, 0x00, 0x00, 0x00, 0x00, 0x8f, 0xff, 0xff, 0x90, 	//........................*@@@@@%.
0x00, 0x0b, 0xa0, 0x00, 0x00, 0x00, 0x00, 0x00, 0x00, 0x00, 0x00, 0x00, 0xef, 0xff, 0xff, 0x50, 	//...%%...................@@@@@@+.
0x00, 0x8f, 0xfb, 0x00, 0x00, 0x00, 0x00, 0x00, 0x00, 0x00, 0x00, 0x09, 0xff, 0xff, 0xff, 0x00, 	//..*@@%.................%@@@@@@..
0x05, 0xff, 0xff, 0xe4, 0x00, 0x00, 0x00, 0x00, 0x00, 0x00, 0x00, 0x6f, 0xff, 0xff, 0xf9, 0x00, 	//.+@@@@@+..............*@@@@@@%..
0x0e, 0xff, 0xff, 0xff, 0xa2, 0x00, 0x00, 0x00, 0x00, 0x00, 0x09, 0xff, 0xff, 0xff, 0xe1, 0x00, 	//.@@@@@@@%+...........%@@@@@@@+..
0x03, 0xef, 0xff, 0xff, 0xff, 0xc6, 0x31, 0x00, 0x00, 0x48, 0xff, 0xff, 0xff, 0xff, 0x50, 0x00, 	//.+@@@@@@@@@*++....+*@@@@@@@@+...
0x00, 0x2e, 0xff, 0xff, 0xff, 0xff, 0xff, 0xfe, 0xef, 0xff, 0xff, 0xff, 0xff, 0xf6, 0x00, 0x00, 	//..+@@@@@@@@@@@@@@@@@@@@@@@@*....
0x00, 0x01, 0xaf, 0xff, 0xff, 0xff, 0xff, 0xff, 0xff, 0xff, 0xff, 0xff, 0xff, 0x60, 0x00, 0x00, 	//...+%@@@@@@@@@@@@@@@@@@@@@*.....
0x00, 0x00, 0x04, 0xdf, 0xff, 0xff, 0xff, 0xff, 0xff, 0xff, 0xff, 0xff, 0xd2, 0x00, 0x00, 0x00, 	//.....+@@@@@@@@@@@@@@@@@@@+......
0x00, 0x00, 0x00, 0x04, 0xaf, 0xff, 0xff, 0xff, 0xff, 0xff, 0xff, 0xc5, 0x00, 0x00, 0x00, 0x00, 	//.......+%@@@@@@@@@@@@@@+........
0x00, 0x00, 0x00, 0x00, 0x00, 0x59, 0xbe, 0xef, 0xfe, 0xca, 0x62, 0x00, 0x00, 0x00, 0x00, 0x00, 	//..........+%%@@@@@@%*+..........


/* 4 */
0x00, 0x00, 0x00, 0x00, 0x00, 0x00, 0x00, 0x00, 0x00, 0x08, 0xff, 0xff, 0xff, 0x30, 0x00, 0x00, 0x00, 	//...................*@@@@@@+.......
0x00, 0x00, 0x00, 0x00, 0x00, 0x00, 0x00, 0x00, 0x00, 0x3f, 0xff, 0xff, 0xff, 0x30, 0x00, 0x00, 0x00, 	//..................+@@@@@@@+.......
0x00, 0x00, 0x00, 0x00, 0x00, 0x00, 0x00, 0x00, 0x00, 0xcf, 0xff, 0xff, 0xff, 0x30, 0x00, 0x00, 0x00, 	//..................@@@@@@@@+.......
0x00, 0x00, 0x00, 0x00, 0x00, 0x00, 0x00, 0x00, 0x07, 0xff, 0xff, 0xff, 0xff, 0x30, 0x00, 0x00, 0x00, 	//.................*@@@@@@@@+.......
0x00, 0x00, 0x00, 0x00, 0x00, 0x00, 0x00, 0x00, 0x2f, 0xff, 0xff, 0xff, 0xff, 0x30, 0x00, 0x00, 0x00, 	//................+@@@@@@@@@+.......
0x00, 0x00, 0x00, 0x00, 0x00, 0x00, 0x00, 0x00, 0xcf, 0xff, 0xff, 0xff, 0xff, 0x30, 0x00, 0x00, 0x00, 	//................@@@@@@@@@@+.......
0x00, 0x00, 0x00, 0x00, 0x00, 0x00, 0x00, 0x06, 0xff, 0xff, 0xcf, 0xff, 0xff, 0x30, 0x00, 0x00, 0x00, 	//...............*@@@@@@@@@@+.......
0x00, 0x00, 0x00, 0x00, 0x00, 0x00, 0x00, 0x1f, 0xff, 0xff, 0x3f, 0xff, 0xff, 0x30, 0x00, 0x00, 0x00, 	//..............+@@@@@+@@@@@+.......
0x00, 0x00, 0x00, 0x00, 0x00, 0x00, 0x00, 0xbf, 0xff, 0xfa, 0x0f, 0xff, 0xff, 0x30, 0x00, 0x00, 0x00, 	//..............%@@@@%.@@@@@+.......
0x00, 0x00, 0x00, 0x00, 0x00, 0x00, 0x05, 0xff, 0xff, 0xf2, 0x1f, 0xff, 0xff, 0x30, 0x00, 0x00, 0x00, 	//.............+@@@@@++@@@@@+.......
0x00, 0x00, 0x00, 0x00, 0x00, 0x00, 0x1e, 0xff, 0xff, 0x90, 0x2f, 0xff, 0xff, 0x30, 0x00, 0x00, 0x00, 	//............+@@@@@%.+@@@@@+.......
0x00, 0x00, 0x00, 0x00, 0x00, 0x00, 0xaf, 0xff, 0xff, 0x10, 0x2f, 0xff, 0xff, 0x30, 0x00, 0x00, 0x00, 	//............%@@@@@+.+@@@@@+.......
0x00, 0x00, 0x00, 0x00, 0x00, 0x04, 0xff, 0xff, 0xf7, 0x00, 0x3f, 0xff, 0xff, 0x30, 0x00, 0x00, 0x00, 	//...........+@@@@@*..+@@@@@+.......
0x00, 0x00, 0x00, 0x00, 0x00, 0x0e, 0xff, 0xff, 0xd0, 0x00, 0x3f, 0xff, 0xff, 0x30, 0x00, 0x00, 0x00, 	//...........@@@@@@...+@@@@@+.......
0x00, 0x00, 0x00, 0x00, 0x00, 0x9f, 0xff, 0xff, 0x40, 0x00, 0x3f, 0xff, 0xff, 0x30, 0x00, 0x00, 0x00, 	//..........%@@@@@+...+@@@@@+.......
0x00, 0x00, 0x00, 0x00, 0x03, 0xff, 0xff, 0xf9, 0x00, 0x00, 0x3f, 0xff, 0xff, 0x30, 0x00, 0x00, 0x00, 	//.........+@@@@@%....+@@@@@+.......
0x00, 0x00, 0x00, 0x00, 0x0d, 0xff, 0xff, 0xd0, 0x00, 0x00, 0x3f, 0xff, 0xff, 0x30, 0x00, 0x00, 0x00, 	//.........@@@@@@.....+@@@@@+.......
0x00, 0x00, 0x00, 0x00, 0x8f, 0xff, 0xff, 0x40, 0x00, 0x00, 0x3f, 0xff, 0xff, 0x30, 0x00, 0x00, 0x00, 	//........*@@@@@+.....+@@@@@+.......
0x00, 0x00, 0x00, 0x03, 0xff, 0xff, 0xf9, 0x00, 0x00, 0x00, 0x3f, 0xff, 0xff, 0x30, 0x00, 0x00, 0x00, 	//.......+@@@@@%......+@@@@@+.......
0x00, 0x00, 0x00, 0x0c, 0xff, 0xff, 0xd0, 0x00, 0x00, 0x00, 0x3f, 0xff, 0xff, 0x30, 0x00, 0x00, 0x00, 	//.......@@@@@@.......+@@@@@+.......
0x00, 0x00, 0x00, 0x7f, 0xff, 0xff, 0x40, 0x00, 0x00, 0x00, 0x3f, 0xff, 0xff, 0x30, 0x00, 0x00, 0x00, 	//......*@@@@@+.......+@@@@@+.......
0x00, 0x00, 0x02, 0xff, 0xff, 0xf9, 0x00, 0x00, 0x00, 0x00, 0x3f, 0xff, 0xff, 0x30, 0x00, 0x00, 0x00, 	//.....+@@@@@%........+@@@@@+.......
0x00, 0x00, 0x0c, 0xff, 0xff, 0xd0, 0x00, 0x00, 0x00, 0x00, 0x3f, 0xff, 0xff, 0x30, 0x00, 0x00, 0x00, 	//.....@@@@@@.........+@@@@@+.......
0x00, 0x00, 0x6f, 0xff, 0xff, 0x40, 0x00, 0x00, 0x00, 0x00, 0x3f, 0xff, 0xff, 0x30, 0x00, 0x00, 0x00, 	//....*@@@@@+.........+@@@@@+.......
0x00, 0x01, 0xff, 0xff, 0xf9, 0x00, 0x00, 0x00, 0x00, 0x00, 0x3f, 0xff, 0xff, 0x30, 0x00, 0x00, 0x00, 	//...+@@@@@%..........+@@@@@+.......
0x00, 0x0b, 0xff, 0xff, 0xd0, 0x00, 0x00, 0x00, 0x00, 0x00, 0x3f, 0xff, 0xff, 0x30, 0x00, 0x00, 0x00, 	//...%@@@@@...........+@@@@@+.......
0x00, 0x5f, 0xff, 0xff, 0x40, 0x00, 0x00, 0x00, 0x00, 0x00, 0x3f, 0xff, 0xff, 0x30, 0x00, 0x00, 0x00, 	//..+@@@@@+...........+@@@@@+.......
0x01, 0xef, 0xff, 0xf9, 0x00, 0x00, 0x00, 0x00, 0x00, 0x00, 0x3f, 0xff, 0xff, 0x30, 0x00, 0x00, 0x00, 	//.+@@@@@%............+@@@@@+.......
0x0a, 0xff, 0xff, 0xd0, 0x00, 0x00, 0x00, 0x00, 0x00, 0x00, 0x3f, 0xff, 0xff, 0x30, 0x00, 0x00, 0x00, 	//.%@@@@@.............+@@@@@+.......
0x4f, 0xff, 0xff, 0xda, 0xaa, 0xaa, 0xaa, 0xaa, 0xaa, 0xaa, 0xbf, 0xff, 0xff, 0xba, 0xaa, 0xaa, 0x50, 	//+@@@@@@%%%%%%%%%%%%%%@@@@@%%%%%%+.
0xbf, 0xff, 0xff, 0xff, 0xff, 0xff, 0xff, 0xff, 0xff, 0xff, 0xff, 0xff, 0xff, 0xff, 0xff, 0xff, 0x80, 	//%@@@@@@@@@@@@@@@@@@@@@@@@@@@@@@@*.
0xbf, 0xff, 0xff, 0xff, 0xff, 0xff, 0xff, 0xff, 0xff, 0xff, 0xff, 0xff, 0xff, 0xff, 0xff, 0xff, 0x80, 	//%@@@@@@@@@@@@@@@@@@@@@@@@@@@@@@@*.
0xbf, 0xff, 0xff, 0xff, 0xff, 0xff, 0xff, 0xff, 0xff, 0xff, 0xff, 0xff, 0xff, 0xff, 0xff, 0xff, 0x80, 	//%@@@@@@@@@@@@@@@@@@@@@@@@@@@@@@@*.
0xbf, 0xff, 0xff, 0xff, 0xff, 0xff, 0xff, 0xff, 0xff, 0xff, 0xff, 0xff, 0xff, 0xff, 0xff, 0xff, 0x80, 	//%@@@@@@@@@@@@@@@@@@@@@@@@@@@@@@@*.
0x00, 0x00, 0x00, 0x00, 0x00, 0x00, 0x00, 0x00, 0x00, 0x00, 0x3f, 0xff, 0xff, 0x30, 0x00, 0x00, 0x00, 	//....................+@@@@@+.......
0x00, 0x00, 0x00, 0x00, 0x00, 0x00, 0x00, 0x00, 0x00, 0x00, 0x3f, 0xff, 0xff, 0x30, 0x00, 0x00, 0x00, 	//....................+@@@@@+.......
0x00, 0x00, 0x00, 0x00, 0x00, 0x00, 0x00, 0x00, 0x00, 0x00, 0x3f, 0xff, 0xff, 0x30, 0x00, 0x00, 0x00, 	//....................+@@@@@+.......
0x00, 0x00, 0x00, 0x00, 0x00, 0x00, 0x00, 0x00, 0x00, 0x00, 0x3f, 0xff, 0xff, 0x30, 0x00, 0x00, 0x00, 	//....................+@@@@@+.......
0x00, 0x00, 0x00, 0x00, 0x00, 0x00, 0x00, 0x00, 0x00, 0x00, 0x3f, 0xff, 0xff, 0x30, 0x00, 0x00, 0x00, 	//....................+@@@@@+.......
0x00, 0x00, 0x00, 0x00, 0x00, 0x00, 0x00, 0x00, 0x00, 0x00, 0x3f, 0xff, 0xff, 0x30, 0x00, 0x00, 0x00, 	//....................+@@@@@+.......
0x00, 0x00, 0x00, 0x00, 0x00, 0x00, 0x00, 0x00, 0x00, 0x00, 0x3f, 0xff, 0xff, 0x30, 0x00, 0x00, 0x00, 	//....................+@@@@@+.......
0x00, 0x00, 0x00, 0x00, 0x00, 0x00, 0x00, 0x00, 0x00, 0x00, 0x3f, 0xff, 0xff, 0x30, 0x00, 0x00, 0x00, 	//....................+@@@@@+.......
0x00, 0x00, 0x00, 0x00, 0x00, 0x00, 0x00, 0x00, 0x00, 0x00, 0x3f, 0xff, 0xff, 0x30, 0x00, 0x00, 0x00, 	//....................+@@@@@+.......
0x00, 0x00, 0x00, 0x00, 0x00, 0x00, 0x00, 0x00, 0x00, 0x00, 0x3f, 0xff, 0xff, 0x30, 0x00, 0x00, 0x00, 	//....................+@@@@@+.......
0x00, 0x00, 0x00, 0x00, 0x00, 0x00, 0x00, 0x00, 0x00, 0x00, 0x3f, 0xff, 0xff, 0x30, 0x00, 0x00, 0x00, 	//....................+@@@@@+.......
0x00, 0x00, 0x00, 0x00, 0x00, 0x00, 0x00, 0x00, 0x00, 0x00, 0x3f, 0xff, 0xff, 0x30, 0x00, 0x00, 0x00, 	//....................+@@@@@+.......
0x00, 0x00, 0x00, 0x00, 0x00, 0x00, 0x00, 0x00, 0x00, 0x00, 0x3f, 0xff, 0xff, 0x30, 0x00, 0x00, 0x00, 	//....................+@@@@@+.......


/* 5 */
0x00, 0x00, 0x00, 0xff, 0xff, 0xff, 0xff, 0xff, 0xff, 0xff, 0xff, 0xff, 0xff, 0xff, 0xc0, 0x00, 	//......@@@@@@@@@@@@@@@@@@@@@@@...
0x00, 0x00, 0x01, 0xff, 0xff, 0xff, 0xff, 0xff, 0xff, 0xff, 0xff, 0xff, 0xff, 0xff, 0xc0, 0x00, 	//.....+@@@@@@@@@@@@@@@@@@@@@@@...
0x00, 0x00, 0x02, 0xff, 0xff, 0xff, 0xff, 0xff, 0xff, 0xff, 0xff, 0xff, 0xff, 0xff, 0xc0, 0x00, 	//.....+@@@@@@@@@@@@@@@@@@@@@@@...
0x00, 0x00, 0x03, 0xff, 0xff, 0xff, 0xff, 0xff, 0xff, 0xff, 0xff, 0xff, 0xff, 0xff, 0xc0, 0x00, 	//.....+@@@@@@@@@@@@@@@@@@@@@@@...
0x00, 0x00, 0x04, 0xff, 0xff, 0xff, 0xff, 0xff, 0xff, 0xff, 0xff, 0xff, 0xff, 0xff, 0xc0, 0x00, 	//.....+@@@@@@@@@@@@@@@@@@@@@@@...
0x00, 0x00, 0x05, 0xff, 0xff, 0xf1, 0x00, 0x00, 0x00, 0x00, 0x00, 0x00, 0x00, 0x00, 0x00, 0x00, 	//.....+@@@@@+....................
0x00, 0x00, 0x06, 0xff, 0xff, 0xf0, 0x00, 0x00, 0x00, 0x00, 0x00, 0x00, 0x00, 0x00, 0x00, 0x00, 	//.....*@@@@@.....................
0x00, 0x00, 0x07, 0xff, 0xff, 0xe0, 0x00, 0x00, 0x00, 0x00, 0x00, 0x00, 0x00, 0x00, 0x00, 0x00, 	//.....*@@@@@.....................
0x00, 0x00, 0x08, 0xff, 0xff, 0xd0, 0x00, 0x00, 0x00, 0x00, 0x00, 0x00, 0x00, 0x00, 0x00, 0x00, 	//.....*@@@@@.....................
0x00, 0x00, 0x0a, 0xff, 0xff, 0xc0, 0x00, 0x00, 0x00, 0x00, 0x00, 0x00, 0x00, 0x00, 0x00, 0x00, 	//.....%@@@@@.....................
0x00, 0x00, 0x0b, 0xff, 0xff, 0xa0, 0x00, 0x00, 0x00, 0x00, 0x00, 0x00, 0x00, 0x00, 0x00, 0x00, 	//.....%@@@@%.....................
0x00, 0x00, 0x0c, 0xff, 0xff, 0x90, 0x00, 0x00, 0x00, 0x00, 0x00, 0x00, 0x00, 0x00, 0x00, 0x00, 	//.....@@@@@%.....................
0x00, 0x00, 0x0d, 0xff, 0xff, 0x70, 0x00, 0x00, 0x00, 0x00, 0x00, 0x00, 0x00, 0x00, 0x00, 0x00, 	//.....@@@@@*.....................
0x00, 0x00, 0x0e, 0xff, 0xff, 0x60, 0x00, 0x00, 0x00, 0x00, 0x00, 0x00, 0x00, 0x00, 0x00, 0x00, 	//.....@@@@@*.....................
0x00, 0x00, 0x0f, 0xff, 0xff, 0x50, 0x00, 0x00, 0x00, 0x00, 0x00, 0x00, 0x00, 0x00, 0x00, 0x00, 	//.....@@@@@+.....................
0x00, 0x00, 0x0f, 0xff, 0xff, 0x30, 0x00, 0x00, 0x00, 0x00, 0x00, 0x00, 0x00, 0x00, 0x00, 0x00, 	//.....@@@@@+.....................
0x00, 0x00, 0x1f, 0xff, 0xff, 0x20, 0x00, 0x00, 0x00, 0x00, 0x00, 0x00, 0x00, 0x00, 0x00, 0x00, 	//....+@@@@@+.....................
0x00, 0x00, 0x2f, 0xff, 0xff, 0x00, 0x38, 0xce, 0xff, 0xec, 0x95, 0x10, 0x00, 0x00, 0x00, 0x00, 	//....+@@@@@..+*@@@@@@%++.........
0x00, 0x00, 0x3f, 0xff, 0xff, 0x5c, 0xff, 0xff, 0xff, 0xff, 0xff, 0xf9, 0x20, 0x00, 0x00, 0x00, 	//....+@@@@@+@@@@@@@@@@@@%+.......
0x00, 0x00, 0x5f, 0xff, 0xff, 0xff, 0xff, 0xff, 0xff, 0xff, 0xff, 0xff, 0xf7, 0x00, 0x00, 0x00, 	//....+@@@@@@@@@@@@@@@@@@@@*......
0x00, 0x00, 0x6f, 0xff, 0xff, 0xff, 0xff, 0xff, 0xff, 0xff, 0xff, 0xff, 0xff, 0xb0, 0x00, 0x00, 	//....*@@@@@@@@@@@@@@@@@@@@@%.....
0x00, 0x00, 0x7f, 0xff, 0xff, 0xff, 0xd9, 0x87, 0x8a, 0xef, 0xff, 0xff, 0xff, 0xfb, 0x00, 0x00, 	//....*@@@@@@@@%***%@@@@@@@@@%....
0x00, 0x00, 0x2c, 0xff, 0xff, 0x81, 0x00, 0x00, 0x00, 0x03, 0xbf, 0xff, 0xff, 0xff, 0x80, 0x00, 	//....+@@@@@*+.......+%@@@@@@@*...
0x00, 0x00, 0x00, 0x7f, 0xa1, 0x00, 0x00, 0x00, 0x00, 0x00, 0x06, 0xff, 0xff, 0xff, 0xf1, 0x00, 	//......*@%+...........*@@@@@@@+..
0x00, 0x00, 0x00, 0x00, 0x00, 0x00, 0x00, 0x00, 0x00, 0x00, 0x00, 0x5f, 0xff, 0xff, 0xf9, 0x00, 	//......................+@@@@@@%..
0x00, 0x00, 0x00, 0x00, 0x00, 0x00, 0x00, 0x00, 0x00, 0x00, 0x00, 0x09, 0xff, 0xff, 0xff, 0x10, 	//.......................%@@@@@@+.
0x00, 0x00, 0x00, 0x00, 0x00, 0x00, 0x00, 0x00, 0x00, 0x00, 0x00, 0x01, 0xff, 0xff, 0xff, 0x50, 	//.......................+@@@@@@+.
0x00, 0x00, 0x00, 0x00, 0x00, 0x00, 0x00, 0x00, 0x00, 0x00, 0x00, 0x00, 0x9f, 0xff, 0xff, 0x90, 	//........................%@@@@@%.
0x00, 0x00, 0x00, 0x00, 0x00, 0x00, 0x00, 0x00, 0x00, 0x00, 0x00, 0x00, 0x4f, 0xff, 0xff, 0xd0, 	//........................+@@@@@@.
0x00, 0x00, 0x00, 0x00, 0x00, 0x00, 0x00, 0x00, 0x00, 0x00, 0x00, 0x00, 0x1f, 0xff, 0xff, 0xe0, 	//........................+@@@@@@.
0x00, 0x00, 0x00, 0x00, 0x00, 0x00, 0x00, 0x00, 0x00, 0x00, 0x00, 0x00, 0x0f, 0xff, 0xff, 0xf0, 	//.........................@@@@@@.
0x00, 0x00, 0x00, 0x00, 0x00, 0x00, 0x00, 0x00, 0x00, 0x00, 0x00, 0x00, 0x0d, 0xff, 0xff, 0xf1, 	//.........................@@@@@@+
0x00, 0x00, 0x00, 0x00, 0x00, 0x00, 0x00, 0x00, 0x00, 0x00, 0x00, 0x00, 0x0d, 0xff, 0xff, 0xf1, 	//.........................@@@@@@+
0x00, 0x00, 0x00, 0x00, 0x00, 0x00, 0x00, 0x00, 0x00, 0x00, 0x00, 0x00, 0x0f, 0xff, 0xff, 0xf0, 	//.........................@@@@@@.
0x00, 0x00, 0x00, 0x00, 0x00, 0x00, 0x00, 0x00, 0x00, 0x00, 0x00, 0x00, 0x0f, 0xff, 0xff, 0xe0, 	//.........................@@@@@@.
0x00, 0x00, 0x00, 0x00, 0x00, 0x00, 0x00, 0x00, 0x00, 0x00, 0x00, 0x00, 0x4f, 0xff, 0xff, 0xc0, 	//........................+@@@@@@.
0x00, 0x00, 0x00, 0x00, 0x00, 0x00, 0x00, 0x00, 0x00, 0x00, 0x00, 0x00, 0x9f, 0xff, 0xff, 0x80, 	//........................%@@@@@*.
0x00, 0x00, 0x00, 0x00, 0x00, 0x00, 0x00, 0x00, 0x00, 0x00, 0x00, 0x00, 0xef, 0xff, 0xff, 0x30, 	//........................@@@@@@+.
0x00, 0x0b, 0x40, 0x00, 0x00, 0x00, 0x00, 0x00, 0x00, 0x00, 0x00, 0x08, 0xff, 0xff, 0xfe, 0x00, 	//...%+..................*@@@@@@..
0x00, 0x8f, 0xf5, 0x00, 0x00, 0x00, 0x00, 0x00, 0x00, 0x00, 0x00, 0x3f, 0xff, 0xff, 0xf7, 0x00, 	//..*@@+................+@@@@@@*..
0x04, 0xff, 0xff, 0xa1, 0x00, 0x00, 0x00, 0x00, 0x00, 0x00, 0x03, 0xef, 0xff, 0xff, 0xd0, 0x00, 	//.+@@@@%+.............+@@@@@@@...
0x1e, 0xff, 0xff, 0xfe, 0x60, 0x00, 0x00, 0x00, 0x00, 0x00, 0x6f, 0xff, 0xff, 0xff, 0x50, 0x00, 	//+@@@@@@@*...........*@@@@@@@+...
0x07, 0xff, 0xff, 0xff, 0xff, 0xa4, 0x20, 0x00, 0x02, 0x7d, 0xff, 0xff, 0xff, 0xf8, 0x00, 0x00, 	//.*@@@@@@@@%++....+*@@@@@@@@*....
0x00, 0x5f, 0xff, 0xff, 0xff, 0xff, 0xff, 0xee, 0xff, 0xff, 0xff, 0xff, 0xff, 0xa0, 0x00, 0x00, 	//..+@@@@@@@@@@@@@@@@@@@@@@@%.....
0x00, 0x02, 0xcf, 0xff, 0xff, 0xff, 0xff, 0xff, 0xff, 0xff, 0xff, 0xff, 0xf8, 0x00, 0x00, 0x00, 	//...+@@@@@@@@@@@@@@@@@@@@@*......
0x00, 0x00, 0x05, 0xef, 0xff, 0xff, 0xff, 0xff, 0xff, 0xff, 0xff, 0xfe, 0x40, 0x00, 0x00, 0x00, 	//.....+@@@@@@@@@@@@@@@@@@+.......
0x00, 0x00, 0x00, 0x05, 0xbf, 0xff, 0xff, 0xff, 0xff, 0xff, 0xfe, 0x60, 0x00, 0x00, 0x00, 0x00, 	//.......+%@@@@@@@@@@@@@*.........
0x00, 0x00, 0x00, 0x00, 0x01, 0x69, 0xce, 0xef, 0xed, 0xb7, 0x30, 0x00, 0x00, 0x00, 0x00, 0x00, 	//.........+*%@@@@@@%*+...........


/* 6 */
0x00, 0x00, 0x00, 0x00, 0x00, 0x00, 0x04, 0x9c, 0xdf, 0xed, 0xb9, 0x30, 0x00, 0x00, 0x00, 	//.............+%@@@@@%%+.......
0x00, 0x00, 0x00, 0x00, 0x00, 0x1a, 0xff, 0xff, 0xff, 0xff, 0xff, 0xfe, 0x70, 0x00, 0x00, 	//..........+%@@@@@@@@@@@@*.....
0x00, 0x00, 0x00, 0x00, 0x07, 0xff, 0xff, 0xff, 0xff, 0xff, 0xff, 0xff, 0xfd, 0x40, 0x00, 	//.........*@@@@@@@@@@@@@@@@+...
0x00, 0x00, 0x00, 0x01, 0xcf, 0xff, 0xff, 0xff, 0xff, 0xff, 0xff, 0xff, 0xff, 0xf7, 0x00, 	//.......+@@@@@@@@@@@@@@@@@@@*..
0x00, 0x00, 0x00, 0x1c, 0xff, 0xff, 0xff, 0xff, 0xfe, 0xdf, 0xff, 0xff, 0xff, 0xff, 0x80, 	//......+@@@@@@@@@@@@@@@@@@@@@*.
0x00, 0x00, 0x00, 0xcf, 0xff, 0xff, 0xfd, 0x72, 0x00, 0x00, 0x28, 0xef, 0xff, 0xff, 0x40, 	//......@@@@@@@@*+....+*@@@@@@+.
0x00, 0x00, 0x09, 0xff, 0xff, 0xff, 0x80, 0x00, 0x00, 0x00, 0x00, 0x08, 0xff, 0xf5, 0x00, 	//.....%@@@@@@*..........*@@@+..
0x00, 0x00, 0x3f, 0xff, 0xff, 0xf4, 0x00, 0x00, 0x00, 0x00, 0x00, 0x00, 0x5f, 0x60, 0x00, 	//....+@@@@@@+............+@*...
0x00, 0x00, 0xdf, 0xff, 0xff, 0x50, 0x00, 0x00, 0x00, 0x00, 0x00, 0x00, 0x02, 0x00, 0x00, 	//....@@@@@@+..............+....
0x00, 0x06, 0xff, 0xff, 0xf8, 0x00, 0x00, 0x00, 0x00, 0x00, 0x00, 0x00, 0x00, 0x00, 0x00, 	//...*@@@@@*....................
0x00, 0x0c, 0xff, 0xff, 0xe1, 0x00, 0x00, 0x00, 0x00, 0x00, 0x00, 0x00, 0x00, 0x00, 0x00, 	//...@@@@@@+....................
0x00, 0x2f, 0xff, 0xff, 0x60, 0x00, 0x00, 0x00, 0x00, 0x00, 0x00, 0x00, 0x00, 0x00, 0x00, 	//..+@@@@@*.....................
0x00, 0x8f, 0xff, 0xff, 0x00, 0x00, 0x00, 0x00, 0x00, 0x00, 0x00, 0x00, 0x00, 0x00, 0x00, 	//..*@@@@@......................
0x00, 0xef, 0xff, 0xfb, 0x00, 0x00, 0x00, 0x00, 0x00, 0x00, 0x00, 0x00, 0x00, 0x00, 0x00, 	//..@@@@@%......................
0x03, 0xff, 0xff, 0xf5, 0x00, 0x00, 0x00, 0x00, 0x00, 0x00, 0x00, 0x00, 0x00, 0x00, 0x00, 	//.+@@@@@+......................
0x06, 0xff, 0xff, 0xf1, 0x00, 0x00, 0x00, 0x00, 0x00, 0x00, 0x00, 0x00, 0x00, 0x00, 0x00, 	//.*@@@@@+......................
0x0a, 0xff, 0xff, 0xe0, 0x00, 0x00, 0x00, 0x00, 0x00, 0x00, 0x00, 0x00, 0x00, 0x00, 0x00, 	//.%@@@@@.......................
0x0c, 0xff, 0xff, 0xb0, 0x00, 0x00, 0x00, 0x00, 0x00, 0x00, 0x00, 0x00, 0x00, 0x00, 0x00, 	//.@@@@@%.......................
0x0f, 0xff, 0xff, 0x80, 0x00, 0x00, 0x00, 0x02, 0x44, 0x31, 0x00, 0x00, 0x00, 0x00, 0x00, 	//.@@@@@*........+++++..........
0x1f, 0xff, 0xff, 0x60, 0x00, 0x00, 0x6c, 0xff, 0xff, 0xff, 0xd9, 0x30, 0x00, 0x00, 0x00, 	//+@@@@@*.....*@@@@@@@@%+.......
0x2f, 0xff, 0xff, 0x50, 0x00, 0x7f, 0xff, 0xff, 0xff, 0xff, 0xff, 0xfb, 0x20, 0x00, 0x00, 	//+@@@@@+...*@@@@@@@@@@@@%+.....
0x4f, 0xff, 0xff, 0x40, 0x2c, 0xff, 0xff, 0xff, 0xff, 0xff, 0xff, 0xff, 0xf4, 0x00, 0x00, 	//+@@@@@+.+@@@@@@@@@@@@@@@@+....
0x5f, 0xff, 0xff, 0x33, 0xef, 0xff, 0xff, 0xff, 0xff, 0xff, 0xff, 0xff, 0xff, 0x40, 0x00, 	//+@@@@@++@@@@@@@@@@@@@@@@@@+...
0x5f, 0xff, 0xff, 0x5e, 0xff, 0xff, 0xb5, 0x20, 0x12, 0x6c, 0xff, 0xff, 0xff, 0xe1, 0x00, 	//+@@@@@+@@@@@%++.++*@@@@@@@@+..
0x6f, 0xff, 0xff, 0xff, 0xff, 0xc2, 0x00, 0x00, 0x00, 0x00, 0x6f, 0xff, 0xff, 0xfb, 0x00, 	//*@@@@@@@@@@+........*@@@@@@%..
0x6f, 0xff, 0xff, 0xff, 0xf8, 0x00, 0x00, 0x00, 0x00, 0x00, 0x04, 0xff, 0xff, 0xff, 0x20, 	//*@@@@@@@@*...........+@@@@@@+.
0x5f, 0xff, 0xff, 0xff, 0x60, 0x00, 0x00, 0x00, 0x00, 0x00, 0x00, 0x8f, 0xff, 0xff, 0x90, 	//+@@@@@@@*.............*@@@@@%.
0x4f, 0xff, 0xff, 0xf6, 0x00, 0x00, 0x00, 0x00, 0x00, 0x00, 0x00, 0x0e, 0xff, 0xff, 0xf0, 	//+@@@@@@*...............@@@@@@.
0x4f, 0xff, 0xff, 0xa0, 0x00, 0x00, 0x00, 0x00, 0x00, 0x00, 0x00, 0x09, 0xff, 0xff, 0xf2, 	//+@@@@@%................%@@@@@+
0x3f, 0xff, 0xff, 0x30, 0x00, 0x00, 0x00, 0x00, 0x00, 0x00, 0x00, 0x04, 0xff, 0xff, 0xf6, 	//+@@@@@+................+@@@@@*
0x2f, 0xff, 0xff, 0x50, 0x00, 0x00, 0x00, 0x00, 0x00, 0x00, 0x00, 0x01, 0xff, 0xff, 0xf8, 	//+@@@@@+................+@@@@@*
0x0f, 0xff, 0xff, 0x70, 0x00, 0x00, 0x00, 0x00, 0x00, 0x00, 0x00, 0x00, 0xff, 0xff, 0xf9, 	//.@@@@@*.................@@@@@%
0x0d, 0xff, 0xff, 0x90, 0x00, 0x00, 0x00, 0x00, 0x00, 0x00, 0x00, 0x00, 0xef, 0xff, 0xfb, 	//.@@@@@%.................@@@@@%
0x0a, 0xff, 0xff, 0xc0, 0x00, 0x00, 0x00, 0x00, 0x00, 0x00, 0x00, 0x00, 0xdf, 0xff, 0xfb, 	//.%@@@@@.................@@@@@%
0x07, 0xff, 0xff, 0xf0, 0x00, 0x00, 0x00, 0x00, 0x00, 0x00, 0x00, 0x00, 0xef, 0xff, 0xfa, 	//.*@@@@@.................@@@@@%
0x04, 0xff, 0xff, 0xf3, 0x00, 0x00, 0x00, 0x00, 0x00, 0x00, 0x00, 0x00, 0xff, 0xff, 0xf9, 	//.+@@@@@+................@@@@@%
0x00, 0xff, 0xff, 0xf8, 0x00, 0x00, 0x00, 0x00, 0x00, 0x00, 0x00, 0x01, 0xff, 0xff, 0xf8, 	//..@@@@@*...............+@@@@@*
0x00, 0xaf, 0xff, 0xfd, 0x00, 0x00, 0x00, 0x00, 0x00, 0x00, 0x00, 0x05, 0xff, 0xff, 0xf5, 	//..%@@@@@...............+@@@@@+
0x00, 0x4f, 0xff, 0xff, 0x30, 0x00, 0x00, 0x00, 0x00, 0x00, 0x00, 0x09, 0xff, 0xff, 0xf1, 	//..+@@@@@+..............%@@@@@+
0x00, 0x0e, 0xff, 0xff, 0xc0, 0x00, 0x00, 0x00, 0x00, 0x00, 0x00, 0x0f, 0xff, 0xff, 0xc0, 	//...@@@@@@..............@@@@@@.
0x00, 0x07, 0xff, 0xff, 0xf5, 0x00, 0x00, 0x00, 0x00, 0x00, 0x00, 0x8f, 0xff, 0xff, 0x60, 	//...*@@@@@+............*@@@@@*.
0x00, 0x00, 0xdf, 0xff, 0xff, 0x20, 0x00, 0x00, 0x00, 0x00, 0x03, 0xff, 0xff, 0xfe, 0x00, 	//....@@@@@@+..........+@@@@@@..
0x00, 0x00, 0x4f, 0xff, 0xff, 0xe3, 0x00, 0x00, 0x00, 0x00, 0x2e, 0xff, 0xff, 0xf6, 0x00, 	//....+@@@@@@+........+@@@@@@*..
0x00, 0x00, 0x09, 0xff, 0xff, 0xff, 0x81, 0x00, 0x00, 0x17, 0xff, 0xff, 0xff, 0xa0, 0x00, 	//.....%@@@@@@*+....+*@@@@@@%...
0x00, 0x00, 0x00, 0xbf, 0xff, 0xff, 0xff, 0xca, 0xab, 0xff, 0xff, 0xff, 0xfd, 0x10, 0x00, 	//......%@@@@@@@@%%%@@@@@@@@+...
0x00, 0x00, 0x00, 0x0c, 0xff, 0xff, 0xff, 0xff, 0xff, 0xff, 0xff, 0xff, 0xd1, 0x00, 0x00, 	//.......@@@@@@@@@@@@@@@@@@+....
0x00, 0x00, 0x00, 0x00, 0x7f, 0xff, 0xff, 0xff, 0xff, 0xff, 0xff, 0xfa, 0x00, 0x00, 0x00, 	//........*@@@@@@@@@@@@@@%......
0x00, 0x00, 0x00, 0x00, 0x03, 0xbf, 0xff, 0xff, 0xff, 0xff, 0xfd, 0x40, 0x00, 0x00, 0x00, 	//.........+%@@@@@@@@@@@+.......
0x00, 0x00, 0x00, 0x00, 0x00, 0x01, 0x7b, 0xce, 0xfd, 0xc8, 0x30, 0x00, 0x00, 0x00, 0x00, 	//...........+*%@@@@@*+.........


/* 7 */
0xdf, 0xff, 0xff, 0xff, 0xff, 0xff, 0xff, 0xff, 0xff, 0xff, 0xff, 0xff, 0xff, 0xff, 0xf7, 	//@@@@@@@@@@@@@@@@@@@@@@@@@@@@@*
0xdf, 0xff, 0xff, 0xff, 0xff, 0xff, 0xff, 0xff, 0xff, 0xff, 0xff, 0xff, 0xff, 0xff, 0xf7, 	//@@@@@@@@@@@@@@@@@@@@@@@@@@@@@*
0xdf, 0xff, 0xff, 0xff, 0xff, 0xff, 0xff, 0xff, 0xff, 0xff, 0xff, 0xff, 0xff, 0xff, 0xf7, 	//@@@@@@@@@@@@@@@@@@@@@@@@@@@@@*
0xdf, 0xff, 0xff, 0xff, 0xff, 0xff, 0xff, 0xff, 0xff, 0xff, 0xff, 0xff, 0xff, 0xff, 0xf6, 	//@@@@@@@@@@@@@@@@@@@@@@@@@@@@@*
0xdf, 0xff, 0xff, 0xff, 0xff, 0xff, 0xff, 0xff, 0xff, 0xff, 0xff, 0xff, 0xff, 0xff, 0xc0, 	//@@@@@@@@@@@@@@@@@@@@@@@@@@@@@.
0x00, 0x00, 0x00, 0x00, 0x00, 0x00, 0x00, 0x00, 0x00, 0x00, 0x00, 0x6f, 0xff, 0xff, 0x20, 	//......................*@@@@@+.
0x00, 0x00, 0x00, 0x00, 0x00, 0x00, 0x00, 0x00, 0x00, 0x00, 0x02, 0xff, 0xff, 0xf5, 0x00, 	//.....................+@@@@@+..
0x00, 0x00, 0x00, 0x00, 0x00, 0x00, 0x00, 0x00, 0x00, 0x00, 0x0c, 0xff, 0xff, 0xa0, 0x00, 	//.....................@@@@@%...
0x00, 0x00, 0x00, 0x00, 0x00, 0x00, 0x00, 0x00, 0x00, 0x00, 0x6f, 0xff, 0xfd, 0x00, 0x00, 	//....................*@@@@@....
0x00, 0x00, 0x00, 0x00, 0x00, 0x00, 0x00, 0x00, 0x00, 0x02, 0xff, 0xff, 0xf4, 0x00, 0x00, 	//...................+@@@@@+....
0x00, 0x00, 0x00, 0x00, 0x00, 0x00, 0x00, 0x00, 0x00, 0x0b, 0xff, 0xff, 0xb0, 0x00, 0x00, 	//...................%@@@@%.....
0x00, 0x00, 0x00, 0x00, 0x00, 0x00, 0x00, 0x00, 0x00, 0x4f, 0xff, 0xff, 0x20, 0x00, 0x00, 	//..................+@@@@@+.....
0x00, 0x00, 0x00, 0x00, 0x00, 0x00, 0x00, 0x00, 0x00, 0xdf, 0xff, 0xf8, 0x00, 0x00, 0x00, 	//..................@@@@@*......
0x00, 0x00, 0x00, 0x00, 0x00, 0x00, 0x00, 0x00, 0x06, 0xff, 0xff, 0xe0, 0x00, 0x00, 0x00, 	//.................*@@@@@.......
0x00, 0x00, 0x00, 0x00, 0x00, 0x00, 0x00, 0x00, 0x0e, 0xff, 0xff, 0x70, 0x00, 0x00, 0x00, 	//.................@@@@@*.......
0x00, 0x00, 0x00, 0x00, 0x00, 0x00, 0x00, 0x00, 0x6f, 0xff, 0xfe, 0x00, 0x00, 0x00, 0x00, 	//................*@@@@@........
0x00, 0x00, 0x00, 0x00, 0x00, 0x00, 0x00, 0x00, 0xdf, 0xff, 0xf8, 0x00, 0x00, 0x00, 0x00, 	//................@@@@@*........
0x00, 0x00, 0x00, 0x00, 0x00, 0x00, 0x00, 0x05, 0xff, 0xff, 0xf1, 0x00, 0x00, 0x00, 0x00, 	//...............+@@@@@+........
0x00, 0x00, 0x00, 0x00, 0x00, 0x00, 0x00, 0x0c, 0xff, 0xff, 0x90, 0x00, 0x00, 0x00, 0x00, 	//...............@@@@@%.........
0x00, 0x00, 0x00, 0x00, 0x00, 0x00, 0x00, 0x3f, 0xff, 0xff, 0x30, 0x00, 0x00, 0x00, 0x00, 	//..............+@@@@@+.........
0x00, 0x00, 0x00, 0x00, 0x00, 0x00, 0x00, 0x9f, 0xff, 0xfd, 0x00, 0x00, 0x00, 0x00, 0x00, 	//..............%@@@@@..........
0x00, 0x00, 0x00, 0x00, 0x00, 0x00, 0x00, 0xef, 0xff, 0xf8, 0x00, 0x00, 0x00, 0x00, 0x00, 	//..............@@@@@*..........
0x00, 0x00, 0x00, 0x00, 0x00, 0x00, 0x04, 0xff, 0xff, 0xf2, 0x00, 0x00, 0x00, 0x00, 0x00, 	//.............+@@@@@+..........
0x00, 0x00, 0x00, 0x00, 0x00, 0x00, 0x0a, 0xff, 0xff, 0xd0, 0x00, 0x00, 0x00, 0x00, 0x00, 	//.............%@@@@@...........
0x00, 0x00, 0x00, 0x00, 0x00, 0x00, 0x0f, 0xff, 0xff, 0x90, 0x00, 0x00, 0x00, 0x00, 0x00, 	//.............@@@@@%...........
0x00, 0x00, 0x00, 0x00, 0x00, 0x00, 0x3f, 0xff, 0xff, 0x50, 0x00, 0x00, 0x00, 0x00, 0x00, 	//............+@@@@@+...........
0x00, 0x00, 0x00, 0x00, 0x00, 0x00, 0x7f, 0xff, 0xff, 0x10, 0x00, 0x00, 0x00, 0x00, 0x00, 	//............*@@@@@+...........
0x00, 0x00, 0x00, 0x00, 0x00, 0x00, 0xcf, 0xff, 0xfd, 0x00, 0x00, 0x00, 0x00, 0x00, 0x00, 	//............@@@@@@............
0x00, 0x00, 0x00, 0x00, 0x00, 0x00, 0xff, 0xff, 0xf9, 0x00, 0x00, 0x00, 0x00, 0x00, 0x00, 	//............@@@@@%............
0x00, 0x00, 0x00, 0x00, 0x00, 0x04, 0xff, 0xff, 0xf6, 0x00, 0x00, 0x00, 0x00, 0x00, 0x00, 	//...........+@@@@@*............
0x00, 0x00, 0x00, 0x00, 0x00, 0x07, 0xff, 0xff, 0xf4, 0x00, 0x00, 0x00, 0x00, 0x00, 0x00, 	//...........*@@@@@+............
0x00, 0x00, 0x00, 0x00, 0x00, 0x0a, 0xff, 0xff, 0xf1, 0x00, 0x00, 0x00, 0x00, 0x00, 0x00, 	//...........%@@@@@+............
0x00, 0x00, 0x00, 0x00, 0x00, 0x0c, 0xff, 0xff, 0xf0, 0x00, 0x00, 0x00, 0x00, 0x00, 0x00, 	//...........@@@@@@.............
0x00, 0x00, 0x00, 0x00, 0x00, 0x0f, 0xff, 0xff, 0xd0, 0x00, 0x00, 0x00, 0x00, 0x00, 0x00, 	//...........@@@@@@.............
0x00, 0x00, 0x00, 0x00, 0x00, 0x2f, 0xff, 0xff, 0xa0, 0x00, 0x00, 0x00, 0x00, 0x00, 0x00, 	//..........+@@@@@%.............
0x00, 0x00, 0x00, 0x00, 0x00, 0x4f, 0xff, 0xff, 0x90, 0x00, 0x00, 0x00, 0x00, 0x00, 0x00, 	//..........+@@@@@%.............
0x00, 0x00, 0x00, 0x00, 0x00, 0x6f, 0xff, 0xff, 0x70, 0x00, 0x00, 0x00, 0x00, 0x00, 0x00, 	//..........*@@@@@*.............
0x00, 0x00, 0x00, 0x00, 0x00, 0x8f, 0xff, 0xff, 0x60, 0x00, 0x00, 0x00, 0x00, 0x00, 0x00, 	//..........*@@@@@*.............
0x00, 0x00, 0x00, 0x00, 0x00, 0xaf, 0xff, 0xff, 0x40, 0x00, 0x00, 0x00, 0x00, 0x00, 0x00, 	//..........%@@@@@+.............
0x00, 0x00, 0x00, 0x00, 0x00, 0xcf, 0xff, 0xff, 0x30, 0x00, 0x00, 0x00, 0x00, 0x00, 0x00, 	//..........@@@@@@+.............
0x00, 0x00, 0x00, 0x00, 0x00, 0xef, 0xff, 0xff, 0x10, 0x00, 0x00, 0x00, 0x00, 0x00, 0x00, 	//..........@@@@@@+.............
0x00, 0x00, 0x00, 0x00, 0x00, 0xff, 0xff, 0xff, 0x00, 0x00, 0x00, 0x00, 0x00, 0x00, 0x00, 	//..........@@@@@@..............
0x00, 0x00, 0x00, 0x00, 0x00, 0xff, 0xff, 0xff, 0x00, 0x00, 0x00, 0x00, 0x00, 0x00, 0x00, 	//..........@@@@@@..............
0x00, 0x00, 0x00, 0x00, 0x01, 0xff, 0xff, 0xfe, 0x00, 0x00, 0x00, 0x00, 0x00, 0x00, 0x00, 	//.........+@@@@@@..............
0x00, 0x00, 0x00, 0x00, 0x02, 0xff, 0xff, 0xfe, 0x00, 0x00, 0x00, 0x00, 0x00, 0x00, 0x00, 	//.........+@@@@@@..............
0x00, 0x00, 0x00, 0x00, 0x03, 0xff, 0xff, 0xfd, 0x00, 0x00, 0x00, 0x00, 0x00, 0x00, 0x00, 	//.........+@@@@@@..............
0x00, 0x00, 0x00, 0x00, 0x04, 0xff, 0xff, 0xfc, 0x00, 0x00, 0x00, 0x00, 0x00, 0x00, 0x00, 	//.........+@@@@@@..............


/* 8 */
0x00, 0x00, 0x00, 0x00, 0x00, 0x04, 0x8c, 0xdf, 0xfd, 0xc9, 0x51, 0x00, 0x00, 0x00, 0x00, 0x00, 	//...........+*@@@@@@%++..........
0x00, 0x00, 0x00, 0x00, 0x07, 0xef, 0xff, 0xff, 0xff, 0xff, 0xff, 0x81, 0x00, 0x00, 0x00, 0x00, 	//.........*@@@@@@@@@@@@*+........
0x00, 0x00, 0x00, 0x03, 0xdf, 0xff, 0xff, 0xff, 0xff, 0xff, 0xff, 0xfe, 0x40, 0x00, 0x00, 0x00, 	//.......+@@@@@@@@@@@@@@@@+.......
0x00, 0x00, 0x00, 0x4f, 0xff, 0xff, 0xff, 0xff, 0xff, 0xff, 0xff, 0xff, 0xf6, 0x00, 0x00, 0x00, 	//......+@@@@@@@@@@@@@@@@@@*......
0x00, 0x00, 0x03, 0xff, 0xff, 0xff, 0xfc, 0x86, 0x68, 0xcf, 0xff, 0xff, 0xff, 0x40, 0x00, 0x00, 	//.....+@@@@@@@@****@@@@@@@@+.....
0x00, 0x00, 0x0e, 0xff, 0xff, 0xfd, 0x30, 0x00, 0x00, 0x02, 0xbf, 0xff, 0xff, 0xf1, 0x00, 0x00, 	//.....@@@@@@@+......+%@@@@@@+....
0x00, 0x00, 0x8f, 0xff, 0xff, 0xa0, 0x00, 0x00, 0x00, 0x00, 0x08, 0xff, 0xff, 0xf8, 0x00, 0x00, 	//....*@@@@@%..........*@@@@@*....
0x00, 0x00, 0xff, 0xff, 0xfe, 0x00, 0x00, 0x00, 0x00, 0x00, 0x00, 0xcf, 0xff, 0xff, 0x00, 0x00, 	//....@@@@@@............@@@@@@....
0x00, 0x04, 0xff, 0xff, 0xf4, 0x00, 0x00, 0x00, 0x00, 0x00, 0x00, 0x3f, 0xff, 0xff, 0x40, 0x00, 	//...+@@@@@+............+@@@@@+...
0x00, 0x09, 0xff, 0xff, 0xd0, 0x00, 0x00, 0x00, 0x00, 0x00, 0x00, 0x0a, 0xff, 0xff, 0x90, 0x00, 	//...%@@@@@..............%@@@@%...
0x00, 0x0a, 0xff, 0xff, 0xa0, 0x00, 0x00, 0x00, 0x00, 0x00, 0x00, 0x06, 0xff, 0xff, 0xb0, 0x00, 	//...%@@@@%..............*@@@@%...
0x00, 0x0c, 0xff, 0xff, 0x80, 0x00, 0x00, 0x00, 0x00, 0x00, 0x00, 0x03, 0xff, 0xff, 0xd0, 0x00, 	//...@@@@@*..............+@@@@@...
0x00, 0x0c, 0xff, 0xff, 0x80, 0x00, 0x00, 0x00, 0x00, 0x00, 0x00, 0x01, 0xff, 0xff, 0xe0, 0x00, 	//...@@@@@*..............+@@@@@...
0x00, 0x0b, 0xff, 0xff, 0xa0, 0x00, 0x00, 0x00, 0x00, 0x00, 0x00, 0x02, 0xff, 0xff, 0xd0, 0x00, 	//...%@@@@%..............+@@@@@...
0x00, 0x08, 0xff, 0xff, 0xe0, 0x00, 0x00, 0x00, 0x00, 0x00, 0x00, 0x04, 0xff, 0xff, 0xb0, 0x00, 	//...*@@@@@..............+@@@@%...
0x00, 0x04, 0xff, 0xff, 0xf4, 0x00, 0x00, 0x00, 0x00, 0x00, 0x00, 0x07, 0xff, 0xff, 0x70, 0x00, 	//...+@@@@@+.............*@@@@*...
0x00, 0x00, 0xdf, 0xff, 0xfd, 0x00, 0x00, 0x00, 0x00, 0x00, 0x00, 0x0d, 0xff, 0xff, 0x20, 0x00, 	//....@@@@@@.............@@@@@+...
0x00, 0x00, 0x6f, 0xff, 0xff, 0xa0, 0x00, 0x00, 0x00, 0x00, 0x00, 0x3f, 0xff, 0xfa, 0x00, 0x00, 	//....*@@@@@%...........+@@@@%....
0x00, 0x00, 0x0d, 0xff, 0xff, 0xfb, 0x10, 0x00, 0x00, 0x00, 0x00, 0xbf, 0xff, 0xf3, 0x00, 0x00, 	//.....@@@@@@%+.........%@@@@+....
0x00, 0x00, 0x02, 0xff, 0xff, 0xff, 0xe5, 0x00, 0x00, 0x00, 0x06, 0xff, 0xff, 0xa0, 0x00, 0x00, 	//.....+@@@@@@@+.......*@@@@%.....
0x00, 0x00, 0x00, 0x4f, 0xff, 0xff, 0xff, 0xb3, 0x00, 0x00, 0x2e, 0xff, 0xfd, 0x00, 0x00, 0x00, 	//......+@@@@@@@%+....+@@@@@......
0x00, 0x00, 0x00, 0x04, 0xff, 0xff, 0xff, 0xff, 0xb4, 0x02, 0xef, 0xff, 0xf2, 0x00, 0x00, 0x00, 	//.......+@@@@@@@@%+.+@@@@@+......
0x00, 0x00, 0x00, 0x00, 0x2e, 0xff, 0xff, 0xff, 0xff, 0xde, 0xff, 0xff, 0x40, 0x00, 0x00, 0x00, 	//........+@@@@@@@@@@@@@@@+.......
0x00, 0x00, 0x00, 0x00, 0x1c, 0xff, 0xff, 0xff, 0xff, 0xff, 0xff, 0xf3, 0x00, 0x00, 0x00, 0x00, 	//........+@@@@@@@@@@@@@@+........
0x00, 0x00, 0x00, 0x06, 0xff, 0xff, 0xff, 0xff, 0xff, 0xff, 0xff, 0xe2, 0x00, 0x00, 0x00, 0x00, 	//.......*@@@@@@@@@@@@@@@+........
0x00, 0x00, 0x00, 0xaf, 0xff, 0xfe, 0x48, 0xef, 0xff, 0xff, 0xff, 0xff, 0x70, 0x00, 0x00, 0x00, 	//......%@@@@@+*@@@@@@@@@@*.......
0x00, 0x00, 0x0a, 0xff, 0xff, 0xc1, 0x00, 0x06, 0xcf, 0xff, 0xff, 0xff, 0xfb, 0x00, 0x00, 0x00, 	//.....%@@@@@+...*@@@@@@@@@%......
0x00, 0x00, 0x9f, 0xff, 0xfb, 0x00, 0x00, 0x00, 0x04, 0xcf, 0xff, 0xff, 0xff, 0xb0, 0x00, 0x00, 	//....%@@@@%.......+@@@@@@@@%.....
0x00, 0x07, 0xff, 0xff, 0xd1, 0x00, 0x00, 0x00, 0x00, 0x05, 0xef, 0xff, 0xff, 0xfa, 0x00, 0x00, 	//...*@@@@@+.........+@@@@@@@%....
0x00, 0x2f, 0xff, 0xff, 0x20, 0x00, 0x00, 0x00, 0x00, 0x00, 0x1a, 0xff, 0xff, 0xff, 0x60, 0x00, 	//..+@@@@@+...........+%@@@@@@*...
0x00, 0xaf, 0xff, 0xf9, 0x00, 0x00, 0x00, 0x00, 0x00, 0x00, 0x00, 0x9f, 0xff, 0xff, 0xe0, 0x00, 	//..%@@@@%..............%@@@@@@...
0x01, 0xff, 0xff, 0xf2, 0x00, 0x00, 0x00, 0x00, 0x00, 0x00, 0x00, 0x0b, 0xff, 0xff, 0xf6, 0x00, 	//.+@@@@@+...............%@@@@@*..
0x07, 0xff, 0xff, 0xa0, 0x00, 0x00, 0x00, 0x00, 0x00, 0x00, 0x00, 0x01, 0xff, 0xff, 0xfe, 0x00, 	//.*@@@@%................+@@@@@@..
0x0b, 0xff, 0xff, 0x70, 0x00, 0x00, 0x00, 0x00, 0x00, 0x00, 0x00, 0x00, 0x9f, 0xff, 0xff, 0x20, 	//.%@@@@*.................%@@@@@+.
0x0e, 0xff, 0xff, 0x50, 0x00, 0x00, 0x00, 0x00, 0x00, 0x00, 0x00, 0x00, 0x4f, 0xff, 0xff, 0x50, 	//.@@@@@+.................+@@@@@+.
0x0f, 0xff, 0xff, 0x20, 0x00, 0x00, 0x00, 0x00, 0x00, 0x00, 0x00, 0x00, 0x2f, 0xff, 0xff, 0x70, 	//.@@@@@+.................+@@@@@*.
0x0f, 0xff, 0xff, 0x20, 0x00, 0x00, 0x00, 0x00, 0x00, 0x00, 0x00, 0x00, 0x0f, 0xff, 0xff, 0x80, 	//.@@@@@+..................@@@@@*.
0x0f, 0xff, 0xff, 0x40, 0x00, 0x00, 0x00, 0x00, 0x00, 0x00, 0x00, 0x00, 0x1f, 0xff, 0xff, 0x70, 	//.@@@@@+.................+@@@@@*.
0x0d, 0xff, 0xff, 0x90, 0x00, 0x00, 0x00, 0x00, 0x00, 0x00, 0x00, 0x00, 0x3f, 0xff, 0xff, 0x50, 	//.@@@@@%.................+@@@@@+.
0x0a, 0xff, 0xff, 0xe0, 0x00, 0x00, 0x00, 0x00, 0x00, 0x00, 0x00, 0x00, 0x8f, 0xff, 0xff, 0x30, 	//.%@@@@@.................*@@@@@+.
0x04, 0xff, 0xff, 0xf8, 0x00, 0x00, 0x00, 0x00, 0x00, 0x00, 0x00, 0x01, 0xef, 0xff, 0xfe, 0x00, 	//.+@@@@@*...............+@@@@@@..
0x00, 0xef, 0xff, 0xff, 0x50, 0x00, 0x00, 0x00, 0x00, 0x00, 0x00, 0x0a, 0xff, 0xff, 0xf8, 0x00, 	//..@@@@@@+..............%@@@@@*..
0x00, 0x5f, 0xff, 0xff, 0xf6, 0x00, 0x00, 0x00, 0x00, 0x00, 0x00, 0x9f, 0xff, 0xff, 0xe0, 0x00, 	//..+@@@@@@*............%@@@@@@...
0x00, 0x0a, 0xff, 0xff, 0xff, 0xb4, 0x00, 0x00, 0x00, 0x00, 0x4d, 0xff, 0xff, 0xff, 0x50, 0x00, 	//...%@@@@@@%+........+@@@@@@@+...
0x00, 0x00, 0xbf, 0xff, 0xff, 0xff, 0xe9, 0x76, 0x67, 0xae, 0xff, 0xff, 0xff, 0xf7, 0x00, 0x00, 	//....%@@@@@@@@%****%@@@@@@@@*....
0x00, 0x00, 0x0b, 0xff, 0xff, 0xff, 0xff, 0xff, 0xff, 0xff, 0xff, 0xff, 0xff, 0x70, 0x00, 0x00, 	//.....%@@@@@@@@@@@@@@@@@@@@*.....
0x00, 0x00, 0x00, 0x6f, 0xff, 0xff, 0xff, 0xff, 0xff, 0xff, 0xff, 0xff, 0xd3, 0x00, 0x00, 0x00, 	//......*@@@@@@@@@@@@@@@@@@+......
0x00, 0x00, 0x00, 0x01, 0x7e, 0xff, 0xff, 0xff, 0xff, 0xff, 0xff, 0xc5, 0x00, 0x00, 0x00, 0x00, 	//.......+*@@@@@@@@@@@@@@+........
0x00, 0x00, 0x00, 0x00, 0x00, 0x37, 0xbd, 0xef, 0xfe, 0xca, 0x62, 0x00, 0x00, 0x00, 0x00, 0x00, 	//..........+*%@@@@@@%*+..........


/* 9 */
0x00, 0x00, 0x00, 0x00, 0x00, 0x5a, 0xde, 0xfd, 0xc9, 0x40, 0x00, 0x00, 0x00, 0x00, 0x00, 0x00, 	//..........+%@@@@@%+.............
0x00, 0x00, 0x00, 0x01, 0x9f, 0xff, 0xff, 0xff, 0xff, 0xfe, 0x90, 0x00, 0x00, 0x00, 0x00, 0x00, 	//.......+%@@@@@@@@@@@%...........
0x00, 0x00, 0x00, 0x5e, 0xff, 0xff, 0xff, 0xff, 0xff, 0xff, 0xfe, 0x40, 0x00, 0x00, 0x00, 0x00, 	//......+@@@@@@@@@@@@@@@+.........
0x00, 0x00, 0x06, 0xff, 0xff, 0xff, 0xff, 0xff, 0xff, 0xff, 0xff, 0xf8, 0x00, 0x00, 0x00, 0x00, 	//.....*@@@@@@@@@@@@@@@@@*........
0x00, 0x00, 0x6f, 0xff, 0xff, 0xff, 0xda, 0x9a, 0xdf, 0xff, 0xff, 0xff, 0x70, 0x00, 0x00, 0x00, 	//....*@@@@@@@@%%%@@@@@@@@*.......
0x00, 0x02, 0xff, 0xff, 0xff, 0xc3, 0x00, 0x00, 0x03, 0xaf, 0xff, 0xff, 0xf6, 0x00, 0x00, 0x00, 	//...+@@@@@@@+.....+%@@@@@@*......
0x00, 0x0d, 0xff, 0xff, 0xf9, 0x00, 0x00, 0x00, 0x00, 0x05, 0xff, 0xff, 0xff, 0x10, 0x00, 0x00, 	//...@@@@@@%.........+@@@@@@+.....
0x00, 0x5f, 0xff, 0xff, 0xa0, 0x00, 0x00, 0x00, 0x00, 0x00, 0x5f, 0xff, 0xff, 0xa0, 0x00, 0x00, 	//..+@@@@@%...........+@@@@@%.....
0x00, 0xdf, 0xff, 0xfe, 0x10, 0x00, 0x00, 0x00, 0x00, 0x00, 0x09, 0xff, 0xff, 0xf3, 0x00, 0x00, 	//..@@@@@@+............%@@@@@+....
0x03, 0xff, 0xff, 0xf7, 0x00, 0x00, 0x00, 0x00, 0x00, 0x00, 0x01, 0xef, 0xff, 0xfa, 0x00, 0x00, 	//.+@@@@@*.............+@@@@@%....
0x07, 0xff, 0xff, 0xf1, 0x00, 0x00, 0x00, 0x00, 0x00, 0x00, 0x00, 0x7f, 0xff, 0xff, 0x10, 0x00, 	//.*@@@@@+..............*@@@@@+...
0x0c, 0xff, 0xff, 0xc0, 0x00, 0x00, 0x00, 0x00, 0x00, 0x00, 0x00, 0x1f, 0xff, 0xff, 0x60, 0x00, 	//.@@@@@@...............+@@@@@*...
0x0f, 0xff, 0xff, 0x90, 0x00, 0x00, 0x00, 0x00, 0x00, 0x00, 0x00, 0x0c, 0xff, 0xff, 0xc0, 0x00, 	//.@@@@@%................@@@@@@...
0x0f, 0xff, 0xff, 0x70, 0x00, 0x00, 0x00, 0x00, 0x00, 0x00, 0x00, 0x07, 0xff, 0xff, 0xf0, 0x00, 	//.@@@@@*................*@@@@@...
0x1f, 0xff, 0xff, 0x50, 0x00, 0x00, 0x00, 0x00, 0x00, 0x00, 0x00, 0x03, 0xff, 0xff, 0xf3, 0x00, 	//+@@@@@+................+@@@@@+..
0x2f, 0xff, 0xff, 0x50, 0x00, 0x00, 0x00, 0x00, 0x00, 0x00, 0x00, 0x00, 0xff, 0xff, 0xf6, 0x00, 	//+@@@@@+.................@@@@@*..
0x1f, 0xff, 0xff, 0x50, 0x00, 0x00, 0x00, 0x00, 0x00, 0x00, 0x00, 0x00, 0xdf, 0xff, 0xf9, 0x00, 	//+@@@@@+.................@@@@@%..
0x0f, 0xff, 0xff, 0x60, 0x00, 0x00, 0x00, 0x00, 0x00, 0x00, 0x00, 0x00, 0xbf, 0xff, 0xfb, 0x00, 	//.@@@@@*.................%@@@@%..
0x0f, 0xff, 0xff, 0x90, 0x00, 0x00, 0x00, 0x00, 0x00, 0x00, 0x00, 0x00, 0xaf, 0xff, 0xfc, 0x00, 	//.@@@@@%.................%@@@@@..
0x0d, 0xff, 0xff, 0xc0, 0x00, 0x00, 0x00, 0x00, 0x00, 0x00, 0x00, 0x00, 0x9f, 0xff, 0xfd, 0x00, 	//.@@@@@@.................%@@@@@..
0x09, 0xff, 0xff, 0xf1, 0x00, 0x00, 0x00, 0x00, 0x00, 0x00, 0x00, 0x04, 0xff, 0xff, 0xfe, 0x00, 	//.%@@@@@+...............+@@@@@@..
0x05, 0xff, 0xff, 0xf7, 0x00, 0x00, 0x00, 0x00, 0x00, 0x00, 0x00, 0x2e, 0xff, 0xff, 0xff, 0x00, 	//.+@@@@@*..............+@@@@@@@..
0x01, 0xff, 0xff, 0xff, 0x10, 0x00, 0x00, 0x00, 0x00, 0x00, 0x01, 0xdf, 0xff, 0xff, 0xff, 0x00, 	//.+@@@@@@+............+@@@@@@@@..
0x00, 0x9f, 0xff, 0xff, 0xb0, 0x00, 0x00, 0x00, 0x00, 0x00, 0x3e, 0xff, 0xff, 0xff, 0xff, 0x00, 	//..%@@@@@%...........+@@@@@@@@@..
0x00, 0x2f, 0xff, 0xff, 0xfb, 0x10, 0x00, 0x00, 0x00, 0x07, 0xff, 0xff, 0xff, 0xff, 0xff, 0x00, 	//..+@@@@@@%+........*@@@@@@@@@@..
0x00, 0x07, 0xff, 0xff, 0xff, 0xf9, 0x41, 0x01, 0x48, 0xef, 0xff, 0xfa, 0x8f, 0xff, 0xff, 0x00, 	//...*@@@@@@@%++.++*@@@@@%*@@@@@..
0x00, 0x00, 0xbf, 0xff, 0xff, 0xff, 0xff, 0xff, 0xff, 0xff, 0xff, 0xa0, 0x9f, 0xff, 0xfe, 0x00, 	//....%@@@@@@@@@@@@@@@@@%.%@@@@@..
0x00, 0x00, 0x09, 0xff, 0xff, 0xff, 0xff, 0xff, 0xff, 0xff, 0xf7, 0x00, 0xaf, 0xff, 0xfd, 0x00, 	//.....%@@@@@@@@@@@@@@@*..%@@@@@..
0x00, 0x00, 0x00, 0x6e, 0xff, 0xff, 0xff, 0xff, 0xff, 0xfc, 0x20, 0x00, 0xbf, 0xff, 0xfb, 0x00, 	//......*@@@@@@@@@@@@@+...%@@@@%..
0x00, 0x00, 0x00, 0x00, 0x6b, 0xff, 0xff, 0xff, 0xf9, 0x30, 0x00, 0x00, 0xdf, 0xff, 0xfa, 0x00, 	//........*%@@@@@@@%+.....@@@@@%..
0x00, 0x00, 0x00, 0x00, 0x00, 0x02, 0x45, 0x41, 0x00, 0x00, 0x00, 0x00, 0xff, 0xff, 0xf7, 0x00, 	//...........+++++........@@@@@*..
0x00, 0x00, 0x00, 0x00, 0x00, 0x00, 0x00, 0x00, 0x00, 0x00, 0x00, 0x02, 0xff, 0xff, 0xf5, 0x00, 	//.......................+@@@@@+..
0x00, 0x00, 0x00, 0x00, 0x00, 0x00, 0x00, 0x00, 0x00, 0x00, 0x00, 0x05, 0xff, 0xff, 0xf2, 0x00, 	//.......................+@@@@@+..
0x00, 0x00, 0x00, 0x00, 0x00, 0x00, 0x00, 0x00, 0x00, 0x00, 0x00, 0x08, 0xff, 0xff, 0xe0, 0x00, 	//.......................*@@@@@...
0x00, 0x00, 0x00, 0x00, 0x00, 0x00, 0x00, 0x00, 0x00, 0x00, 0x00, 0x0d, 0xff, 0xff, 0xa0, 0x00, 	//.......................@@@@@%...
0x00, 0x00, 0x00, 0x00, 0x00, 0x00, 0x00, 0x00, 0x00, 0x00, 0x00, 0x2f, 0xff, 0xff, 0x50, 0x00, 	//......................+@@@@@+...
0x00, 0x00, 0x00, 0x00, 0x00, 0x00, 0x00, 0x00, 0x00, 0x00, 0x00, 0x8f, 0xff, 0xff, 0x00, 0x00, 	//......................*@@@@@....
0x00, 0x00, 0x00, 0x00, 0x00, 0x00, 0x00, 0x00, 0x00, 0x00, 0x00, 0xef, 0xff, 0xfa, 0x00, 0x00, 	//......................@@@@@%....
0x00, 0x00, 0x00, 0x00, 0x00, 0x00, 0x00, 0x00, 0x00, 0x00, 0x07, 0xff, 0xff, 0xf4, 0x00, 0x00, 	//.....................*@@@@@+....
0x00, 0x00, 0x00, 0x00, 0x00, 0x00, 0x00, 0x00, 0x00, 0x00, 0x1f, 0xff, 0xff, 0xd0, 0x00, 0x00, 	//....................+@@@@@@.....
0x00, 0x00, 0x21, 0x00, 0x00, 0x00, 0x00, 0x00, 0x00, 0x00, 0xcf, 0xff, 0xff, 0x40, 0x00, 0x00, 	//....++..............@@@@@@+.....
0x00, 0x01, 0xdd, 0x10, 0x00, 0x00, 0x00, 0x00, 0x00, 0x0a, 0xff, 0xff, 0xfb, 0x00, 0x00, 0x00, 	//...+@@+............%@@@@@%......
0x00, 0x0c, 0xff, 0xe6, 0x00, 0x00, 0x00, 0x00, 0x02, 0xcf, 0xff, 0xff, 0xf2, 0x00, 0x00, 0x00, 	//...@@@@*.........+@@@@@@@+......
0x00, 0xaf, 0xff, 0xff, 0xd7, 0x20, 0x00, 0x04, 0x9f, 0xff, 0xff, 0xff, 0x50, 0x00, 0x00, 0x00, 	//..%@@@@@@*+....+%@@@@@@@+.......
0x01, 0xdf, 0xff, 0xff, 0xff, 0xff, 0xee, 0xff, 0xff, 0xff, 0xff, 0xf6, 0x00, 0x00, 0x00, 0x00, 	//.+@@@@@@@@@@@@@@@@@@@@@*........
0x00, 0x1c, 0xff, 0xff, 0xff, 0xff, 0xff, 0xff, 0xff, 0xff, 0xff, 0x60, 0x00, 0x00, 0x00, 0x00, 	//..+@@@@@@@@@@@@@@@@@@@*.........
0x00, 0x00, 0x7f, 0xff, 0xff, 0xff, 0xff, 0xff, 0xff, 0xff, 0xd3, 0x00, 0x00, 0x00, 0x00, 0x00, 	//....*@@@@@@@@@@@@@@@@+..........
0x00, 0x00, 0x01, 0xaf, 0xff, 0xff, 0xff, 0xff, 0xff, 0xd7, 0x00, 0x00, 0x00, 0x00, 0x00, 0x00, 	//.....+%@@@@@@@@@@@@*............
0x00, 0x00, 0x00, 0x00, 0x59, 0xbd, 0xff, 0xdb, 0x93, 0x00, 0x00, 0x00, 0x00, 0x00, 0x00, 0x00, 	//........+%%@@@@%%+..............


/* : */
0x00, 0x2a, 0xdd, 0x90, 0x00, 	//..+%@@%...
0x03, 0xff, 0xff, 0xfd, 0x10, 	//.+@@@@@@+.
0x0d, 0xff, 0xff, 0xff, 0x90, 	//.@@@@@@@%.
0x2f, 0xff, 0xff, 0xff, 0xe0, 	//+@@@@@@@@.
0x4f, 0xff, 0xff, 0xff, 0xf0, 	//+@@@@@@@@.
0x2f, 0xff, 0xff, 0xff, 0xe0, 	//+@@@@@@@@.
0x0e, 0xff, 0xff, 0xff, 0xa0, 	//.@@@@@@@%.
0x04, 0xff, 0xff, 0xfe, 0x10, 	//.+@@@@@@+.
0x00, 0x3b, 0xee, 0xa1, 0x00, 	//..+%@@%+..
0x00, 0x00, 0x00, 0x00, 0x00, 	//..........
0x00, 0x00, 0x00, 0x00, 0x00, 	//..........
0x00, 0x00, 0x00, 0x00, 0x00, 	//..........
0x00, 0x00, 0x00, 0x00, 0x00, 	//..........
0x00, 0x00, 0x00, 0x00, 0x00, 	//..........
0x00, 0x00, 0x00, 0x00, 0x00, 	//..........
0x00, 0x00, 0x00, 0x00, 0x00, 	//..........
0x00, 0x00, 0x00, 0x00, 0x00, 	//..........
0x00, 0x00, 0x00, 0x00, 0x00, 	//..........
0x00, 0x00, 0x00, 0x00, 0x00, 	//..........
0x00, 0x00, 0x00, 0x00, 0x00, 	//..........
0x00, 0x00, 0x00, 0x00, 0x00, 	//..........
0x00, 0x00, 0x00, 0x00, 0x00, 	//..........
0x00, 0x00, 0x00, 0x00, 0x00, 	//..........
0x00, 0x00, 0x00, 0x00, 0x00, 	//..........
0x00, 0x00, 0x00, 0x00, 0x00, 	//..........
0x00, 0x00, 0x00, 0x00, 0x00, 	//..........
0x00, 0x29, 0xcc, 0x80, 0x00, 	//..+%@@*...
0x03, 0xff, 0xff, 0xfd, 0x10, 	//.+@@@@@@+.
0x0d, 0xff, 0xff, 0xff, 0x90, 	//.@@@@@@@%.
0x2f, 0xff, 0xff, 0xff, 0xe0, 	//+@@@@@@@@.
0x4f, 0xff, 0xff, 0xff, 0xf0, 	//+@@@@@@@@.
0x2f, 0xff, 0xff, 0xff, 0xe0, 	//+@@@@@@@@.
0x0e, 0xff, 0xff, 0xff, 0xa0, 	//.@@@@@@@%.
0x04, 0xff, 0xff, 0xfe, 0x10, 	//.+@@@@@@+.
0x00, 0x3b, 0xee, 0xa1, 0x00, 	//..+%@@%+..


/* ; */
0x00, 0x03, 0xbe, 0xd9, 0x10, 0x00, 	//...+%@@%+...
0x00, 0x4f, 0xff, 0xff, 0xe1, 0x00, 	//..+@@@@@@+..
0x00, 0xdf, 0xff, 0xff, 0xfa, 0x00, 	//..@@@@@@@%..
0x02, 0xff, 0xff, 0xff, 0xfe, 0x00, 	//.+@@@@@@@@..
0x04, 0xff, 0xff, 0xff, 0xff, 0x00, 	//.+@@@@@@@@..
0x02, 0xff, 0xff, 0xff, 0xfe, 0x00, 	//.+@@@@@@@@..
0x00, 0xdf, 0xff, 0xff, 0xfa, 0x00, 	//..@@@@@@@%..
0x00, 0x4f, 0xff, 0xff, 0xe1, 0x00, 	//..+@@@@@@+..
0x00, 0x02, 0xbe, 0xd9, 0x10, 0x00, 	//...+%@@%+...
0x00, 0x00, 0x00, 0x00, 0x00, 0x00, 	//............
0x00, 0x00, 0x00, 0x00, 0x00, 0x00, 	//............
0x00, 0x00, 0x00, 0x00, 0x00, 0x00, 	//............
0x00, 0x00, 0x00, 0x00, 0x00, 0x00, 	//............
0x00, 0x00, 0x00, 0x00, 0x00, 0x00, 	//............
0x00, 0x00, 0x00, 0x00, 0x00, 0x00, 	//............
0x00, 0x00, 0x00, 0x00, 0x00, 0x00, 	//............
0x00, 0x00, 0x00, 0x00, 0x00, 0x00, 	//............
0x00, 0x00, 0x00, 0x00, 0x00, 0x00, 	//............
0x00, 0x00, 0x00, 0x00, 0x00, 0x00, 	//............
0x00, 0x00, 0x00, 0x00, 0x00, 0x00, 	//............
0x00, 0x00, 0x00, 0x00, 0x00, 0x00, 	//............
0x00, 0x00, 0x00, 0x00, 0x00, 0x00, 	//............
0x00, 0x00, 0x00, 0x00, 0x00, 0x00, 	//............
0x00, 0x00, 0x00, 0x00, 0x00, 0x00, 	//............
0x00, 0x00, 0x00, 0x00, 0x00, 0x00, 	//............
0x00, 0x00, 0x01, 0x10, 0x00, 0x00, 	//.....++.....
0x00, 0x04, 0xdf, 0xfe, 0x70, 0x00, 	//...+@@@@*...
0x00, 0x5f, 0xff, 0xff, 0xfa, 0x00, 	//..+@@@@@@%..
0x00, 0xef, 0xff, 0xff, 0xff, 0x30, 	//..@@@@@@@@+.
0x01, 0xff, 0xff, 0xff, 0xff, 0xa0, 	//.+@@@@@@@@%.
0x01, 0xff, 0xff, 0xff, 0xff, 0xe0, 	//.+@@@@@@@@@.
0x00, 0xdf, 0xff, 0xff, 0xff, 0xf0, 	//..@@@@@@@@@.
0x00, 0x3f, 0xff, 0xff, 0xff, 0xf1, 	//..+@@@@@@@@+
0x00, 0x02, 0xbe, 0xff, 0xff, 0xf1, 	//...+%@@@@@@+
0x00, 0x00, 0x00, 0x5f, 0xff, 0xf0, 	//......+@@@@.
0x00, 0x00, 0x00, 0x7f, 0xff, 0xd0, 	//......*@@@@.
0x00, 0x00, 0x00, 0xaf, 0xff, 0x90, 	//......%@@@%.
0x00, 0x00, 0x02, 0xff, 0xff, 0x40, 	//.....+@@@@+.
0x00, 0x00, 0x0a, 0xff, 0xfd, 0x00, 	//.....%@@@@..
0x00, 0x00, 0x6f, 0xff, 0xf5, 0x00, 	//....*@@@@+..
0x00, 0x06, 0xff, 0xff, 0xc0, 0x00, 	//...*@@@@@...
0x01, 0xaf, 0xff, 0xfe, 0x10, 0x00, 	//.+%@@@@@+...
0x5f, 0xff, 0xff, 0xe3, 0x00, 0x00, 	//+@@@@@@+....
0x3f, 0xff, 0xfd, 0x20, 0x00, 0x00, 	//+@@@@@+.....
0x0d, 0xff, 0x70, 0x00, 0x00, 0x00, 	//.@@@*.......
0x06, 0xa1, 0x00, 0x00, 0x00, 0x00, 	//.*%+........
0x00, 0x00, 0x00, 0x00, 0x00, 0x00, 	//............


/* < */
0x00, 0x00, 0x00, 0x00, 0x00, 0x00, 0x00, 0x00, 0x00, 0x00, 0x00, 0x00, 0x00, 0x00, 0x05, 0xb2, 	//.............................+%+
0x00, 0x00, 0x00, 0x00, 0x00, 0x00, 0x00, 0x00, 0x00, 0x00, 0x00, 0x00, 0x00, 0x29, 0xef, 0xf2, 	//..........................+%@@@+
0x00, 0x00, 0x00, 0x00, 0x00, 0x00, 0x00, 0x00, 0x00, 0x00, 0x00, 0x00, 0x6c, 0xff, 0xff, 0xf2, 	//........................*@@@@@@+
0x00, 0x00, 0x00, 0x00, 0x00, 0x00, 0x00, 0x00, 0x00, 0x00, 0x03, 0x9f, 0xff, 0xff, 0xff, 0xf2, 	//.....................+%@@@@@@@@+
0x00, 0x00, 0x00, 0x00, 0x00, 0x00, 0x00, 0x00, 0x00, 0x06, 0xcf, 0xff, 0xff, 0xff, 0xff, 0xf2, 	//...................*@@@@@@@@@@@+
0x00, 0x00, 0x00, 0x00, 0x00, 0x00, 0x00, 0x00, 0x39, 0xff, 0xff, 0xff, 0xff, 0xff, 0xfa, 0x40, 	//................+%@@@@@@@@@@@%+.
0x00, 0x00, 0x00, 0x00, 0x00, 0x00, 0x01, 0x7d, 0xff, 0xff, 0xff, 0xff, 0xff, 0xc6, 0x10, 0x00, 	//.............+*@@@@@@@@@@@@*+...
0x00, 0x00, 0x00, 0x00, 0x00, 0x04, 0xaf, 0xff, 0xff, 0xff, 0xff, 0xfe, 0x82, 0x00, 0x00, 0x00, 	//...........+%@@@@@@@@@@@*+......
0x00, 0x00, 0x00, 0x00, 0x17, 0xdf, 0xff, 0xff, 0xff, 0xff, 0xfa, 0x40, 0x00, 0x00, 0x00, 0x00, 	//........+*@@@@@@@@@@@%+.........
0x00, 0x00, 0x00, 0x4a, 0xff, 0xff, 0xff, 0xff, 0xff, 0xc6, 0x00, 0x00, 0x00, 0x00, 0x00, 0x00, 	//......+%@@@@@@@@@@@*............
0x00, 0x01, 0x7e, 0xff, 0xff, 0xff, 0xff, 0xfd, 0x72, 0x00, 0x00, 0x00, 0x00, 0x00, 0x00, 0x00, 	//...+*@@@@@@@@@@@*+..............
0x05, 0xbf, 0xff, 0xff, 0xff, 0xff, 0xf9, 0x30, 0x00, 0x00, 0x00, 0x00, 0x00, 0x00, 0x00, 0x00, 	//.+%@@@@@@@@@@%+.................
0x9f, 0xff, 0xff, 0xff, 0xff, 0xb5, 0x00, 0x00, 0x00, 0x00, 0x00, 0x00, 0x00, 0x00, 0x00, 0x00, 	//%@@@@@@@@@%+....................
0x9f, 0xff, 0xff, 0xfd, 0x71, 0x00, 0x00, 0x00, 0x00, 0x00, 0x00, 0x00, 0x00, 0x00, 0x00, 0x00, 	//%@@@@@@@*+......................
0x9f, 0xff, 0xff, 0xb1, 0x00, 0x00, 0x00, 0x00, 0x00, 0x00, 0x00, 0x00, 0x00, 0x00, 0x00, 0x00, 	//%@@@@@%+........................
0x9f, 0xff, 0xff, 0xff, 0xa4, 0x00, 0x00, 0x00, 0x00, 0x00, 0x00, 0x00, 0x00, 0x00, 0x00, 0x00, 	//%@@@@@@@%+......................
0x7f, 0xff, 0xff, 0xff, 0xff, 0xe8, 0x20, 0x00, 0x00, 0x00, 0x00, 0x00, 0x00, 0x00, 0x00, 0x00, 	//*@@@@@@@@@@*+...................
0x02, 0x8e, 0xff, 0xff, 0xff, 0xff, 0xfc, 0x61, 0x00, 0x00, 0x00, 0x00, 0x00, 0x00, 0x00, 0x00, 	//.+*@@@@@@@@@@@*+................
0x00, 0x00, 0x5b, 0xff, 0xff, 0xff, 0xff, 0xff, 0xa4, 0x00, 0x00, 0x00, 0x00, 0x00, 0x00, 0x00, 	//....+%@@@@@@@@@@%+..............
0x00, 0x00, 0x00, 0x17, 0xef, 0xff, 0xff, 0xff, 0xff, 0xe9, 0x30, 0x00, 0x00, 0x00, 0x00, 0x00, 	//......+*@@@@@@@@@@@%+...........
0x00, 0x00, 0x00, 0x00, 0x04, 0xaf, 0xff, 0xff, 0xff, 0xff, 0xfd, 0x71, 0x00, 0x00, 0x00, 0x00, 	//.........+%@@@@@@@@@@@*+........
0x00, 0x00, 0x00, 0x00, 0x00, 0x01, 0x7d, 0xff, 0xff, 0xff, 0xff, 0xff, 0xb6, 0x00, 0x00, 0x00, 	//...........+*@@@@@@@@@@@%*......
0x00, 0x00, 0x00, 0x00, 0x00, 0x00, 0x00, 0x4a, 0xff, 0xff, 0xff, 0xff, 0xff, 0xfa, 0x40, 0x00, 	//..............+%@@@@@@@@@@@%+...
0x00, 0x00, 0x00, 0x00, 0x00, 0x00, 0x00, 0x00, 0x16, 0xdf, 0xff, 0xff, 0xff, 0xff, 0xfe, 0x80, 	//................+*@@@@@@@@@@@@*.
0x00, 0x00, 0x00, 0x00, 0x00, 0x00, 0x00, 0x00, 0x00, 0x03, 0x9f, 0xff, 0xff, 0xff, 0xff, 0xf2, 	//...................+%@@@@@@@@@@+
0x00, 0x00, 0x00, 0x00, 0x00, 0x00, 0x00, 0x00, 0x00, 0x00, 0x00, 0x6c, 0xff, 0xff, 0xff, 0xf2, 	//......................*@@@@@@@@+
0x00, 0x00, 0x00, 0x00, 0x00, 0x00, 0x00, 0x00, 0x00, 0x00, 0x00, 0x00, 0x39, 0xff, 0xff, 0xf2, 	//........................+%@@@@@+
0x00, 0x00, 0x00, 0x00, 0x00, 0x00, 0x00, 0x00, 0x00, 0x00, 0x00, 0x00, 0x00, 0x06, 0xcf, 0xf2, 	//...........................*@@@+
0x00, 0x00, 0x00, 0x00, 0x00, 0x00, 0x00, 0x00, 0x00, 0x00, 0x00, 0x00, 0x00, 0x00, 0x02, 0x81, 	//.............................+*+


/* = */
0x35, 0x55, 0x55, 0x55, 0x55, 0x55, 0x55, 0x55, 0x55, 0x55, 0x55, 0x55, 0x55, 0x55, 0x55, 0x50, 	//+++++++++++++++++++++++++++++++.
0x9f, 0xff, 0xff, 0xff, 0xff, 0xff, 0xff, 0xff, 0xff, 0xff, 0xff, 0xff, 0xff, 0xff, 0xff, 0xf2, 	//%@@@@@@@@@@@@@@@@@@@@@@@@@@@@@@+
0x9f, 0xff, 0xff, 0xff, 0xff, 0xff, 0xff, 0xff, 0xff, 0xff, 0xff, 0xff, 0xff, 0xff, 0xff, 0xf2, 	//%@@@@@@@@@@@@@@@@@@@@@@@@@@@@@@+
0x9f, 0xff, 0xff, 0xff, 0xff, 0xff, 0xff, 0xff, 0xff, 0xff, 0xff, 0xff, 0xff, 0xff, 0xff, 0xf2, 	//%@@@@@@@@@@@@@@@@@@@@@@@@@@@@@@+
0x9f, 0xff, 0xff, 0xff, 0xff, 0xff, 0xff, 0xff, 0xff, 0xff, 0xff, 0xff, 0xff, 0xff, 0xff, 0xf2, 	//%@@@@@@@@@@@@@@@@@@@@@@@@@@@@@@+
0x00, 0x00, 0x00, 0x00, 0x00, 0x00, 0x00, 0x00, 0x00, 0x00, 0x00, 0x00, 0x00, 0x00, 0x00, 0x00, 	//................................
0x00, 0x00, 0x00, 0x00, 0x00, 0x00, 0x00, 0x00, 0x00, 0x00, 0x00, 0x00, 0x00, 0x00, 0x00, 0x00, 	//................................
0x00, 0x00, 0x00, 0x00, 0x00, 0x00, 0x00, 0x00, 0x00, 0x00, 0x00, 0x00, 0x00, 0x00, 0x00, 0x00, 	//................................
0x00, 0x00, 0x00, 0x00, 0x00, 0x00, 0x00, 0x00, 0x00, 0x00, 0x00, 0x00, 0x00, 0x00, 0x00, 0x00, 	//................................
0x00, 0x00, 0x00, 0x00, 0x00, 0x00, 0x00, 0x00, 0x00, 0x00, 0x00, 0x00, 0x00, 0x00, 0x00, 0x00, 	//................................
0x00, 0x00, 0x00, 0x00, 0x00, 0x00, 0x00, 0x00, 0x00, 0x00, 0x00, 0x00, 0x00, 0x00, 0x00, 0x00, 	//................................
0x00, 0x00, 0x00, 0x00, 0x00, 0x00, 0x00, 0x00, 0x00, 0x00, 0x00, 0x00, 0x00, 0x00, 0x00, 0x00, 	//................................
0x00, 0x00, 0x00, 0x00, 0x00, 0x00, 0x00, 0x00, 0x00, 0x00, 0x00, 0x00, 0x00, 0x00, 0x00, 0x00, 	//................................
0x00, 0x00, 0x00, 0x00, 0x00, 0x00, 0x00, 0x00, 0x00, 0x00, 0x00, 0x00, 0x00, 0x00, 0x00, 0x00, 	//................................
0x00, 0x00, 0x00, 0x00, 0x00, 0x00, 0x00, 0x00, 0x00, 0x00, 0x00, 0x00, 0x00, 0x00, 0x00, 0x00, 	//................................
0x00, 0x00, 0x00, 0x00, 0x00, 0x00, 0x00, 0x00, 0x00, 0x00, 0x00, 0x00, 0x00, 0x00, 0x00, 0x00, 	//................................
0x9f, 0xff, 0xff, 0xff, 0xff, 0xff, 0xff, 0xff, 0xff, 0xff, 0xff, 0xff, 0xff, 0xff, 0xff, 0xf2, 	//%@@@@@@@@@@@@@@@@@@@@@@@@@@@@@@+
0x9f, 0xff, 0xff, 0xff, 0xff, 0xff, 0xff, 0xff, 0xff, 0xff, 0xff, 0xff, 0xff, 0xff, 0xff, 0xf2, 	//%@@@@@@@@@@@@@@@@@@@@@@@@@@@@@@+
0x9f, 0xff, 0xff, 0xff, 0xff, 0xff, 0xff, 0xff, 0xff, 0xff, 0xff, 0xff, 0xff, 0xff, 0xff, 0xf2, 	//%@@@@@@@@@@@@@@@@@@@@@@@@@@@@@@+
0x9f, 0xff, 0xff, 0xff, 0xff, 0xff, 0xff, 0xff, 0xff, 0xff, 0xff, 0xff, 0xff, 0xff, 0xff, 0xf2, 	//%@@@@@@@@@@@@@@@@@@@@@@@@@@@@@@+
0x35, 0x55, 0x55, 0x55, 0x55, 0x55, 0x55, 0x55, 0x55, 0x55, 0x55, 0x55, 0x55, 0x55, 0x55, 0x50, 	//+++++++++++++++++++++++++++++++.


/* > */
0x89, 0x20, 0x00, 0x00, 0x00, 0x00, 0x00, 0x00, 0x00, 0x00, 0x00, 0x00, 0x00, 0x00, 0x00, 0x00, 	//*%+.............................
0x9f, 0xfc, 0x60, 0x00, 0x00, 0x00, 0x00, 0x00, 0x00, 0x00, 0x00, 0x00, 0x00, 0x00, 0x00, 0x00, 	//%@@@*...........................
0x9f, 0xff, 0xff, 0x93, 0x00, 0x00, 0x00, 0x00, 0x00, 0x00, 0x00, 0x00, 0x00, 0x00, 0x00, 0x00, 	//%@@@@@%+........................
0x9f, 0xff, 0xff, 0xff, 0xd6, 0x10, 0x00, 0x00, 0x00, 0x00, 0x00, 0x00, 0x00, 0x00, 0x00, 0x00, 	//%@@@@@@@@*+.....................
0x9f, 0xff, 0xff, 0xff, 0xff, 0xfa, 0x30, 0x00, 0x00, 0x00, 0x00, 0x00, 0x00, 0x00, 0x00, 0x00, 	//%@@@@@@@@@@%+...................
0x17, 0xdf, 0xff, 0xff, 0xff, 0xff, 0xfd, 0x71, 0x00, 0x00, 0x00, 0x00, 0x00, 0x00, 0x00, 0x00, 	//+*@@@@@@@@@@@@*+................
0x00, 0x03, 0x9e, 0xff, 0xff, 0xff, 0xff, 0xff, 0xa4, 0x00, 0x00, 0x00, 0x00, 0x00, 0x00, 0x00, 	//...+%@@@@@@@@@@@%+..............
0x00, 0x00, 0x00, 0x5b, 0xff, 0xff, 0xff, 0xff, 0xff, 0xd7, 0x10, 0x00, 0x00, 0x00, 0x00, 0x00, 	//......+%@@@@@@@@@@@*+...........
0x00, 0x00, 0x00, 0x00, 0x17, 0xdf, 0xff, 0xff, 0xff, 0xff, 0xfb, 0x40, 0x00, 0x00, 0x00, 0x00, 	//........+*@@@@@@@@@@@%+.........
0x00, 0x00, 0x00, 0x00, 0x00, 0x03, 0x8e, 0xff, 0xff, 0xff, 0xff, 0xfe, 0x81, 0x00, 0x00, 0x00, 	//...........+*@@@@@@@@@@@*+......
0x00, 0x00, 0x00, 0x00, 0x00, 0x00, 0x00, 0x4a, 0xff, 0xff, 0xff, 0xff, 0xff, 0xb5, 0x00, 0x00, 	//..............+%@@@@@@@@@@%+....
0x00, 0x00, 0x00, 0x00, 0x00, 0x00, 0x00, 0x00, 0x16, 0xcf, 0xff, 0xff, 0xff, 0xff, 0xe8, 0x20, 	//................+*@@@@@@@@@@@*+.
0x00, 0x00, 0x00, 0x00, 0x00, 0x00, 0x00, 0x00, 0x00, 0x02, 0x8e, 0xff, 0xff, 0xff, 0xff, 0xf2, 	//...................+*@@@@@@@@@@+
0x00, 0x00, 0x00, 0x00, 0x00, 0x00, 0x00, 0x00, 0x00, 0x00, 0x00, 0x4a, 0xff, 0xff, 0xff, 0xf2, 	//......................+%@@@@@@@+
0x00, 0x00, 0x00, 0x00, 0x00, 0x00, 0x00, 0x00, 0x00, 0x00, 0x00, 0x00, 0x4f, 0xff, 0xff, 0xf2, 	//........................+@@@@@@+
0x00, 0x00, 0x00, 0x00, 0x00, 0x00, 0x00, 0x00, 0x00, 0x00, 0x01, 0x7d, 0xff, 0xff, 0xff, 0xf2, 	//.....................+*@@@@@@@@+
0x00, 0x00, 0x00, 0x00, 0x00, 0x00, 0x00, 0x00, 0x00, 0x05, 0xbf, 0xff, 0xff, 0xff, 0xff, 0xe1, 	//...................+%@@@@@@@@@@+
0x00, 0x00, 0x00, 0x00, 0x00, 0x00, 0x00, 0x00, 0x39, 0xff, 0xff, 0xff, 0xff, 0xff, 0xb5, 0x00, 	//................+%@@@@@@@@@@%+..
0x00, 0x00, 0x00, 0x00, 0x00, 0x00, 0x02, 0x7d, 0xff, 0xff, 0xff, 0xff, 0xfe, 0x82, 0x00, 0x00, 	//.............+*@@@@@@@@@@@*+....
0x00, 0x00, 0x00, 0x00, 0x00, 0x06, 0xcf, 0xff, 0xff, 0xff, 0xff, 0xfb, 0x50, 0x00, 0x00, 0x00, 	//...........*@@@@@@@@@@@%+.......
0x00, 0x00, 0x00, 0x00, 0x4a, 0xff, 0xff, 0xff, 0xff, 0xff, 0xe8, 0x10, 0x00, 0x00, 0x00, 0x00, 	//........+%@@@@@@@@@@@*+.........
0x00, 0x00, 0x02, 0x8e, 0xff, 0xff, 0xff, 0xff, 0xff, 0xb4, 0x00, 0x00, 0x00, 0x00, 0x00, 0x00, 	//.....+*@@@@@@@@@@@%+............
0x00, 0x17, 0xcf, 0xff, 0xff, 0xff, 0xff, 0xfd, 0x71, 0x00, 0x00, 0x00, 0x00, 0x00, 0x00, 0x00, 	//..+*@@@@@@@@@@@@*+..............
0x3b, 0xff, 0xff, 0xff, 0xff, 0xff, 0xfa, 0x40, 0x00, 0x00, 0x00, 0x00, 0x00, 0x00, 0x00, 0x00, 	//+%@@@@@@@@@@@%+.................
0x9f, 0xff, 0xff, 0xff, 0xff, 0xd7, 0x10, 0x00, 0x00, 0x00, 0x00, 0x00, 0x00, 0x00, 0x00, 0x00, 	//%@@@@@@@@@@*+...................
0x9f, 0xff, 0xff, 0xff, 0xa3, 0x00, 0x00, 0x00, 0x00, 0x00, 0x00, 0x00, 0x00, 0x00, 0x00, 0x00, 	//%@@@@@@@%+......................
0x9f, 0xff, 0xfc, 0x60, 0x00, 0x00, 0x00, 0x00, 0x00, 0x00, 0x00, 0x00, 0x00, 0x00, 0x00, 0x00, 	//%@@@@@*.........................
0x9f, 0xf9, 0x30, 0x00, 0x00, 0x00, 0x00, 0x00, 0x00, 0x00, 0x00, 0x00, 0x00, 0x00, 0x00, 0x00, 	//%@@%+...........................
0x66, 0x00, 0x00, 0x00, 0x00, 0x00, 0x00, 0x00, 0x00, 0x00, 0x00, 0x00, 0x00, 0x00, 0x00, 0x00, 	//**..............................


/* ? */
0x00, 0x00, 0x00, 0x00, 0x16, 0x8a, 0xcd, 0xba, 0x62, 0x00, 0x00, 0x00, 0x00, 	//........+**%@@%%*+........
0x00, 0x00, 0x00, 0x5b, 0xff, 0xff, 0xff, 0xff, 0xff, 0xc4, 0x00, 0x00, 0x00, 	//......+%@@@@@@@@@@@+......
0x00, 0x00, 0x3d, 0xff, 0xff, 0xff, 0xff, 0xff, 0xff, 0xff, 0xa0, 0x00, 0x00, 	//....+@@@@@@@@@@@@@@@%.....
0x00, 0x08, 0xff, 0xff, 0xff, 0xff, 0xff, 0xff, 0xff, 0xff, 0xfd, 0x10, 0x00, 	//...*@@@@@@@@@@@@@@@@@@+...
0x00, 0xaf, 0xff, 0xff, 0xff, 0xff, 0xff, 0xff, 0xff, 0xff, 0xff, 0xb0, 0x00, 	//..%@@@@@@@@@@@@@@@@@@@%...
0x0a, 0xff, 0xff, 0xff, 0xd7, 0x31, 0x01, 0x4a, 0xff, 0xff, 0xff, 0xf6, 0x00, 	//.%@@@@@@@*++.++%@@@@@@@*..
0x0b, 0xff, 0xff, 0xe5, 0x00, 0x00, 0x00, 0x00, 0x5e, 0xff, 0xff, 0xfe, 0x00, 	//.%@@@@@+........+@@@@@@@..
0x00, 0xaf, 0xfb, 0x10, 0x00, 0x00, 0x00, 0x00, 0x03, 0xff, 0xff, 0xff, 0x40, 	//..%@@%+..........+@@@@@@+.
0x00, 0x09, 0xb0, 0x00, 0x00, 0x00, 0x00, 0x00, 0x00, 0xaf, 0xff, 0xff, 0x80, 	//...%%.............%@@@@@*.
0x00, 0x00, 0x00, 0x00, 0x00, 0x00, 0x00, 0x00, 0x00, 0x2f, 0xff, 0xff, 0xc0, 	//..................+@@@@@@.
0x00, 0x00, 0x00, 0x00, 0x00, 0x00, 0x00, 0x00, 0x00, 0x0f, 0xff, 0xff, 0xd0, 	//...................@@@@@@.
0x00, 0x00, 0x00, 0x00, 0x00, 0x00, 0x00, 0x00, 0x00, 0x0d, 0xff, 0xff, 0xe0, 	//...................@@@@@@.
0x00, 0x00, 0x00, 0x00, 0x00, 0x00, 0x00, 0x00, 0x00, 0x0d, 0xff, 0xff, 0xc0, 	//...................@@@@@@.
0x00, 0x00, 0x00, 0x00, 0x00, 0x00, 0x00, 0x00, 0x00, 0x0f, 0xff, 0xff, 0xa0, 	//...................@@@@@%.
0x00, 0x00, 0x00, 0x00, 0x00, 0x00, 0x00, 0x00, 0x00, 0x3f, 0xff, 0xff, 0x70, 	//..................+@@@@@*.
0x00, 0x00, 0x00, 0x00, 0x00, 0x00, 0x00, 0x00, 0x00, 0xaf, 0xff, 0xff, 0x20, 	//..................%@@@@@+.
0x00, 0x00, 0x00, 0x00, 0x00, 0x00, 0x00, 0x00, 0x02, 0xff, 0xff, 0xfb, 0x00, 	//.................+@@@@@%..
0x00, 0x00, 0x00, 0x00, 0x00, 0x00, 0x00, 0x00, 0x0b, 0xff, 0xff, 0xf4, 0x00, 	//.................%@@@@@+..
0x00, 0x00, 0x00, 0x00, 0x00, 0x00, 0x00, 0x00, 0x7f, 0xff, 0xff, 0xb0, 0x00, 	//................*@@@@@%...
0x00, 0x00, 0x00, 0x00, 0x00, 0x00, 0x00, 0x03, 0xff, 0xff, 0xfe, 0x10, 0x00, 	//...............+@@@@@@+...
0x00, 0x00, 0x00, 0x00, 0x00, 0x00, 0x00, 0x1e, 0xff, 0xff, 0xf5, 0x00, 0x00, 	//..............+@@@@@@+....
0x00, 0x00, 0x00, 0x00, 0x00, 0x00, 0x00, 0xbf, 0xff, 0xff, 0x80, 0x00, 0x00, 	//..............%@@@@@*.....
0x00, 0x00, 0x00, 0x00, 0x00, 0x00, 0x08, 0xff, 0xff, 0xfb, 0x00, 0x00, 0x00, 	//.............*@@@@@%......
0x00, 0x00, 0x00, 0x00, 0x00, 0x00, 0x4f, 0xff, 0xff, 0xe1, 0x00, 0x00, 0x00, 	//............+@@@@@@+......
0x00, 0x00, 0x00, 0x00, 0x00, 0x01, 0xef, 0xff, 0xff, 0x30, 0x00, 0x00, 0x00, 	//...........+@@@@@@+.......
0x00, 0x00, 0x00, 0x00, 0x00, 0x08, 0xff, 0xff, 0xf7, 0x00, 0x00, 0x00, 0x00, 	//...........*@@@@@*........
0x00, 0x00, 0x00, 0x00, 0x00, 0x1f, 0xff, 0xff, 0xc0, 0x00, 0x00, 0x00, 0x00, 	//..........+@@@@@@.........
0x00, 0x00, 0x00, 0x00, 0x00, 0x9f, 0xff, 0xff, 0x30, 0x00, 0x00, 0x00, 0x00, 	//..........%@@@@@+.........
0x00, 0x00, 0x00, 0x00, 0x00, 0xef, 0xff, 0xfa, 0x00, 0x00, 0x00, 0x00, 0x00, 	//..........@@@@@%..........
0x00, 0x00, 0x00, 0x00, 0x03, 0xff, 0xff, 0xf5, 0x00, 0x00, 0x00, 0x00, 0x00, 	//.........+@@@@@+..........
0x00, 0x00, 0x00, 0x00, 0x07, 0xff, 0xff, 0xf0, 0x00, 0x00, 0x00, 0x00, 0x00, 	//.........*@@@@@...........
0x00, 0x00, 0x00, 0x00, 0x0a, 0xff, 0xff, 0xb0, 0x00, 0x00, 0x00, 0x00, 0x00, 	//.........%@@@@%...........
0x00, 0x00, 0x00, 0x00, 0x0b, 0xff, 0xff, 0x80, 0x00, 0x00, 0x00, 0x00, 0x00, 	//.........%@@@@*...........
0x00, 0x00, 0x00, 0x00, 0x0b, 0xff, 0xff, 0x80, 0x00, 0x00, 0x00, 0x00, 0x00, 	//.........%@@@@*...........
0x00, 0x00, 0x00, 0x00, 0x0a, 0xff, 0xff, 0x80, 0x00, 0x00, 0x00, 0x00, 0x00, 	//.........%@@@@*...........
0x00, 0x00, 0x00, 0x00, 0x00, 0x00, 0x00, 0x00, 0x00, 0x00, 0x00, 0x00, 0x00, 	//..........................
0x00, 0x00, 0x00, 0x00, 0x00, 0x00, 0x00, 0x00, 0x00, 0x00, 0x00, 0x00, 0x00, 	//..........................
0x00, 0x00, 0x00, 0x00, 0x00, 0x00, 0x00, 0x00, 0x00, 0x00, 0x00, 0x00, 0x00, 	//..........................
0x00, 0x00, 0x00, 0x00, 0x00, 0x00, 0x00, 0x00, 0x00, 0x00, 0x00, 0x00, 0x00, 	//..........................
0x00, 0x00, 0x00, 0x00, 0x00, 0x00, 0x00, 0x00, 0x00, 0x00, 0x00, 0x00, 0x00, 	//..........................
0x00, 0x00, 0x00, 0x00, 0x00, 0x00, 0x00, 0x00, 0x00, 0x00, 0x00, 0x00, 0x00, 	//..........................
0x00, 0x00, 0x00, 0x00, 0x00, 0x8c, 0xd9, 0x20, 0x00, 0x00, 0x00, 0x00, 0x00, 	//..........*@@%+...........
0x00, 0x00, 0x00, 0x00, 0x0d, 0xff, 0xff, 0xf4, 0x00, 0x00, 0x00, 0x00, 0x00, 	//.........@@@@@@+..........
0x00, 0x00, 0x00, 0x00, 0x8f, 0xff, 0xff, 0xfd, 0x00, 0x00, 0x00, 0x00, 0x00, 	//........*@@@@@@@..........
0x00, 0x00, 0x00, 0x00, 0xdf, 0xff, 0xff, 0xff, 0x30, 0x00, 0x00, 0x00, 0x00, 	//........@@@@@@@@+.........
0x00, 0x00, 0x00, 0x00, 0xff, 0xff, 0xff, 0xff, 0x50, 0x00, 0x00, 0x00, 0x00, 	//........@@@@@@@@+.........
0x00, 0x00, 0x00, 0x00, 0xdf, 0xff, 0xff, 0xff, 0x30, 0x00, 0x00, 0x00, 0x00, 	//........@@@@@@@@+.........
0x00, 0x00, 0x00, 0x00, 0x9f, 0xff, 0xff, 0xfe, 0x00, 0x00, 0x00, 0x00, 0x00, 	//........%@@@@@@@..........
0x00, 0x00, 0x00, 0x00, 0x1e, 0xff, 0xff, 0xf5, 0x00, 0x00, 0x00, 0x00, 0x00, 	//........+@@@@@@+..........
0x00, 0x00, 0x00, 0x00, 0x01, 0xae, 0xeb, 0x30, 0x00, 0x00, 0x00, 0x00, 0x00, 	//.........+%@@%+...........


/* @ */
0x00, 0x00, 0x00, 0x00, 0x00, 0x00, 0x00, 0x00, 0x00, 0x00, 0x00, 0x02, 0x69, 0xbd, 0xef, 0xfe, 0xdb, 0xa8, 0x50, 0x00, 0x00, 0x00, 0x00, 0x00, 0x00, 0x00, 0x00, 	//.......................+*%%@@@@@@%%*+.................
0x00, 0x00, 0x00, 0x00, 0x00, 0x00, 0x00, 0x00, 0x00, 0x00, 0x4a, 0xef, 0xff, 0xff, 0xff, 0xff, 0xff, 0xff, 0xff, 0xc7, 0x20, 0x00, 0x00, 0x00, 0x00, 0x00, 0x00, 	//....................+%@@@@@@@@@@@@@@@@@*+.............
0x00, 0x00, 0x00, 0x00, 0x00, 0x00, 0x00, 0x00, 0x00, 0x8e, 0xff, 0xff, 0xff, 0xff, 0xff, 0xff, 0xff, 0xff, 0xff, 0xff, 0xfa, 0x20, 0x00, 0x00, 0x00, 0x00, 0x00, 	//..................*@@@@@@@@@@@@@@@@@@@@@@%+...........
0x00, 0x00, 0x00, 0x00, 0x00, 0x00, 0x00, 0x00, 0x7e, 0xff, 0xff, 0xff, 0xff, 0xff, 0xff, 0xff, 0xff, 0xff, 0xff, 0xff, 0xff, 0xfa, 0x10, 0x00, 0x00, 0x00, 0x00, 	//................*@@@@@@@@@@@@@@@@@@@@@@@@@@%+.........
0x00, 0x00, 0x00, 0x00, 0x00, 0x00, 0x00, 0x6e, 0xff, 0xff, 0xff, 0xfe, 0x95, 0x42, 0x00, 0x00, 0x13, 0x48, 0xdf, 0xff, 0xff, 0xff, 0xe3, 0x00, 0x00, 0x00, 0x00, 	//..............*@@@@@@@@@%+++....+++*@@@@@@@@@+........
0x00, 0x00, 0x00, 0x00, 0x00, 0x00, 0x1b, 0xff, 0xff, 0xff, 0xe8, 0x30, 0x00, 0x00, 0x00, 0x00, 0x00, 0x00, 0x01, 0x6d, 0xff, 0xff, 0xff, 0x60, 0x00, 0x00, 0x00, 	//............+%@@@@@@@*+..............+*@@@@@@@*.......
0x00, 0x00, 0x00, 0x00, 0x00, 0x02, 0xdf, 0xff, 0xff, 0xe6, 0x00, 0x00, 0x00, 0x00, 0x00, 0x00, 0x00, 0x00, 0x00, 0x00, 0x5d, 0xff, 0xff, 0xf9, 0x00, 0x00, 0x00, 	//...........+@@@@@@@*....................+@@@@@@%......
0x00, 0x00, 0x00, 0x00, 0x00, 0x5f, 0xff, 0xff, 0xf8, 0x00, 0x00, 0x00, 0x00, 0x00, 0x00, 0x00, 0x00, 0x00, 0x00, 0x00, 0x00, 0x8f, 0xff, 0xff, 0x60, 0x00, 0x00, 	//..........+@@@@@@*........................*@@@@@*.....
0x00, 0x00, 0x00, 0x00, 0x07, 0xff, 0xff, 0xfc, 0x10, 0x00, 0x00, 0x00, 0x00, 0x00, 0x00, 0x00, 0x00, 0x00, 0x00, 0x00, 0x00, 0x06, 0xff, 0xff, 0xf3, 0x00, 0x00, 	//.........*@@@@@@+..........................*@@@@@+....
0x00, 0x00, 0x00, 0x00, 0x5f, 0xff, 0xff, 0xa0, 0x00, 0x00, 0x00, 0x00, 0x00, 0x00, 0x00, 0x00, 0x00, 0x00, 0x00, 0x00, 0x00, 0x00, 0x4f, 0xff, 0xfe, 0x10, 0x00, 	//........+@@@@@%.............................+@@@@@+...
0x00, 0x00, 0x00, 0x03, 0xff, 0xff, 0xf7, 0x00, 0x00, 0x00, 0x00, 0x00, 0x00, 0x00, 0x00, 0x00, 0x00, 0x00, 0x00, 0x00, 0x00, 0x00, 0x06, 0xff, 0xff, 0x90, 0x00, 	//.......+@@@@@*...............................*@@@@%...
0x00, 0x00, 0x00, 0x1e, 0xff, 0xff, 0x60, 0x00, 0x00, 0x00, 0x00, 0x00, 0x00, 0x00, 0x00, 0x00, 0x00, 0x00, 0x00, 0x00, 0x00, 0x00, 0x00, 0xaf, 0xff, 0xf2, 0x00, 	//......+@@@@@*.................................%@@@@+..
0x00, 0x00, 0x00, 0xcf, 0xff, 0xf9, 0x00, 0x00, 0x00, 0x00, 0x00, 0x00, 0x00, 0x00, 0x00, 0x00, 0x00, 0x00, 0x00, 0x00, 0x00, 0x00, 0x00, 0x0e, 0xff, 0xf9, 0x00, 	//......@@@@@%...................................@@@@%..
0x00, 0x00, 0x07, 0xff, 0xff, 0xb0, 0x00, 0x00, 0x00, 0x00, 0x00, 0x00, 0x00, 0x00, 0x00, 0x00, 0x00, 0x00, 0x00, 0x00, 0x00, 0x00, 0x00, 0x07, 0xff, 0xff, 0x20, 	//.....*@@@@%....................................*@@@@+.
0x00, 0x00, 0x1e, 0xff, 0xfd, 0x10, 0x00, 0x00, 0x00, 0x00, 0x00, 0x00, 0x00, 0x00, 0x00, 0x00, 0x00, 0x00, 0x00, 0x00, 0x00, 0x00, 0x00, 0x01, 0xff, 0xff, 0x70, 	//....+@@@@@+....................................+@@@@*.
0x00, 0x00, 0x8f, 0xff, 0xf3, 0x00, 0x00, 0x00, 0x00, 0x00, 0x00, 0x00, 0x28, 0xbd, 0xfe, 0xa3, 0x00, 0x05, 0x66, 0x60, 0x00, 0x00, 0x00, 0x00, 0x8f, 0xff, 0xb0, 	//....*@@@@+..............+*%@@@%+...+***.........*@@@%.
0x00, 0x01, 0xff, 0xff, 0xb0, 0x00, 0x00, 0x00, 0x00, 0x00, 0x00, 0x3b, 0xff, 0xff, 0xff, 0xff, 0x80, 0x1f, 0xff, 0xd0, 0x00, 0x00, 0x00, 0x00, 0x4f, 0xff, 0xf0, 	//...+@@@@%.............+%@@@@@@@@*.+@@@@.........+@@@@.
0x00, 0x09, 0xff, 0xff, 0x20, 0x00, 0x00, 0x00, 0x00, 0x00, 0x08, 0xff, 0xff, 0xff, 0xff, 0xff, 0xf7, 0x5f, 0xff, 0xa0, 0x00, 0x00, 0x00, 0x00, 0x0f, 0xff, 0xf4, 	//...%@@@@+............*@@@@@@@@@@@*+@@@%..........@@@@+
0x00, 0x1f, 0xff, 0xfa, 0x00, 0x00, 0x00, 0x00, 0x00, 0x00, 0xbf, 0xff, 0xff, 0xff, 0xff, 0xff, 0xff, 0xcf, 0xff, 0x70, 0x00, 0x00, 0x00, 0x00, 0x0c, 0xff, 0xf7, 	//..+@@@@%............%@@@@@@@@@@@@@@@@@*..........@@@@*
0x00, 0x6f, 0xff, 0xf2, 0x00, 0x00, 0x00, 0x00, 0x00, 0x0a, 0xff, 0xff, 0xfe, 0x74, 0x23, 0x8f, 0xff, 0xff, 0xff, 0x30, 0x00, 0x00, 0x00, 0x00, 0x08, 0xff, 0xf9, 	//..*@@@@+...........%@@@@@@*+++*@@@@@@@+..........*@@@%
0x00, 0xcf, 0xff, 0xc0, 0x00, 0x00, 0x00, 0x00, 0x00, 0x8f, 0xff, 0xff, 0x70, 0x00, 0x00, 0x03, 0xef, 0xff, 0xff, 0x00, 0x00, 0x00, 0x00, 0x00, 0x07, 0xff, 0xfa, 	//..@@@@@...........*@@@@@*......+@@@@@@...........*@@@%
0x01, 0xff, 0xff, 0x70, 0x00, 0x00, 0x00, 0x00, 0x03, 0xff, 0xff, 0xf5, 0x00, 0x00, 0x00, 0x00, 0x4f, 0xff, 0xfd, 0x00, 0x00, 0x00, 0x00, 0x00, 0x05, 0xff, 0xfb, 	//.+@@@@*..........+@@@@@+........+@@@@@...........+@@@%
0x05, 0xff, 0xff, 0x20, 0x00, 0x00, 0x00, 0x00, 0x0d, 0xff, 0xff, 0x70, 0x00, 0x00, 0x00, 0x00, 0x0e, 0xff, 0xfa, 0x00, 0x00, 0x00, 0x00, 0x00, 0x04, 0xff, 0xfd, 	//.+@@@@+..........@@@@@*..........@@@@%...........+@@@@
0x09, 0xff, 0xfd, 0x00, 0x00, 0x00, 0x00, 0x00, 0x5f, 0xff, 0xfb, 0x00, 0x00, 0x00, 0x00, 0x00, 0x1f, 0xff, 0xf7, 0x00, 0x00, 0x00, 0x00, 0x00, 0x03, 0xff, 0xfd, 	//.%@@@@..........+@@@@%..........+@@@@*...........+@@@@
0x0d, 0xff, 0xf8, 0x00, 0x00, 0x00, 0x00, 0x00, 0xcf, 0xff, 0xf3, 0x00, 0x00, 0x00, 0x00, 0x00, 0x3f, 0xff, 0xf4, 0x00, 0x00, 0x00, 0x00, 0x00, 0x04, 0xff, 0xfc, 	//.@@@@*..........@@@@@+..........+@@@@+...........+@@@@
0x0f, 0xff, 0xf5, 0x00, 0x00, 0x00, 0x00, 0x03, 0xff, 0xff, 0xb0, 0x00, 0x00, 0x00, 0x00, 0x00, 0x6f, 0xff, 0xf0, 0x00, 0x00, 0x00, 0x00, 0x00, 0x05, 0xff, 0xfb, 	//.@@@@+.........+@@@@%...........*@@@@............+@@@%
0x1f, 0xff, 0xf3, 0x00, 0x00, 0x00, 0x00, 0x08, 0xff, 0xff, 0x50, 0x00, 0x00, 0x00, 0x00, 0x00, 0x9f, 0xff, 0xd0, 0x00, 0x00, 0x00, 0x00, 0x00, 0x07, 0xff, 0xf9, 	//+@@@@+.........*@@@@+...........%@@@@............*@@@%
0x3f, 0xff, 0xf0, 0x00, 0x00, 0x00, 0x00, 0x0c, 0xff, 0xff, 0x00, 0x00, 0x00, 0x00, 0x00, 0x00, 0xcf, 0xff, 0xa0, 0x00, 0x00, 0x00, 0x00, 0x00, 0x0a, 0xff, 0xf8, 	//+@@@@..........@@@@@............@@@@%............%@@@*
0x4f, 0xff, 0xf0, 0x00, 0x00, 0x00, 0x00, 0x0f, 0xff, 0xfc, 0x00, 0x00, 0x00, 0x00, 0x00, 0x00, 0xff, 0xff, 0x70, 0x00, 0x00, 0x00, 0x00, 0x00, 0x0d, 0xff, 0xf4, 	//+@@@@..........@@@@@............@@@@*............@@@@+
0x5f, 0xff, 0xe0, 0x00, 0x00, 0x00, 0x00, 0x1f, 0xff, 0xf9, 0x00, 0x00, 0x00, 0x00, 0x00, 0x01, 0xff, 0xff, 0x40, 0x00, 0x00, 0x00, 0x00, 0x00, 0x1f, 0xff, 0xf0, 	//+@@@@.........+@@@@%...........+@@@@+...........+@@@@.
0x6f, 0xff, 0xe0, 0x00, 0x00, 0x00, 0x00, 0x3f, 0xff, 0xf8, 0x00, 0x00, 0x00, 0x00, 0x00, 0x04, 0xff, 0xff, 0x00, 0x00, 0x00, 0x00, 0x00, 0x00, 0x7f, 0xff, 0xc0, 	//*@@@@.........+@@@@*...........+@@@@............*@@@@.
0x6f, 0xff, 0xe0, 0x00, 0x00, 0x00, 0x00, 0x4f, 0xff, 0xf7, 0x00, 0x00, 0x00, 0x00, 0x00, 0x07, 0xff, 0xfd, 0x00, 0x00, 0x00, 0x00, 0x00, 0x00, 0xdf, 0xff, 0x70, 	//*@@@@.........+@@@@*...........*@@@@............@@@@*.
0x5f, 0xff, 0xf0, 0x00, 0x00, 0x00, 0x00, 0x3f, 0xff, 0xf8, 0x00, 0x00, 0x00, 0x00, 0x00, 0x0a, 0xff, 0xfc, 0x00, 0x00, 0x00, 0x00, 0x00, 0x05, 0xff, 0xff, 0x10, 	//+@@@@.........+@@@@*...........%@@@@...........+@@@@+.
0x5f, 0xff, 0xf1, 0x00, 0x00, 0x00, 0x00, 0x2f, 0xff, 0xfa, 0x00, 0x00, 0x00, 0x00, 0x00, 0x0d, 0xff, 0xfb, 0x00, 0x00, 0x00, 0x00, 0x00, 0x0e, 0xff, 0xf9, 0x00, 	//+@@@@+........+@@@@%...........@@@@%...........@@@@%..
0x4f, 0xff, 0xf2, 0x00, 0x00, 0x00, 0x00, 0x0f, 0xff, 0xfe, 0x00, 0x00, 0x00, 0x00, 0x00, 0xaf, 0xff, 0xfc, 0x00, 0x00, 0x00, 0x00, 0x00, 0xaf, 0xff, 0xf1, 0x00, 	//+@@@@+.........@@@@@..........%@@@@@..........%@@@@+..
0x1f, 0xff, 0xf3, 0x00, 0x00, 0x00, 0x00, 0x0b, 0xff, 0xff, 0x60, 0x00, 0x00, 0x00, 0x09, 0xff, 0xff, 0xff, 0x00, 0x00, 0x00, 0x00, 0x08, 0xff, 0xff, 0x60, 0x00, 	//+@@@@+.........%@@@@*........%@@@@@@.........*@@@@*...
0x0f, 0xff, 0xf7, 0x00, 0x00, 0x00, 0x00, 0x06, 0xff, 0xff, 0xe2, 0x00, 0x00, 0x01, 0xbf, 0xff, 0xff, 0xff, 0x80, 0x00, 0x00, 0x00, 0xaf, 0xff, 0xfb, 0x00, 0x00, 	//.@@@@*.........*@@@@@+.....+%@@@@@@@*.......%@@@@%....
0x0c, 0xff, 0xfb, 0x00, 0x00, 0x00, 0x00, 0x00, 0xef, 0xff, 0xff, 0x73, 0x13, 0x8e, 0xff, 0xfa, 0x9f, 0xff, 0xf9, 0x20, 0x02, 0x7e, 0xff, 0xff, 0xc1, 0x00, 0x00, 	//.@@@@%..........@@@@@@*+++*@@@@%%@@@@%+..+*@@@@@@+....
0x08, 0xff, 0xff, 0x00, 0x00, 0x00, 0x00, 0x00, 0x5f, 0xff, 0xff, 0xff, 0xff, 0xff, 0xff, 0xa0, 0x3f, 0xff, 0xff, 0xff, 0xff, 0xff, 0xff, 0xfc, 0x00, 0x00, 0x00, 	//.*@@@@..........+@@@@@@@@@@@@@%.+@@@@@@@@@@@@@@@......
0x03, 0xff, 0xff, 0x40, 0x00, 0x00, 0x00, 0x00, 0x09, 0xff, 0xff, 0xff, 0xff, 0xff, 0xf8, 0x00, 0x09, 0xff, 0xff, 0xff, 0xff, 0xff, 0xff, 0x90, 0x00, 0x00, 0x00, 	//.+@@@@+..........%@@@@@@@@@@@*...%@@@@@@@@@@@@%.......
0x00, 0xef, 0xff, 0x90, 0x00, 0x00, 0x00, 0x00, 0x00, 0x7f, 0xff, 0xff, 0xff, 0xfd, 0x40, 0x00, 0x00, 0x8f, 0xff, 0xff, 0xff, 0xff, 0xc3, 0x00, 0x00, 0x00, 0x00, 	//..@@@@%...........*@@@@@@@@@+.....*@@@@@@@@@@+........
0x00, 0xaf, 0xff, 0xf1, 0x00, 0x00, 0x00, 0x00, 0x00, 0x01, 0x7c, 0xef, 0xda, 0x40, 0x00, 0x00, 0x00, 0x01, 0x8c, 0xdf, 0xec, 0x82, 0x00, 0x00, 0x00, 0x00, 0x00, 	//..%@@@@+...........+*@@@@%+........+*@@@@@*+..........
0x00, 0x5f, 0xff, 0xf9, 0x00, 0x00, 0x00, 0x00, 0x00, 0x00, 0x00, 0x00, 0x00, 0x00, 0x00, 0x00, 0x00, 0x00, 0x00, 0x00, 0x00, 0x00, 0x00, 0x00, 0x00, 0x00, 0x00, 	//..+@@@@%..............................................
0x00, 0x0c, 0xff, 0xff, 0x20, 0x00, 0x00, 0x00, 0x00, 0x00, 0x00, 0x00, 0x00, 0x00, 0x00, 0x00, 0x00, 0x00, 0x00, 0x00, 0x00, 0x00, 0x00, 0x00, 0x00, 0x00, 0x00, 	//...@@@@@+.............................................
0x00, 0x04, 0xff, 0xff, 0xb0, 0x00, 0x00, 0x00, 0x00, 0x00, 0x00, 0x00, 0x00, 0x00, 0x00, 0x00, 0x00, 0x00, 0x00, 0x00, 0x00, 0x00, 0x00, 0x00, 0x00, 0x00, 0x00, 	//...+@@@@%.............................................
0x00, 0x00, 0xcf, 0xff, 0xf8, 0x00, 0x00, 0x00, 0x00, 0x00, 0x00, 0x00, 0x00, 0x00, 0x00, 0x00, 0x00, 0x00, 0x00, 0x00, 0x00, 0x00, 0x00, 0x00, 0x00, 0x00, 0x00, 	//....@@@@@*............................................
0x00, 0x00, 0x3f, 0xff, 0xff, 0x50, 0x00, 0x00, 0x00, 0x00, 0x00, 0x00, 0x00, 0x00, 0x00, 0x00, 0x00, 0x00, 0x00, 0x00, 0x00, 0x00, 0x00, 0x00, 0x00, 0x00, 0x00, 	//....+@@@@@+...........................................
0x00, 0x00, 0x07, 0xff, 0xff, 0xf5, 0x00, 0x00, 0x00, 0x00, 0x00, 0x00, 0x00, 0x00, 0x00, 0x00, 0x00, 0x00, 0x00, 0x00, 0x00, 0x00, 0x00, 0x00, 0x00, 0x00, 0x00, 	//.....*@@@@@+..........................................
0x00, 0x00, 0x00, 0xaf, 0xff, 0xff, 0x80, 0x00, 0x00, 0x00, 0x00, 0x00, 0x00, 0x00, 0x00, 0x00, 0x00, 0x00, 0x00, 0x00, 0x00, 0x00, 0x00, 0x00, 0x00, 0x00, 0x00, 	//......%@@@@@*.........................................
0x00, 0x00, 0x00, 0x0c, 0xff, 0xff, 0xfb, 0x10, 0x00, 0x00, 0x00, 0x00, 0x00, 0x00, 0x00, 0x00, 0x00, 0x00, 0x00, 0x00, 0x00, 0x00, 0x00, 0x00, 0x00, 0x00, 0x00, 	//.......@@@@@@%+.......................................
0x00, 0x00, 0x00, 0x01, 0xcf, 0xff, 0xff, 0xf8, 0x10, 0x00, 0x00, 0x00, 0x00, 0x00, 0x00, 0x00, 0x00, 0x01, 0x8f, 0x10, 0x00, 0x00, 0x00, 0x00, 0x00, 0x00, 0x00, 	//.......+@@@@@@@*+..................+*@+...............
0x00, 0x00, 0x00, 0x00, 0x09, 0xff, 0xff, 0xff, 0xf8, 0x20, 0x00, 0x00, 0x00, 0x00, 0x00, 0x00, 0x03, 0x9f, 0xff, 0x80, 0x00, 0x00, 0x00, 0x00, 0x00, 0x00, 0x00, 	//.........%@@@@@@@*+..............+%@@@*...............
0x00, 0x00, 0x00, 0x00, 0x00, 0x5f, 0xff, 0xff, 0xff, 0xfe, 0x95, 0x31, 0x00, 0x00, 0x12, 0x69, 0xdf, 0xff, 0xff, 0xe0, 0x00, 0x00, 0x00, 0x00, 0x00, 0x00, 0x00, 	//..........+@@@@@@@@@%+++....++*%@@@@@@@...............
0x00, 0x00, 0x00, 0x00, 0x00, 0x02, 0xaf, 0xff, 0xff, 0xff, 0xff, 0xff, 0xff, 0xef, 0xff, 0xff, 0xff, 0xff, 0xff, 0xc2, 0x00, 0x00, 0x00, 0x00, 0x00, 0x00, 0x00, 	//...........+%@@@@@@@@@@@@@@@@@@@@@@@@@@+..............
0x00, 0x00, 0x00, 0x00, 0x00, 0x00, 0x02, 0xaf, 0xff, 0xff, 0xff, 0xff, 0xff, 0xff, 0xff, 0xff, 0xff, 0xff, 0xd4, 0x00, 0x00, 0x00, 0x00, 0x00, 0x00, 0x00, 0x00, 	//.............+%@@@@@@@@@@@@@@@@@@@@@@+................
0x00, 0x00, 0x00, 0x00, 0x00, 0x00, 0x00, 0x02, 0x7b, 0xff, 0xff, 0xff, 0xff, 0xff, 0xff, 0xff, 0xfe, 0x83, 0x00, 0x00, 0x00, 0x00, 0x00, 0x00, 0x00, 0x00, 0x00, 	//...............+*%@@@@@@@@@@@@@@@@*+..................
0x00, 0x00, 0x00, 0x00, 0x00, 0x00, 0x00, 0x00, 0x00, 0x04, 0x8a, 0xbd, 0xef, 0xfe, 0xdc, 0x96, 0x20, 0x00, 0x00, 0x00, 0x00, 0x00, 0x00, 0x00, 0x00, 0x00, 0x00, 	//...................+*%%@@@@@@@%*+.....................


/* A */
0x00, 0x00, 0x00, 0x00, 0x00, 0x00, 0x00, 0x01, 0xff, 0xff, 0xff, 0xd0, 0x00, 0x00, 0x00, 0x00, 0x00, 0x00, 0x00, 0x00, 	//...............+@@@@@@@.................
0x00, 0x00, 0x00, 0x00, 0x00, 0x00, 0x00, 0x06, 0xff, 0xff, 0xff, 0xf3, 0x00, 0x00, 0x00, 0x00, 0x00, 0x00, 0x00, 0x00, 	//...............*@@@@@@@+................
0x00, 0x00, 0x00, 0x00, 0x00, 0x00, 0x00, 0x0b, 0xff, 0xff, 0xff, 0xf8, 0x00, 0x00, 0x00, 0x00, 0x00, 0x00, 0x00, 0x00, 	//...............%@@@@@@@*................
0x00, 0x00, 0x00, 0x00, 0x00, 0x00, 0x00, 0x1f, 0xff, 0xff, 0xff, 0xfe, 0x00, 0x00, 0x00, 0x00, 0x00, 0x00, 0x00, 0x00, 	//..............+@@@@@@@@@................
0x00, 0x00, 0x00, 0x00, 0x00, 0x00, 0x00, 0x6f, 0xff, 0xff, 0xff, 0xff, 0x30, 0x00, 0x00, 0x00, 0x00, 0x00, 0x00, 0x00, 	//..............*@@@@@@@@@+...............
0x00, 0x00, 0x00, 0x00, 0x00, 0x00, 0x00, 0xbf, 0xff, 0xf6, 0xff, 0xff, 0x90, 0x00, 0x00, 0x00, 0x00, 0x00, 0x00, 0x00, 	//..............%@@@@*@@@@%...............
0x00, 0x00, 0x00, 0x00, 0x00, 0x00, 0x01, 0xff, 0xff, 0xb1, 0xff, 0xff, 0xe0, 0x00, 0x00, 0x00, 0x00, 0x00, 0x00, 0x00, 	//.............+@@@@%+@@@@@...............
0x00, 0x00, 0x00, 0x00, 0x00, 0x00, 0x06, 0xff, 0xff, 0x60, 0xbf, 0xff, 0xf3, 0x00, 0x00, 0x00, 0x00, 0x00, 0x00, 0x00, 	//.............*@@@@*.%@@@@+..............
0x00, 0x00, 0x00, 0x00, 0x00, 0x00, 0x0b, 0xff, 0xff, 0x20, 0x7f, 0xff, 0xf9, 0x00, 0x00, 0x00, 0x00, 0x00, 0x00, 0x00, 	//.............%@@@@+.*@@@@%..............
0x00, 0x00, 0x00, 0x00, 0x00, 0x00, 0x1f, 0xff, 0xfd, 0x00, 0x2f, 0xff, 0xfe, 0x00, 0x00, 0x00, 0x00, 0x00, 0x00, 0x00, 	//............+@@@@@..+@@@@@..............
0x00, 0x00, 0x00, 0x00, 0x00, 0x00, 0x6f, 0xff, 0xf9, 0x00, 0x0d, 0xff, 0xff, 0x40, 0x00, 0x00, 0x00, 0x00, 0x00, 0x00, 	//............*@@@@%...@@@@@+.............
0x00, 0x00, 0x00, 0x00, 0x00, 0x00, 0xcf, 0xff, 0xf4, 0x00, 0x08, 0xff, 0xff, 0x90, 0x00, 0x00, 0x00, 0x00, 0x00, 0x00, 	//............@@@@@+...*@@@@%.............
0x00, 0x00, 0x00, 0x00, 0x00, 0x01, 0xff, 0xff, 0xf0, 0x00, 0x04, 0xff, 0xff, 0xe0, 0x00, 0x00, 0x00, 0x00, 0x00, 0x00, 	//...........+@@@@@....+@@@@@.............
0x00, 0x00, 0x00, 0x00, 0x00, 0x06, 0xff, 0xff, 0xb0, 0x00, 0x00, 0xff, 0xff, 0xf4, 0x00, 0x00, 0x00, 0x00, 0x00, 0x00, 	//...........*@@@@%.....@@@@@+............
0x00, 0x00, 0x00, 0x00, 0x00, 0x0c, 0xff, 0xff, 0x60, 0x00, 0x00, 0xaf, 0xff, 0xf9, 0x00, 0x00, 0x00, 0x00, 0x00, 0x00, 	//...........@@@@@*.....%@@@@%............
0x00, 0x00, 0x00, 0x00, 0x00, 0x1f, 0xff, 0xff, 0x10, 0x00, 0x00, 0x5f, 0xff, 0xfe, 0x00, 0x00, 0x00, 0x00, 0x00, 0x00, 	//..........+@@@@@+.....+@@@@@............
0x00, 0x00, 0x00, 0x00, 0x00, 0x7f, 0xff, 0xfc, 0x00, 0x00, 0x00, 0x1f, 0xff, 0xff, 0x40, 0x00, 0x00, 0x00, 0x00, 0x00, 	//..........*@@@@@......+@@@@@+...........
0x00, 0x00, 0x00, 0x00, 0x00, 0xcf, 0xff, 0xf8, 0x00, 0x00, 0x00, 0x0c, 0xff, 0xff, 0xa0, 0x00, 0x00, 0x00, 0x00, 0x00, 	//..........@@@@@*.......@@@@@%...........
0x00, 0x00, 0x00, 0x00, 0x02, 0xff, 0xff, 0xf3, 0x00, 0x00, 0x00, 0x07, 0xff, 0xff, 0xf0, 0x00, 0x00, 0x00, 0x00, 0x00, 	//.........+@@@@@+.......*@@@@@...........
0x00, 0x00, 0x00, 0x00, 0x07, 0xff, 0xff, 0xe0, 0x00, 0x00, 0x00, 0x02, 0xff, 0xff, 0xf5, 0x00, 0x00, 0x00, 0x00, 0x00, 	//.........*@@@@@........+@@@@@+..........
0x00, 0x00, 0x00, 0x00, 0x0c, 0xff, 0xff, 0x90, 0x00, 0x00, 0x00, 0x00, 0xef, 0xff, 0xfa, 0x00, 0x00, 0x00, 0x00, 0x00, 	//.........@@@@@%.........@@@@@%..........
0x00, 0x00, 0x00, 0x00, 0x2f, 0xff, 0xff, 0x40, 0x00, 0x00, 0x00, 0x00, 0x9f, 0xff, 0xff, 0x00, 0x00, 0x00, 0x00, 0x00, 	//........+@@@@@+.........%@@@@@..........
0x00, 0x00, 0x00, 0x00, 0x7f, 0xff, 0xff, 0x00, 0x00, 0x00, 0x00, 0x00, 0x4f, 0xff, 0xff, 0x50, 0x00, 0x00, 0x00, 0x00, 	//........*@@@@@..........+@@@@@+.........
0x00, 0x00, 0x00, 0x00, 0xdf, 0xff, 0xfa, 0x00, 0x00, 0x00, 0x00, 0x00, 0x0f, 0xff, 0xff, 0xa0, 0x00, 0x00, 0x00, 0x00, 	//........@@@@@%...........@@@@@%.........
0x00, 0x00, 0x00, 0x02, 0xff, 0xff, 0xf5, 0x00, 0x00, 0x00, 0x00, 0x00, 0x0a, 0xff, 0xff, 0xf0, 0x00, 0x00, 0x00, 0x00, 	//.......+@@@@@+...........%@@@@@.........
0x00, 0x00, 0x00, 0x07, 0xff, 0xff, 0xf0, 0x00, 0x00, 0x00, 0x00, 0x00, 0x05, 0xff, 0xff, 0xf5, 0x00, 0x00, 0x00, 0x00, 	//.......*@@@@@............+@@@@@+........
0x00, 0x00, 0x00, 0x0d, 0xff, 0xff, 0xb0, 0x00, 0x00, 0x00, 0x00, 0x00, 0x00, 0xff, 0xff, 0xfa, 0x00, 0x00, 0x00, 0x00, 	//.......@@@@@%.............@@@@@%........
0x00, 0x00, 0x00, 0x2f, 0xff, 0xff, 0x60, 0x00, 0x00, 0x00, 0x00, 0x00, 0x00, 0xbf, 0xff, 0xff, 0x00, 0x00, 0x00, 0x00, 	//......+@@@@@*.............%@@@@@........
0x00, 0x00, 0x00, 0x8f, 0xff, 0xff, 0xff, 0xff, 0xff, 0xff, 0xff, 0xff, 0xff, 0xff, 0xff, 0xff, 0x50, 0x00, 0x00, 0x00, 	//......*@@@@@@@@@@@@@@@@@@@@@@@@@+.......
0x00, 0x00, 0x00, 0xdf, 0xff, 0xff, 0xff, 0xff, 0xff, 0xff, 0xff, 0xff, 0xff, 0xff, 0xff, 0xff, 0xb0, 0x00, 0x00, 0x00, 	//......@@@@@@@@@@@@@@@@@@@@@@@@@@%.......
0x00, 0x00, 0x02, 0xff, 0xff, 0xff, 0xff, 0xff, 0xff, 0xff, 0xff, 0xff, 0xff, 0xff, 0xff, 0xff, 0xf1, 0x00, 0x00, 0x00, 	//.....+@@@@@@@@@@@@@@@@@@@@@@@@@@@+......
0x00, 0x00, 0x08, 0xff, 0xff, 0xff, 0xff, 0xff, 0xff, 0xff, 0xff, 0xff, 0xff, 0xff, 0xff, 0xff, 0xf6, 0x00, 0x00, 0x00, 	//.....*@@@@@@@@@@@@@@@@@@@@@@@@@@@*......
0x00, 0x00, 0x0d, 0xff, 0xff, 0xea, 0xaa, 0xaa, 0xaa, 0xaa, 0xaa, 0xaa, 0xaa, 0xab, 0xff, 0xff, 0xfb, 0x00, 0x00, 0x00, 	//.....@@@@@@%%%%%%%%%%%%%%%%%@@@@@%......
0x00, 0x00, 0x3f, 0xff, 0xff, 0x70, 0x00, 0x00, 0x00, 0x00, 0x00, 0x00, 0x00, 0x00, 0xdf, 0xff, 0xff, 0x10, 0x00, 0x00, 	//....+@@@@@*.................@@@@@@+.....
0x00, 0x00, 0x8f, 0xff, 0xff, 0x20, 0x00, 0x00, 0x00, 0x00, 0x00, 0x00, 0x00, 0x00, 0x8f, 0xff, 0xff, 0x60, 0x00, 0x00, 	//....*@@@@@+.................*@@@@@*.....
0x00, 0x00, 0xdf, 0xff, 0xfd, 0x00, 0x00, 0x00, 0x00, 0x00, 0x00, 0x00, 0x00, 0x00, 0x3f, 0xff, 0xff, 0xb0, 0x00, 0x00, 	//....@@@@@@..................+@@@@@%.....
0x00, 0x03, 0xff, 0xff, 0xf8, 0x00, 0x00, 0x00, 0x00, 0x00, 0x00, 0x00, 0x00, 0x00, 0x0e, 0xff, 0xff, 0xf1, 0x00, 0x00, 	//...+@@@@@*...................@@@@@@+....
0x00, 0x08, 0xff, 0xff, 0xf3, 0x00, 0x00, 0x00, 0x00, 0x00, 0x00, 0x00, 0x00, 0x00, 0x09, 0xff, 0xff, 0xf6, 0x00, 0x00, 	//...*@@@@@+...................%@@@@@*....
0x00, 0x0e, 0xff, 0xff, 0xe0, 0x00, 0x00, 0x00, 0x00, 0x00, 0x00, 0x00, 0x00, 0x00, 0x04, 0xff, 0xff, 0xfc, 0x00, 0x00, 	//...@@@@@@....................+@@@@@@....
0x00, 0x3f, 0xff, 0xff, 0x90, 0x00, 0x00, 0x00, 0x00, 0x00, 0x00, 0x00, 0x00, 0x00, 0x00, 0xff, 0xff, 0xff, 0x10, 0x00, 	//..+@@@@@%.....................@@@@@@+...
0x00, 0x8f, 0xff, 0xff, 0x40, 0x00, 0x00, 0x00, 0x00, 0x00, 0x00, 0x00, 0x00, 0x00, 0x00, 0xaf, 0xff, 0xff, 0x60, 0x00, 	//..*@@@@@+.....................%@@@@@*...
0x00, 0xef, 0xff, 0xfe, 0x00, 0x00, 0x00, 0x00, 0x00, 0x00, 0x00, 0x00, 0x00, 0x00, 0x00, 0x5f, 0xff, 0xff, 0xc0, 0x00, 	//..@@@@@@......................+@@@@@@...
0x03, 0xff, 0xff, 0xfa, 0x00, 0x00, 0x00, 0x00, 0x00, 0x00, 0x00, 0x00, 0x00, 0x00, 0x00, 0x0f, 0xff, 0xff, 0xf1, 0x00, 	//.+@@@@@%.......................@@@@@@+..
0x09, 0xff, 0xff, 0xf4, 0x00, 0x00, 0x00, 0x00, 0x00, 0x00, 0x00, 0x00, 0x00, 0x00, 0x00, 0x0b, 0xff, 0xff, 0xf7, 0x00, 	//.%@@@@@+.......................%@@@@@*..
0x0e, 0xff, 0xff, 0xf0, 0x00, 0x00, 0x00, 0x00, 0x00, 0x00, 0x00, 0x00, 0x00, 0x00, 0x00, 0x06, 0xff, 0xff, 0xfc, 0x00, 	//.@@@@@@........................*@@@@@@..
0x3f, 0xff, 0xff, 0xa0, 0x00, 0x00, 0x00, 0x00, 0x00, 0x00, 0x00, 0x00, 0x00, 0x00, 0x00, 0x01, 0xff, 0xff, 0xff, 0x20, 	//+@@@@@%........................+@@@@@@+.
0x9f, 0xff, 0xff, 0x50, 0x00, 0x00, 0x00, 0x00, 0x00, 0x00, 0x00, 0x00, 0x00, 0x00, 0x00, 0x00, 0xcf, 0xff, 0xff, 0x70, 	//%@@@@@+.........................@@@@@@*.


/* B */
0x8f, 0xff, 0xff, 0xff, 0xff, 0xff, 0xff, 0xff, 0xed, 0xb9, 0x62, 0x00, 0x00, 0x00, 0x00, 0x00, 0x00, 	//*@@@@@@@@@@@@@@@@@%%*+............
0x8f, 0xff, 0xff, 0xff, 0xff, 0xff, 0xff, 0xff, 0xff, 0xff, 0xff, 0xd8, 0x10, 0x00, 0x00, 0x00, 0x00, 	//*@@@@@@@@@@@@@@@@@@@@@@*+.........
0x8f, 0xff, 0xff, 0xff, 0xff, 0xff, 0xff, 0xff, 0xff, 0xff, 0xff, 0xff, 0xf9, 0x00, 0x00, 0x00, 0x00, 	//*@@@@@@@@@@@@@@@@@@@@@@@@%........
0x8f, 0xff, 0xff, 0xff, 0xff, 0xff, 0xff, 0xff, 0xff, 0xff, 0xff, 0xff, 0xff, 0xd2, 0x00, 0x00, 0x00, 	//*@@@@@@@@@@@@@@@@@@@@@@@@@@+......
0x8f, 0xff, 0xff, 0xca, 0xaa, 0xaa, 0xaa, 0xbb, 0xdf, 0xff, 0xff, 0xff, 0xff, 0xfe, 0x10, 0x00, 0x00, 	//*@@@@@@%%%%%%%%%@@@@@@@@@@@@+.....
0x8f, 0xff, 0xff, 0x50, 0x00, 0x00, 0x00, 0x00, 0x00, 0x16, 0xbf, 0xff, 0xff, 0xff, 0xc0, 0x00, 0x00, 	//*@@@@@+...........+*%@@@@@@@@.....
0x8f, 0xff, 0xff, 0x50, 0x00, 0x00, 0x00, 0x00, 0x00, 0x00, 0x03, 0xdf, 0xff, 0xff, 0xf6, 0x00, 0x00, 	//*@@@@@+..............+@@@@@@@*....
0x8f, 0xff, 0xff, 0x50, 0x00, 0x00, 0x00, 0x00, 0x00, 0x00, 0x00, 0x1d, 0xff, 0xff, 0xfb, 0x00, 0x00, 	//*@@@@@+...............+@@@@@@%....
0x8f, 0xff, 0xff, 0x50, 0x00, 0x00, 0x00, 0x00, 0x00, 0x00, 0x00, 0x03, 0xff, 0xff, 0xff, 0x10, 0x00, 	//*@@@@@+................+@@@@@@+...
0x8f, 0xff, 0xff, 0x50, 0x00, 0x00, 0x00, 0x00, 0x00, 0x00, 0x00, 0x00, 0xdf, 0xff, 0xff, 0x40, 0x00, 	//*@@@@@+.................@@@@@@+...
0x8f, 0xff, 0xff, 0x50, 0x00, 0x00, 0x00, 0x00, 0x00, 0x00, 0x00, 0x00, 0x8f, 0xff, 0xff, 0x50, 0x00, 	//*@@@@@+.................*@@@@@+...
0x8f, 0xff, 0xff, 0x50, 0x00, 0x00, 0x00, 0x00, 0x00, 0x00, 0x00, 0x00, 0x6f, 0xff, 0xff, 0x60, 0x00, 	//*@@@@@+.................*@@@@@*...
0x8f, 0xff, 0xff, 0x50, 0x00, 0x00, 0x00, 0x00, 0x00, 0x00, 0x00, 0x00, 0x6f, 0xff, 0xff, 0x50, 0x00, 	//*@@@@@+.................*@@@@@+...
0x8f, 0xff, 0xff, 0x50, 0x00, 0x00, 0x00, 0x00, 0x00, 0x00, 0x00, 0x00, 0x7f, 0xff, 0xff, 0x30, 0x00, 	//*@@@@@+.................*@@@@@+...
0x8f, 0xff, 0xff, 0x50, 0x00, 0x00, 0x00, 0x00, 0x00, 0x00, 0x00, 0x00, 0xaf, 0xff, 0xff, 0x10, 0x00, 	//*@@@@@+.................%@@@@@+...
0x8f, 0xff, 0xff, 0x50, 0x00, 0x00, 0x00, 0x00, 0x00, 0x00, 0x00, 0x01, 0xff, 0xff, 0xfb, 0x00, 0x00, 	//*@@@@@+................+@@@@@%....
0x8f, 0xff, 0xff, 0x50, 0x00, 0x00, 0x00, 0x00, 0x00, 0x00, 0x00, 0x09, 0xff, 0xff, 0xf4, 0x00, 0x00, 	//*@@@@@+................%@@@@@+....
0x8f, 0xff, 0xff, 0x50, 0x00, 0x00, 0x00, 0x00, 0x00, 0x00, 0x00, 0x8f, 0xff, 0xff, 0xd0, 0x00, 0x00, 	//*@@@@@+...............*@@@@@@.....
0x8f, 0xff, 0xff, 0x50, 0x00, 0x00, 0x00, 0x00, 0x00, 0x00, 0x3c, 0xff, 0xff, 0xfe, 0x20, 0x00, 0x00, 	//*@@@@@+.............+@@@@@@@+.....
0x8f, 0xff, 0xff, 0x50, 0x00, 0x00, 0x00, 0x01, 0x35, 0x8d, 0xff, 0xff, 0xff, 0xf3, 0x00, 0x00, 0x00, 	//*@@@@@+........+++*@@@@@@@@+......
0x8f, 0xff, 0xff, 0xff, 0xff, 0xff, 0xff, 0xff, 0xff, 0xff, 0xff, 0xff, 0xfc, 0x30, 0x00, 0x00, 0x00, 	//*@@@@@@@@@@@@@@@@@@@@@@@@@+.......
0x8f, 0xff, 0xff, 0xff, 0xff, 0xff, 0xff, 0xff, 0xff, 0xff, 0xff, 0xfd, 0x40, 0x00, 0x00, 0x00, 0x00, 	//*@@@@@@@@@@@@@@@@@@@@@@@+.........
0x8f, 0xff, 0xff, 0xff, 0xff, 0xff, 0xff, 0xff, 0xff, 0xff, 0xff, 0xff, 0xa4, 0x00, 0x00, 0x00, 0x00, 	//*@@@@@@@@@@@@@@@@@@@@@@@%+........
0x8f, 0xff, 0xff, 0xff, 0xff, 0xff, 0xff, 0xff, 0xff, 0xff, 0xff, 0xff, 0xff, 0xe8, 0x00, 0x00, 0x00, 	//*@@@@@@@@@@@@@@@@@@@@@@@@@@*......
0x8f, 0xff, 0xff, 0xb9, 0x99, 0x99, 0x99, 0x9a, 0xbc, 0xef, 0xff, 0xff, 0xff, 0xff, 0xc2, 0x00, 0x00, 	//*@@@@@%%%%%%%%%%%@@@@@@@@@@@@+....
0x8f, 0xff, 0xff, 0x50, 0x00, 0x00, 0x00, 0x00, 0x00, 0x00, 0x48, 0xef, 0xff, 0xff, 0xff, 0x40, 0x00, 	//*@@@@@+.............+*@@@@@@@@+...
0x8f, 0xff, 0xff, 0x50, 0x00, 0x00, 0x00, 0x00, 0x00, 0x00, 0x00, 0x06, 0xef, 0xff, 0xff, 0xf2, 0x00, 	//*@@@@@+................*@@@@@@@+..
0x8f, 0xff, 0xff, 0x50, 0x00, 0x00, 0x00, 0x00, 0x00, 0x00, 0x00, 0x00, 0x2d, 0xff, 0xff, 0xfb, 0x00, 	//*@@@@@+.................+@@@@@@%..
0x8f, 0xff, 0xff, 0x50, 0x00, 0x00, 0x00, 0x00, 0x00, 0x00, 0x00, 0x00, 0x02, 0xff, 0xff, 0xff, 0x30, 	//*@@@@@+..................+@@@@@@+.
0x8f, 0xff, 0xff, 0x50, 0x00, 0x00, 0x00, 0x00, 0x00, 0x00, 0x00, 0x00, 0x00, 0x7f, 0xff, 0xff, 0x90, 	//*@@@@@+...................*@@@@@%.
0x8f, 0xff, 0xff, 0x50, 0x00, 0x00, 0x00, 0x00, 0x00, 0x00, 0x00, 0x00, 0x00, 0x1f, 0xff, 0xff, 0xd0, 	//*@@@@@+...................+@@@@@@.
0x8f, 0xff, 0xff, 0x50, 0x00, 0x00, 0x00, 0x00, 0x00, 0x00, 0x00, 0x00, 0x00, 0x0d, 0xff, 0xff, 0xf0, 	//*@@@@@+....................@@@@@@.
0x8f, 0xff, 0xff, 0x50, 0x00, 0x00, 0x00, 0x00, 0x00, 0x00, 0x00, 0x00, 0x00, 0x0b, 0xff, 0xff, 0xf1, 	//*@@@@@+....................%@@@@@+
0x8f, 0xff, 0xff, 0x50, 0x00, 0x00, 0x00, 0x00, 0x00, 0x00, 0x00, 0x00, 0x00, 0x0b, 0xff, 0xff, 0xf1, 	//*@@@@@+....................%@@@@@+
0x8f, 0xff, 0xff, 0x50, 0x00, 0x00, 0x00, 0x00, 0x00, 0x00, 0x00, 0x00, 0x00, 0x0d, 0xff, 0xff, 0xf0, 	//*@@@@@+....................@@@@@@.
0x8f, 0xff, 0xff, 0x50, 0x00, 0x00, 0x00, 0x00, 0x00, 0x00, 0x00, 0x00, 0x00, 0x0f, 0xff, 0xff, 0xe0, 	//*@@@@@+....................@@@@@@.
0x8f, 0xff, 0xff, 0x50, 0x00, 0x00, 0x00, 0x00, 0x00, 0x00, 0x00, 0x00, 0x00, 0x4f, 0xff, 0xff, 0xc0, 	//*@@@@@+...................+@@@@@@.
0x8f, 0xff, 0xff, 0x50, 0x00, 0x00, 0x00, 0x00, 0x00, 0x00, 0x00, 0x00, 0x00, 0xcf, 0xff, 0xff, 0x70, 	//*@@@@@+...................@@@@@@*.
0x8f, 0xff, 0xff, 0x50, 0x00, 0x00, 0x00, 0x00, 0x00, 0x00, 0x00, 0x00, 0x07, 0xff, 0xff, 0xff, 0x20, 	//*@@@@@+..................*@@@@@@+.
0x8f, 0xff, 0xff, 0x50, 0x00, 0x00, 0x00, 0x00, 0x00, 0x00, 0x00, 0x00, 0x7f, 0xff, 0xff, 0xfb, 0x00, 	//*@@@@@+.................*@@@@@@%..
0x8f, 0xff, 0xff, 0x50, 0x00, 0x00, 0x00, 0x00, 0x00, 0x00, 0x00, 0x2b, 0xff, 0xff, 0xff, 0xf1, 0x00, 	//*@@@@@+...............+%@@@@@@@+..
0x8f, 0xff, 0xff, 0x50, 0x00, 0x00, 0x00, 0x00, 0x00, 0x03, 0x7c, 0xff, 0xff, 0xff, 0xff, 0x50, 0x00, 	//*@@@@@+............+*@@@@@@@@@+...
0x8f, 0xff, 0xff, 0xdb, 0xbb, 0xbb, 0xbb, 0xbc, 0xde, 0xff, 0xff, 0xff, 0xff, 0xff, 0xf6, 0x00, 0x00, 	//*@@@@@@%%%%%%%%@@@@@@@@@@@@@@*....
0x8f, 0xff, 0xff, 0xff, 0xff, 0xff, 0xff, 0xff, 0xff, 0xff, 0xff, 0xff, 0xff, 0xfe, 0x40, 0x00, 0x00, 	//*@@@@@@@@@@@@@@@@@@@@@@@@@@@+.....
0x8f, 0xff, 0xff, 0xff, 0xff, 0xff, 0xff, 0xff, 0xff, 0xff, 0xff, 0xff, 0xff, 0x91, 0x00, 0x00, 0x00, 	//*@@@@@@@@@@@@@@@@@@@@@@@@@%+......
0x8f, 0xff, 0xff, 0xff, 0xff, 0xff, 0xff, 0xff, 0xff, 0xff, 0xff, 0xfd, 0x71, 0x00, 0x00, 0x00, 0x00, 	//*@@@@@@@@@@@@@@@@@@@@@@@*+........
0x8f, 0xff, 0xff, 0xff, 0xff, 0xff, 0xff, 0xff, 0xee, 0xdb, 0x85, 0x20, 0x00, 0x00, 0x00, 0x00, 0x00, 	//*@@@@@@@@@@@@@@@@@@%*++...........


/* C */
0x00, 0x00, 0x00, 0x00, 0x00, 0x00, 0x00, 0x00, 0x59, 0xbc, 0xef, 0xec, 0xa7, 0x20, 0x00, 0x00, 0x00, 0x00, 	//................+%%@@@@@%*+.........
0x00, 0x00, 0x00, 0x00, 0x00, 0x00, 0x06, 0xbf, 0xff, 0xff, 0xff, 0xff, 0xff, 0xfc, 0x70, 0x00, 0x00, 0x00, 	//.............*%@@@@@@@@@@@@@*.......
0x00, 0x00, 0x00, 0x00, 0x00, 0x05, 0xdf, 0xff, 0xff, 0xff, 0xff, 0xff, 0xff, 0xff, 0xfe, 0x50, 0x00, 0x00, 	//...........+@@@@@@@@@@@@@@@@@@+.....
0x00, 0x00, 0x00, 0x00, 0x02, 0xbf, 0xff, 0xff, 0xff, 0xff, 0xff, 0xff, 0xff, 0xff, 0xff, 0xfb, 0x10, 0x00, 	//.........+%@@@@@@@@@@@@@@@@@@@@%+...
0x00, 0x00, 0x00, 0x00, 0x3e, 0xff, 0xff, 0xff, 0xff, 0xff, 0xff, 0xff, 0xff, 0xff, 0xff, 0xff, 0xd2, 0x00, 	//........+@@@@@@@@@@@@@@@@@@@@@@@@+..
0x00, 0x00, 0x00, 0x04, 0xff, 0xff, 0xff, 0xff, 0xfd, 0x86, 0x43, 0x46, 0x9e, 0xff, 0xff, 0xff, 0xfe, 0x10, 	//.......+@@@@@@@@@@**+++*%@@@@@@@@@+.
0x00, 0x00, 0x00, 0x5f, 0xff, 0xff, 0xff, 0xf9, 0x20, 0x00, 0x00, 0x00, 0x00, 0x4c, 0xff, 0xff, 0xfb, 0x00, 	//......+@@@@@@@@%+.........+@@@@@@%..
0x00, 0x00, 0x01, 0xff, 0xff, 0xff, 0xfc, 0x30, 0x00, 0x00, 0x00, 0x00, 0x00, 0x00, 0x6f, 0xff, 0xd1, 0x00, 	//.....+@@@@@@@@+.............*@@@@+..
0x00, 0x00, 0x0c, 0xff, 0xff, 0xff, 0xa0, 0x00, 0x00, 0x00, 0x00, 0x00, 0x00, 0x00, 0x03, 0xef, 0x20, 0x00, 	//.....@@@@@@@%................+@@+...
0x00, 0x00, 0x7f, 0xff, 0xff, 0xfa, 0x00, 0x00, 0x00, 0x00, 0x00, 0x00, 0x00, 0x00, 0x00, 0x24, 0x00, 0x00, 	//....*@@@@@@%..................++....
0x00, 0x01, 0xff, 0xff, 0xff, 0xc0, 0x00, 0x00, 0x00, 0x00, 0x00, 0x00, 0x00, 0x00, 0x00, 0x00, 0x00, 0x00, 	//...+@@@@@@@.........................
0x00, 0x08, 0xff, 0xff, 0xff, 0x20, 0x00, 0x00, 0x00, 0x00, 0x00, 0x00, 0x00, 0x00, 0x00, 0x00, 0x00, 0x00, 	//...*@@@@@@+.........................
0x00, 0x0e, 0xff, 0xff, 0xf7, 0x00, 0x00, 0x00, 0x00, 0x00, 0x00, 0x00, 0x00, 0x00, 0x00, 0x00, 0x00, 0x00, 	//...@@@@@@*..........................
0x00, 0x6f, 0xff, 0xff, 0xe0, 0x00, 0x00, 0x00, 0x00, 0x00, 0x00, 0x00, 0x00, 0x00, 0x00, 0x00, 0x00, 0x00, 	//..*@@@@@@...........................
0x00, 0xcf, 0xff, 0xff, 0x90, 0x00, 0x00, 0x00, 0x00, 0x00, 0x00, 0x00, 0x00, 0x00, 0x00, 0x00, 0x00, 0x00, 	//..@@@@@@%...........................
0x00, 0xff, 0xff, 0xff, 0x20, 0x00, 0x00, 0x00, 0x00, 0x00, 0x00, 0x00, 0x00, 0x00, 0x00, 0x00, 0x00, 0x00, 	//..@@@@@@+...........................
0x04, 0xff, 0xff, 0xfd, 0x00, 0x00, 0x00, 0x00, 0x00, 0x00, 0x00, 0x00, 0x00, 0x00, 0x00, 0x00, 0x00, 0x00, 	//.+@@@@@@............................
0x08, 0xff, 0xff, 0xf9, 0x00, 0x00, 0x00, 0x00, 0x00, 0x00, 0x00, 0x00, 0x00, 0x00, 0x00, 0x00, 0x00, 0x00, 	//.*@@@@@%............................
0x0c, 0xff, 0xff, 0xf6, 0x00, 0x00, 0x00, 0x00, 0x00, 0x00, 0x00, 0x00, 0x00, 0x00, 0x00, 0x00, 0x00, 0x00, 	//.@@@@@@*............................
0x0e, 0xff, 0xff, 0xf2, 0x00, 0x00, 0x00, 0x00, 0x00, 0x00, 0x00, 0x00, 0x00, 0x00, 0x00, 0x00, 0x00, 0x00, 	//.@@@@@@+............................
0x0f, 0xff, 0xff, 0xf0, 0x00, 0x00, 0x00, 0x00, 0x00, 0x00, 0x00, 0x00, 0x00, 0x00, 0x00, 0x00, 0x00, 0x00, 	//.@@@@@@.............................
0x1f, 0xff, 0xff, 0xf0, 0x00, 0x00, 0x00, 0x00, 0x00, 0x00, 0x00, 0x00, 0x00, 0x00, 0x00, 0x00, 0x00, 0x00, 	//+@@@@@@.............................
0x2f, 0xff, 0xff, 0xe0, 0x00, 0x00, 0x00, 0x00, 0x00, 0x00, 0x00, 0x00, 0x00, 0x00, 0x00, 0x00, 0x00, 0x00, 	//+@@@@@@.............................
0x3f, 0xff, 0xff, 0xd0, 0x00, 0x00, 0x00, 0x00, 0x00, 0x00, 0x00, 0x00, 0x00, 0x00, 0x00, 0x00, 0x00, 0x00, 	//+@@@@@@.............................
0x4f, 0xff, 0xff, 0xc0, 0x00, 0x00, 0x00, 0x00, 0x00, 0x00, 0x00, 0x00, 0x00, 0x00, 0x00, 0x00, 0x00, 0x00, 	//+@@@@@@.............................
0x3f, 0xff, 0xff, 0xd0, 0x00, 0x00, 0x00, 0x00, 0x00, 0x00, 0x00, 0x00, 0x00, 0x00, 0x00, 0x00, 0x00, 0x00, 	//+@@@@@@.............................
0x2f, 0xff, 0xff, 0xe0, 0x00, 0x00, 0x00, 0x00, 0x00, 0x00, 0x00, 0x00, 0x00, 0x00, 0x00, 0x00, 0x00, 0x00, 	//+@@@@@@.............................
0x1f, 0xff, 0xff, 0xf0, 0x00, 0x00, 0x00, 0x00, 0x00, 0x00, 0x00, 0x00, 0x00, 0x00, 0x00, 0x00, 0x00, 0x00, 	//+@@@@@@.............................
0x0f, 0xff, 0xff, 0xf0, 0x00, 0x00, 0x00, 0x00, 0x00, 0x00, 0x00, 0x00, 0x00, 0x00, 0x00, 0x00, 0x00, 0x00, 	//.@@@@@@.............................
0x0f, 0xff, 0xff, 0xf3, 0x00, 0x00, 0x00, 0x00, 0x00, 0x00, 0x00, 0x00, 0x00, 0x00, 0x00, 0x00, 0x00, 0x00, 	//.@@@@@@+............................
0x0c, 0xff, 0xff, 0xf6, 0x00, 0x00, 0x00, 0x00, 0x00, 0x00, 0x00, 0x00, 0x00, 0x00, 0x00, 0x00, 0x00, 0x00, 	//.@@@@@@*............................
0x08, 0xff, 0xff, 0xf9, 0x00, 0x00, 0x00, 0x00, 0x00, 0x00, 0x00, 0x00, 0x00, 0x00, 0x00, 0x00, 0x00, 0x00, 	//.*@@@@@%............................
0x05, 0xff, 0xff, 0xfd, 0x00, 0x00, 0x00, 0x00, 0x00, 0x00, 0x00, 0x00, 0x00, 0x00, 0x00, 0x00, 0x00, 0x00, 	//.+@@@@@@............................
0x01, 0xff, 0xff, 0xff, 0x30, 0x00, 0x00, 0x00, 0x00, 0x00, 0x00, 0x00, 0x00, 0x00, 0x00, 0x00, 0x00, 0x00, 	//.+@@@@@@+...........................
0x00, 0xdf, 0xff, 0xff, 0x90, 0x00, 0x00, 0x00, 0x00, 0x00, 0x00, 0x00, 0x00, 0x00, 0x00, 0x00, 0x00, 0x00, 	//..@@@@@@%...........................
0x00, 0x7f, 0xff, 0xff, 0xe0, 0x00, 0x00, 0x00, 0x00, 0x00, 0x00, 0x00, 0x00, 0x00, 0x00, 0x00, 0x00, 0x00, 	//..*@@@@@@...........................
0x00, 0x1f, 0xff, 0xff, 0xf7, 0x00, 0x00, 0x00, 0x00, 0x00, 0x00, 0x00, 0x00, 0x00, 0x00, 0x00, 0x00, 0x00, 	//..+@@@@@@*..........................
0x00, 0x09, 0xff, 0xff, 0xff, 0x10, 0x00, 0x00, 0x00, 0x00, 0x00, 0x00, 0x00, 0x00, 0x00, 0x00, 0x00, 0x00, 	//...%@@@@@@+.........................
0x00, 0x02, 0xff, 0xff, 0xff, 0xb0, 0x00, 0x00, 0x00, 0x00, 0x00, 0x00, 0x00, 0x00, 0x00, 0x00, 0x30, 0x00, 	//...+@@@@@@%.....................+...
0x00, 0x00, 0x9f, 0xff, 0xff, 0xf9, 0x00, 0x00, 0x00, 0x00, 0x00, 0x00, 0x00, 0x00, 0x00, 0x0c, 0xf3, 0x00, 	//....%@@@@@@%...................@@+..
0x00, 0x00, 0x0d, 0xff, 0xff, 0xff, 0x80, 0x00, 0x00, 0x00, 0x00, 0x00, 0x00, 0x00, 0x01, 0xcf, 0xfe, 0x10, 	//.....@@@@@@@*................+@@@@+.
0x00, 0x00, 0x03, 0xff, 0xff, 0xff, 0xfb, 0x10, 0x00, 0x00, 0x00, 0x00, 0x00, 0x00, 0x5e, 0xff, 0xff, 0xc0, 	//.....+@@@@@@@%+.............+@@@@@@.
0x00, 0x00, 0x00, 0x7f, 0xff, 0xff, 0xff, 0xf7, 0x10, 0x00, 0x00, 0x00, 0x00, 0x4b, 0xff, 0xff, 0xff, 0xf3, 	//......*@@@@@@@@*+.........+%@@@@@@@+
0x00, 0x00, 0x00, 0x07, 0xff, 0xff, 0xff, 0xff, 0xfc, 0x75, 0x43, 0x46, 0x8e, 0xff, 0xff, 0xff, 0xff, 0x40, 	//.......*@@@@@@@@@@*++++**@@@@@@@@@+.
0x00, 0x00, 0x00, 0x00, 0x6f, 0xff, 0xff, 0xff, 0xff, 0xff, 0xff, 0xff, 0xff, 0xff, 0xff, 0xff, 0xf4, 0x00, 	//........*@@@@@@@@@@@@@@@@@@@@@@@@+..
0x00, 0x00, 0x00, 0x00, 0x04, 0xdf, 0xff, 0xff, 0xff, 0xff, 0xff, 0xff, 0xff, 0xff, 0xff, 0xfc, 0x30, 0x00, 	//.........+@@@@@@@@@@@@@@@@@@@@@@+...
0x00, 0x00, 0x00, 0x00, 0x00, 0x07, 0xff, 0xff, 0xff, 0xff, 0xff, 0xff, 0xff, 0xff, 0xff, 0x70, 0x00, 0x00, 	//...........*@@@@@@@@@@@@@@@@@@*.....
0x00, 0x00, 0x00, 0x00, 0x00, 0x00, 0x18, 0xdf, 0xff, 0xff, 0xff, 0xff, 0xff, 0xfd, 0x71, 0x00, 0x00, 0x00, 	//............+*@@@@@@@@@@@@@@*+......
0x00, 0x00, 0x00, 0x00, 0x00, 0x00, 0x00, 0x02, 0x7a, 0xbd, 0xff, 0xdc, 0xa8, 0x20, 0x00, 0x00, 0x00, 0x00, 	//...............+*%%@@@@@%*+.........


/* D */
0x8f, 0xff, 0xff, 0xff, 0xff, 0xff, 0xfe, 0xdb, 0xa8, 0x40, 0x00, 0x00, 0x00, 0x00, 0x00, 0x00, 0x00, 0x00, 	//*@@@@@@@@@@@@@@%%*+.................
0x8f, 0xff, 0xff, 0xff, 0xff, 0xff, 0xff, 0xff, 0xff, 0xff, 0xc7, 0x10, 0x00, 0x00, 0x00, 0x00, 0x00, 0x00, 	//*@@@@@@@@@@@@@@@@@@@@*+.............
0x8f, 0xff, 0xff, 0xff, 0xff, 0xff, 0xff, 0xff, 0xff, 0xff, 0xff, 0xf8, 0x10, 0x00, 0x00, 0x00, 0x00, 0x00, 	//*@@@@@@@@@@@@@@@@@@@@@@*+...........
0x8f, 0xff, 0xff, 0xff, 0xff, 0xff, 0xff, 0xff, 0xff, 0xff, 0xff, 0xff, 0xf8, 0x00, 0x00, 0x00, 0x00, 0x00, 	//*@@@@@@@@@@@@@@@@@@@@@@@@*..........
0x8f, 0xff, 0xff, 0xec, 0xcc, 0xcd, 0xef, 0xff, 0xff, 0xff, 0xff, 0xff, 0xff, 0xb0, 0x00, 0x00, 0x00, 0x00, 	//*@@@@@@@@@@@@@@@@@@@@@@@@@%.........
0x8f, 0xff, 0xff, 0x50, 0x00, 0x00, 0x00, 0x02, 0x6a, 0xef, 0xff, 0xff, 0xff, 0xfd, 0x10, 0x00, 0x00, 0x00, 	//*@@@@@+........+*%@@@@@@@@@@+.......
0x8f, 0xff, 0xff, 0x50, 0x00, 0x00, 0x00, 0x00, 0x00, 0x05, 0xdf, 0xff, 0xff, 0xff, 0xd1, 0x00, 0x00, 0x00, 	//*@@@@@+............+@@@@@@@@@+......
0x8f, 0xff, 0xff, 0x50, 0x00, 0x00, 0x00, 0x00, 0x00, 0x00, 0x06, 0xff, 0xff, 0xff, 0xfa, 0x00, 0x00, 0x00, 	//*@@@@@+..............*@@@@@@@%......
0x8f, 0xff, 0xff, 0x50, 0x00, 0x00, 0x00, 0x00, 0x00, 0x00, 0x00, 0x3e, 0xff, 0xff, 0xff, 0x60, 0x00, 0x00, 	//*@@@@@+...............+@@@@@@@*.....
0x8f, 0xff, 0xff, 0x50, 0x00, 0x00, 0x00, 0x00, 0x00, 0x00, 0x00, 0x02, 0xef, 0xff, 0xff, 0xf1, 0x00, 0x00, 	//*@@@@@+................+@@@@@@@+....
0x8f, 0xff, 0xff, 0x50, 0x00, 0x00, 0x00, 0x00, 0x00, 0x00, 0x00, 0x00, 0x5f, 0xff, 0xff, 0xf8, 0x00, 0x00, 	//*@@@@@+.................+@@@@@@*....
0x8f, 0xff, 0xff, 0x50, 0x00, 0x00, 0x00, 0x00, 0x00, 0x00, 0x00, 0x00, 0x0a, 0xff, 0xff, 0xff, 0x00, 0x00, 	//*@@@@@+..................%@@@@@@....
0x8f, 0xff, 0xff, 0x50, 0x00, 0x00, 0x00, 0x00, 0x00, 0x00, 0x00, 0x00, 0x01, 0xff, 0xff, 0xff, 0x60, 0x00, 	//*@@@@@+..................+@@@@@@*...
0x8f, 0xff, 0xff, 0x50, 0x00, 0x00, 0x00, 0x00, 0x00, 0x00, 0x00, 0x00, 0x00, 0xaf, 0xff, 0xff, 0xd0, 0x00, 	//*@@@@@+...................%@@@@@@...
0x8f, 0xff, 0xff, 0x50, 0x00, 0x00, 0x00, 0x00, 0x00, 0x00, 0x00, 0x00, 0x00, 0x3f, 0xff, 0xff, 0xf1, 0x00, 	//*@@@@@+...................+@@@@@@+..
0x8f, 0xff, 0xff, 0x50, 0x00, 0x00, 0x00, 0x00, 0x00, 0x00, 0x00, 0x00, 0x00, 0x0d, 0xff, 0xff, 0xf4, 0x00, 	//*@@@@@+....................@@@@@@+..
0x8f, 0xff, 0xff, 0x50, 0x00, 0x00, 0x00, 0x00, 0x00, 0x00, 0x00, 0x00, 0x00, 0x0a, 0xff, 0xff, 0xf8, 0x00, 	//*@@@@@+....................%@@@@@*..
0x8f, 0xff, 0xff, 0x50, 0x00, 0x00, 0x00, 0x00, 0x00, 0x00, 0x00, 0x00, 0x00, 0x06, 0xff, 0xff, 0xfc, 0x00, 	//*@@@@@+....................*@@@@@@..
0x8f, 0xff, 0xff, 0x50, 0x00, 0x00, 0x00, 0x00, 0x00, 0x00, 0x00, 0x00, 0x00, 0x03, 0xff, 0xff, 0xfe, 0x00, 	//*@@@@@+....................+@@@@@@..
0x8f, 0xff, 0xff, 0x50, 0x00, 0x00, 0x00, 0x00, 0x00, 0x00, 0x00, 0x00, 0x00, 0x01, 0xff, 0xff, 0xff, 0x00, 	//*@@@@@+....................+@@@@@@..
0x8f, 0xff, 0xff, 0x50, 0x00, 0x00, 0x00, 0x00, 0x00, 0x00, 0x00, 0x00, 0x00, 0x00, 0xff, 0xff, 0xff, 0x00, 	//*@@@@@+.....................@@@@@@..
0x8f, 0xff, 0xff, 0x50, 0x00, 0x00, 0x00, 0x00, 0x00, 0x00, 0x00, 0x00, 0x00, 0x00, 0xff, 0xff, 0xff, 0x10, 	//*@@@@@+.....................@@@@@@+.
0x8f, 0xff, 0xff, 0x50, 0x00, 0x00, 0x00, 0x00, 0x00, 0x00, 0x00, 0x00, 0x00, 0x00, 0xef, 0xff, 0xff, 0x30, 	//*@@@@@+.....................@@@@@@+.
0x8f, 0xff, 0xff, 0x50, 0x00, 0x00, 0x00, 0x00, 0x00, 0x00, 0x00, 0x00, 0x00, 0x00, 0xdf, 0xff, 0xff, 0x30, 	//*@@@@@+.....................@@@@@@+.
0x8f, 0xff, 0xff, 0x50, 0x00, 0x00, 0x00, 0x00, 0x00, 0x00, 0x00, 0x00, 0x00, 0x00, 0xef, 0xff, 0xff, 0x20, 	//*@@@@@+.....................@@@@@@+.
0x8f, 0xff, 0xff, 0x50, 0x00, 0x00, 0x00, 0x00, 0x00, 0x00, 0x00, 0x00, 0x00, 0x00, 0xff, 0xff, 0xff, 0x10, 	//*@@@@@+.....................@@@@@@+.
0x8f, 0xff, 0xff, 0x50, 0x00, 0x00, 0x00, 0x00, 0x00, 0x00, 0x00, 0x00, 0x00, 0x00, 0xff, 0xff, 0xff, 0x00, 	//*@@@@@+.....................@@@@@@..
0x8f, 0xff, 0xff, 0x50, 0x00, 0x00, 0x00, 0x00, 0x00, 0x00, 0x00, 0x00, 0x00, 0x01, 0xff, 0xff, 0xff, 0x00, 	//*@@@@@+....................+@@@@@@..
0x8f, 0xff, 0xff, 0x50, 0x00, 0x00, 0x00, 0x00, 0x00, 0x00, 0x00, 0x00, 0x00, 0x04, 0xff, 0xff, 0xfe, 0x00, 	//*@@@@@+....................+@@@@@@..
0x8f, 0xff, 0xff, 0x50, 0x00, 0x00, 0x00, 0x00, 0x00, 0x00, 0x00, 0x00, 0x00, 0x07, 0xff, 0xff, 0xfb, 0x00, 	//*@@@@@+....................*@@@@@%..
0x8f, 0xff, 0xff, 0x50, 0x00, 0x00, 0x00, 0x00, 0x00, 0x00, 0x00, 0x00, 0x00, 0x0b, 0xff, 0xff, 0xf7, 0x00, 	//*@@@@@+....................%@@@@@*..
0x8f, 0xff, 0xff, 0x50, 0x00, 0x00, 0x00, 0x00, 0x00, 0x00, 0x00, 0x00, 0x00, 0x0e, 0xff, 0xff, 0xf3, 0x00, 	//*@@@@@+....................@@@@@@+..
0x8f, 0xff, 0xff, 0x50, 0x00, 0x00, 0x00, 0x00, 0x00, 0x00, 0x00, 0x00, 0x00, 0x5f, 0xff, 0xff, 0xf0, 0x00, 	//*@@@@@+...................+@@@@@@...
0x8f, 0xff, 0xff, 0x50, 0x00, 0x00, 0x00, 0x00, 0x00, 0x00, 0x00, 0x00, 0x00, 0xbf, 0xff, 0xff, 0xb0, 0x00, 	//*@@@@@+...................%@@@@@%...
0x8f, 0xff, 0xff, 0x50, 0x00, 0x00, 0x00, 0x00, 0x00, 0x00, 0x00, 0x00, 0x02, 0xff, 0xff, 0xff, 0x40, 0x00, 	//*@@@@@+..................+@@@@@@+...
0x8f, 0xff, 0xff, 0x50, 0x00, 0x00, 0x00, 0x00, 0x00, 0x00, 0x00, 0x00, 0x0c, 0xff, 0xff, 0xfd, 0x00, 0x00, 	//*@@@@@+..................@@@@@@@....
0x8f, 0xff, 0xff, 0x50, 0x00, 0x00, 0x00, 0x00, 0x00, 0x00, 0x00, 0x00, 0x7f, 0xff, 0xff, 0xf7, 0x00, 0x00, 	//*@@@@@+.................*@@@@@@*....
0x8f, 0xff, 0xff, 0x50, 0x00, 0x00, 0x00, 0x00, 0x00, 0x00, 0x00, 0x04, 0xff, 0xff, 0xff, 0xe0, 0x00, 0x00, 	//*@@@@@+................+@@@@@@@.....
0x8f, 0xff, 0xff, 0x50, 0x00, 0x00, 0x00, 0x00, 0x00, 0x00, 0x00, 0x6f, 0xff, 0xff, 0xff, 0x40, 0x00, 0x00, 	//*@@@@@+...............*@@@@@@@+.....
0x8f, 0xff, 0xff, 0x50, 0x00, 0x00, 0x00, 0x00, 0x00, 0x00, 0x18, 0xff, 0xff, 0xff, 0xf8, 0x00, 0x00, 0x00, 	//*@@@@@+.............+*@@@@@@@*......
0x8f, 0xff, 0xff, 0x50, 0x00, 0x00, 0x00, 0x00, 0x00, 0x07, 0xef, 0xff, 0xff, 0xff, 0xc0, 0x00, 0x00, 0x00, 	//*@@@@@+............*@@@@@@@@@.......
0x8f, 0xff, 0xff, 0x50, 0x00, 0x00, 0x00, 0x13, 0x7b, 0xff, 0xff, 0xff, 0xff, 0xfb, 0x00, 0x00, 0x00, 0x00, 	//*@@@@@+.......++*%@@@@@@@@@%........
0x8f, 0xff, 0xff, 0xed, 0xdd, 0xdd, 0xef, 0xff, 0xff, 0xff, 0xff, 0xff, 0xff, 0x90, 0x00, 0x00, 0x00, 0x00, 	//*@@@@@@@@@@@@@@@@@@@@@@@@@%.........
0x8f, 0xff, 0xff, 0xff, 0xff, 0xff, 0xff, 0xff, 0xff, 0xff, 0xff, 0xff, 0xe6, 0x00, 0x00, 0x00, 0x00, 0x00, 	//*@@@@@@@@@@@@@@@@@@@@@@@@*..........
0x8f, 0xff, 0xff, 0xff, 0xff, 0xff, 0xff, 0xff, 0xff, 0xff, 0xff, 0xf8, 0x00, 0x00, 0x00, 0x00, 0x00, 0x00, 	//*@@@@@@@@@@@@@@@@@@@@@@*............
0x8f, 0xff, 0xff, 0xff, 0xff, 0xff, 0xff, 0xff, 0xff, 0xff, 0xc7, 0x10, 0x00, 0x00, 0x00, 0x00, 0x00, 0x00, 	//*@@@@@@@@@@@@@@@@@@@@*+.............
0x8f, 0xff, 0xff, 0xff, 0xff, 0xff, 0xfe, 0xdc, 0xa8, 0x40, 0x00, 0x00, 0x00, 0x00, 0x00, 0x00, 0x00, 0x00, 	//*@@@@@@@@@@@@@@@%*+.................


/* E */
0x8f, 0xff, 0xff, 0xff, 0xff, 0xff, 0xff, 0xff, 0xff, 0xff, 0xff, 0xff, 0xff, 0xf7, 0x00, 	//*@@@@@@@@@@@@@@@@@@@@@@@@@@*..
0x8f, 0xff, 0xff, 0xff, 0xff, 0xff, 0xff, 0xff, 0xff, 0xff, 0xff, 0xff, 0xff, 0xf7, 0x00, 	//*@@@@@@@@@@@@@@@@@@@@@@@@@@*..
0x8f, 0xff, 0xff, 0xff, 0xff, 0xff, 0xff, 0xff, 0xff, 0xff, 0xff, 0xff, 0xff, 0xf7, 0x00, 	//*@@@@@@@@@@@@@@@@@@@@@@@@@@*..
0x8f, 0xff, 0xff, 0xff, 0xff, 0xff, 0xff, 0xff, 0xff, 0xff, 0xff, 0xff, 0xff, 0xf7, 0x00, 	//*@@@@@@@@@@@@@@@@@@@@@@@@@@*..
0x8f, 0xff, 0xff, 0xff, 0xff, 0xff, 0xff, 0xff, 0xff, 0xff, 0xff, 0xff, 0xff, 0xf7, 0x00, 	//*@@@@@@@@@@@@@@@@@@@@@@@@@@*..
0x8f, 0xff, 0xff, 0x50, 0x00, 0x00, 0x00, 0x00, 0x00, 0x00, 0x00, 0x00, 0x00, 0x00, 0x00, 	//*@@@@@+.......................
0x8f, 0xff, 0xff, 0x50, 0x00, 0x00, 0x00, 0x00, 0x00, 0x00, 0x00, 0x00, 0x00, 0x00, 0x00, 	//*@@@@@+.......................
0x8f, 0xff, 0xff, 0x50, 0x00, 0x00, 0x00, 0x00, 0x00, 0x00, 0x00, 0x00, 0x00, 0x00, 0x00, 	//*@@@@@+.......................
0x8f, 0xff, 0xff, 0x50, 0x00, 0x00, 0x00, 0x00, 0x00, 0x00, 0x00, 0x00, 0x00, 0x00, 0x00, 	//*@@@@@+.......................
0x8f, 0xff, 0xff, 0x50, 0x00, 0x00, 0x00, 0x00, 0x00, 0x00, 0x00, 0x00, 0x00, 0x00, 0x00, 	//*@@@@@+.......................
0x8f, 0xff, 0xff, 0x50, 0x00, 0x00, 0x00, 0x00, 0x00, 0x00, 0x00, 0x00, 0x00, 0x00, 0x00, 	//*@@@@@+.......................
0x8f, 0xff, 0xff, 0x50, 0x00, 0x00, 0x00, 0x00, 0x00, 0x00, 0x00, 0x00, 0x00, 0x00, 0x00, 	//*@@@@@+.......................
0x8f, 0xff, 0xff, 0x50, 0x00, 0x00, 0x00, 0x00, 0x00, 0x00, 0x00, 0x00, 0x00, 0x00, 0x00, 	//*@@@@@+.......................
0x8f, 0xff, 0xff, 0x50, 0x00, 0x00, 0x00, 0x00, 0x00, 0x00, 0x00, 0x00, 0x00, 0x00, 0x00, 	//*@@@@@+.......................
0x8f, 0xff, 0xff, 0x50, 0x00, 0x00, 0x00, 0x00, 0x00, 0x00, 0x00, 0x00, 0x00, 0x00, 0x00, 	//*@@@@@+.......................
0x8f, 0xff, 0xff, 0x50, 0x00, 0x00, 0x00, 0x00, 0x00, 0x00, 0x00, 0x00, 0x00, 0x00, 0x00, 	//*@@@@@+.......................
0x8f, 0xff, 0xff, 0x50, 0x00, 0x00, 0x00, 0x00, 0x00, 0x00, 0x00, 0x00, 0x00, 0x00, 0x00, 	//*@@@@@+.......................
0x8f, 0xff, 0xff, 0x50, 0x00, 0x00, 0x00, 0x00, 0x00, 0x00, 0x00, 0x00, 0x00, 0x00, 0x00, 	//*@@@@@+.......................
0x8f, 0xff, 0xff, 0x50, 0x00, 0x00, 0x00, 0x00, 0x00, 0x00, 0x00, 0x00, 0x00, 0x00, 0x00, 	//*@@@@@+.......................
0x8f, 0xff, 0xff, 0x50, 0x00, 0x00, 0x00, 0x00, 0x00, 0x00, 0x00, 0x00, 0x00, 0x00, 0x00, 	//*@@@@@+.......................
0x8f, 0xff, 0xff, 0xff, 0xff, 0xff, 0xff, 0xff, 0xff, 0xff, 0xff, 0xff, 0x20, 0x00, 0x00, 	//*@@@@@@@@@@@@@@@@@@@@@@@+.....
0x8f, 0xff, 0xff, 0xff, 0xff, 0xff, 0xff, 0xff, 0xff, 0xff, 0xff, 0xff, 0x20, 0x00, 0x00, 	//*@@@@@@@@@@@@@@@@@@@@@@@+.....
0x8f, 0xff, 0xff, 0xff, 0xff, 0xff, 0xff, 0xff, 0xff, 0xff, 0xff, 0xff, 0x20, 0x00, 0x00, 	//*@@@@@@@@@@@@@@@@@@@@@@@+.....
0x8f, 0xff, 0xff, 0xff, 0xff, 0xff, 0xff, 0xff, 0xff, 0xff, 0xff, 0xff, 0x20, 0x00, 0x00, 	//*@@@@@@@@@@@@@@@@@@@@@@@+.....
0x8f, 0xff, 0xff, 0xff, 0xff, 0xff, 0xff, 0xff, 0xff, 0xff, 0xff, 0xff, 0x20, 0x00, 0x00, 	//*@@@@@@@@@@@@@@@@@@@@@@@+.....
0x8f, 0xff, 0xff, 0x50, 0x00, 0x00, 0x00, 0x00, 0x00, 0x00, 0x00, 0x00, 0x00, 0x00, 0x00, 	//*@@@@@+.......................
0x8f, 0xff, 0xff, 0x50, 0x00, 0x00, 0x00, 0x00, 0x00, 0x00, 0x00, 0x00, 0x00, 0x00, 0x00, 	//*@@@@@+.......................
0x8f, 0xff, 0xff, 0x50, 0x00, 0x00, 0x00, 0x00, 0x00, 0x00, 0x00, 0x00, 0x00, 0x00, 0x00, 	//*@@@@@+.......................
0x8f, 0xff, 0xff, 0x50, 0x00, 0x00, 0x00, 0x00, 0x00, 0x00, 0x00, 0x00, 0x00, 0x00, 0x00, 	//*@@@@@+.......................
0x8f, 0xff, 0xff, 0x50, 0x00, 0x00, 0x00, 0x00, 0x00, 0x00, 0x00, 0x00, 0x00, 0x00, 0x00, 	//*@@@@@+.......................
0x8f, 0xff, 0xff, 0x50, 0x00, 0x00, 0x00, 0x00, 0x00, 0x00, 0x00, 0x00, 0x00, 0x00, 0x00, 	//*@@@@@+.......................
0x8f, 0xff, 0xff, 0x50, 0x00, 0x00, 0x00, 0x00, 0x00, 0x00, 0x00, 0x00, 0x00, 0x00, 0x00, 	//*@@@@@+.......................
0x8f, 0xff, 0xff, 0x50, 0x00, 0x00, 0x00, 0x00, 0x00, 0x00, 0x00, 0x00, 0x00, 0x00, 0x00, 	//*@@@@@+.......................
0x8f, 0xff, 0xff, 0x50, 0x00, 0x00, 0x00, 0x00, 0x00, 0x00, 0x00, 0x00, 0x00, 0x00, 0x00, 	//*@@@@@+.......................
0x8f, 0xff, 0xff, 0x50, 0x00, 0x00, 0x00, 0x00, 0x00, 0x00, 0x00, 0x00, 0x00, 0x00, 0x00, 	//*@@@@@+.......................
0x8f, 0xff, 0xff, 0x50, 0x00, 0x00, 0x00, 0x00, 0x00, 0x00, 0x00, 0x00, 0x00, 0x00, 0x00, 	//*@@@@@+.......................
0x8f, 0xff, 0xff, 0x50, 0x00, 0x00, 0x00, 0x00, 0x00, 0x00, 0x00, 0x00, 0x00, 0x00, 0x00, 	//*@@@@@+.......................
0x8f, 0xff, 0xff, 0x50, 0x00, 0x00, 0x00, 0x00, 0x00, 0x00, 0x00, 0x00, 0x00, 0x00, 0x00, 	//*@@@@@+.......................
0x8f, 0xff, 0xff, 0x50, 0x00, 0x00, 0x00, 0x00, 0x00, 0x00, 0x00, 0x00, 0x00, 0x00, 0x00, 	//*@@@@@+.......................
0x8f, 0xff, 0xff, 0x50, 0x00, 0x00, 0x00, 0x00, 0x00, 0x00, 0x00, 0x00, 0x00, 0x00, 0x00, 	//*@@@@@+.......................
0x8f, 0xff, 0xff, 0x50, 0x00, 0x00, 0x00, 0x00, 0x00, 0x00, 0x00, 0x00, 0x00, 0x00, 0x00, 	//*@@@@@+.......................
0x8f, 0xff, 0xff, 0x50, 0x00, 0x00, 0x00, 0x00, 0x00, 0x00, 0x00, 0x00, 0x00, 0x00, 0x00, 	//*@@@@@+.......................
0x8f, 0xff, 0xff, 0xff, 0xff, 0xff, 0xff, 0xff, 0xff, 0xff, 0xff, 0xff, 0xff, 0xff, 0x20, 	//*@@@@@@@@@@@@@@@@@@@@@@@@@@@+.
0x8f, 0xff, 0xff, 0xff, 0xff, 0xff, 0xff, 0xff, 0xff, 0xff, 0xff, 0xff, 0xff, 0xff, 0x20, 	//*@@@@@@@@@@@@@@@@@@@@@@@@@@@+.
0x8f, 0xff, 0xff, 0xff, 0xff, 0xff, 0xff, 0xff, 0xff, 0xff, 0xff, 0xff, 0xff, 0xff, 0x20, 	//*@@@@@@@@@@@@@@@@@@@@@@@@@@@+.
0x8f, 0xff, 0xff, 0xff, 0xff, 0xff, 0xff, 0xff, 0xff, 0xff, 0xff, 0xff, 0xff, 0xff, 0x20, 	//*@@@@@@@@@@@@@@@@@@@@@@@@@@@+.
0x8f, 0xff, 0xff, 0xff, 0xff, 0xff, 0xff, 0xff, 0xff, 0xff, 0xff, 0xff, 0xff, 0xff, 0x20, 	//*@@@@@@@@@@@@@@@@@@@@@@@@@@@+.


/* F */
0x8f, 0xff, 0xff, 0xff, 0xff, 0xff, 0xff, 0xff, 0xff, 0xff, 0xff, 0xff, 0xff, 0xf7, 	//*@@@@@@@@@@@@@@@@@@@@@@@@@@*
0x8f, 0xff, 0xff, 0xff, 0xff, 0xff, 0xff, 0xff, 0xff, 0xff, 0xff, 0xff, 0xff, 0xf7, 	//*@@@@@@@@@@@@@@@@@@@@@@@@@@*
0x8f, 0xff, 0xff, 0xff, 0xff, 0xff, 0xff, 0xff, 0xff, 0xff, 0xff, 0xff, 0xff, 0xf7, 	//*@@@@@@@@@@@@@@@@@@@@@@@@@@*
0x8f, 0xff, 0xff, 0xff, 0xff, 0xff, 0xff, 0xff, 0xff, 0xff, 0xff, 0xff, 0xff, 0xf7, 	//*@@@@@@@@@@@@@@@@@@@@@@@@@@*
0x8f, 0xff, 0xff, 0xff, 0xff, 0xff, 0xff, 0xff, 0xff, 0xff, 0xff, 0xff, 0xff, 0xf7, 	//*@@@@@@@@@@@@@@@@@@@@@@@@@@*
0x8f, 0xff, 0xff, 0x50, 0x00, 0x00, 0x00, 0x00, 0x00, 0x00, 0x00, 0x00, 0x00, 0x00, 	//*@@@@@+.....................
0x8f, 0xff, 0xff, 0x50, 0x00, 0x00, 0x00, 0x00, 0x00, 0x00, 0x00, 0x00, 0x00, 0x00, 	//*@@@@@+.....................
0x8f, 0xff, 0xff, 0x50, 0x00, 0x00, 0x00, 0x00, 0x00, 0x00, 0x00, 0x00, 0x00, 0x00, 	//*@@@@@+.....................
0x8f, 0xff, 0xff, 0x50, 0x00, 0x00, 0x00, 0x00, 0x00, 0x00, 0x00, 0x00, 0x00, 0x00, 	//*@@@@@+.....................
0x8f, 0xff, 0xff, 0x50, 0x00, 0x00, 0x00, 0x00, 0x00, 0x00, 0x00, 0x00, 0x00, 0x00, 	//*@@@@@+.....................
0x8f, 0xff, 0xff, 0x50, 0x00, 0x00, 0x00, 0x00, 0x00, 0x00, 0x00, 0x00, 0x00, 0x00, 	//*@@@@@+.....................
0x8f, 0xff, 0xff, 0x50, 0x00, 0x00, 0x00, 0x00, 0x00, 0x00, 0x00, 0x00, 0x00, 0x00, 	//*@@@@@+.....................
0x8f, 0xff, 0xff, 0x50, 0x00, 0x00, 0x00, 0x00, 0x00, 0x00, 0x00, 0x00, 0x00, 0x00, 	//*@@@@@+.....................
0x8f, 0xff, 0xff, 0x50, 0x00, 0x00, 0x00, 0x00, 0x00, 0x00, 0x00, 0x00, 0x00, 0x00, 	//*@@@@@+.....................
0x8f, 0xff, 0xff, 0x50, 0x00, 0x00, 0x00, 0x00, 0x00, 0x00, 0x00, 0x00, 0x00, 0x00, 	//*@@@@@+.....................
0x8f, 0xff, 0xff, 0x50, 0x00, 0x00, 0x00, 0x00, 0x00, 0x00, 0x00, 0x00, 0x00, 0x00, 	//*@@@@@+.....................
0x8f, 0xff, 0xff, 0x50, 0x00, 0x00, 0x00, 0x00, 0x00, 0x00, 0x00, 0x00, 0x00, 0x00, 	//*@@@@@+.....................
0x8f, 0xff, 0xff, 0x50, 0x00, 0x00, 0x00, 0x00, 0x00, 0x00, 0x00, 0x00, 0x00, 0x00, 	//*@@@@@+.....................
0x8f, 0xff, 0xff, 0x50, 0x00, 0x00, 0x00, 0x00, 0x00, 0x00, 0x00, 0x00, 0x00, 0x00, 	//*@@@@@+.....................
0x8f, 0xff, 0xff, 0x50, 0x00, 0x00, 0x00, 0x00, 0x00, 0x00, 0x00, 0x00, 0x00, 0x00, 	//*@@@@@+.....................
0x8f, 0xff, 0xff, 0x50, 0x00, 0x00, 0x00, 0x00, 0x00, 0x00, 0x00, 0x00, 0x00, 0x00, 	//*@@@@@+.....................
0x8f, 0xff, 0xff, 0xff, 0xff, 0xff, 0xff, 0xff, 0xff, 0xff, 0xff, 0xff, 0x40, 0x00, 	//*@@@@@@@@@@@@@@@@@@@@@@@+...
0x8f, 0xff, 0xff, 0xff, 0xff, 0xff, 0xff, 0xff, 0xff, 0xff, 0xff, 0xff, 0x40, 0x00, 	//*@@@@@@@@@@@@@@@@@@@@@@@+...
0x8f, 0xff, 0xff, 0xff, 0xff, 0xff, 0xff, 0xff, 0xff, 0xff, 0xff, 0xff, 0x40, 0x00, 	//*@@@@@@@@@@@@@@@@@@@@@@@+...
0x8f, 0xff, 0xff, 0xff, 0xff, 0xff, 0xff, 0xff, 0xff, 0xff, 0xff, 0xff, 0x40, 0x00, 	//*@@@@@@@@@@@@@@@@@@@@@@@+...
0x8f, 0xff, 0xff, 0xff, 0xff, 0xff, 0xff, 0xff, 0xff, 0xff, 0xff, 0xff, 0x40, 0x00, 	//*@@@@@@@@@@@@@@@@@@@@@@@+...
0x8f, 0xff, 0xff, 0x50, 0x00, 0x00, 0x00, 0x00, 0x00, 0x00, 0x00, 0x00, 0x00, 0x00, 	//*@@@@@+.....................
0x8f, 0xff, 0xff, 0x50, 0x00, 0x00, 0x00, 0x00, 0x00, 0x00, 0x00, 0x00, 0x00, 0x00, 	//*@@@@@+.....................
0x8f, 0xff, 0xff, 0x50, 0x00, 0x00, 0x00, 0x00, 0x00, 0x00, 0x00, 0x00, 0x00, 0x00, 	//*@@@@@+.....................
0x8f, 0xff, 0xff, 0x50, 0x00, 0x00, 0x00, 0x00, 0x00, 0x00, 0x00, 0x00, 0x00, 0x00, 	//*@@@@@+.....................
0x8f, 0xff, 0xff, 0x50, 0x00, 0x00, 0x00, 0x00, 0x00, 0x00, 0x00, 0x00, 0x00, 0x00, 	//*@@@@@+.....................
0x8f, 0xff, 0xff, 0x50, 0x00, 0x00, 0x00, 0x00, 0x00, 0x00, 0x00, 0x00, 0x00, 0x00, 	//*@@@@@+.....................
0x8f, 0xff, 0xff, 0x50, 0x00, 0x00, 0x00, 0x00, 0x00, 0x00, 0x00, 0x00, 0x00, 0x00, 	//*@@@@@+.....................
0x8f, 0xff, 0xff, 0x50, 0x00, 0x00, 0x00, 0x00, 0x00, 0x00, 0x00, 0x00, 0x00, 0x00, 	//*@@@@@+.....................
0x8f, 0xff, 0xff, 0x50, 0x00, 0x00, 0x00, 0x00, 0x00, 0x00, 0x00, 0x00, 0x00, 0x00, 	//*@@@@@+.....................
0x8f, 0xff, 0xff, 0x50, 0x00, 0x00, 0x00, 0x00, 0x00, 0x00, 0x00, 0x00, 0x00, 0x00, 	//*@@@@@+.....................
0x8f, 0xff, 0xff, 0x50, 0x00, 0x00, 0x00, 0x00, 0x00, 0x00, 0x00, 0x00, 0x00, 0x00, 	//*@@@@@+.....................
0x8f, 0xff, 0xff, 0x50, 0x00, 0x00, 0x00, 0x00, 0x00, 0x00, 0x00, 0x00, 0x00, 0x00, 	//*@@@@@+.....................
0x8f, 0xff, 0xff, 0x50, 0x00, 0x00, 0x00, 0x00, 0x00, 0x00, 0x00, 0x00, 0x00, 0x00, 	//*@@@@@+.....................
0x8f, 0xff, 0xff, 0x50, 0x00, 0x00, 0x00, 0x00, 0x00, 0x00, 0x00, 0x00, 0x00, 0x00, 	//*@@@@@+.....................
0x8f, 0xff, 0xff, 0x50, 0x00, 0x00, 0x00, 0x00, 0x00, 0x00, 0x00, 0x00, 0x00, 0x00, 	//*@@@@@+.....................
0x8f, 0xff, 0xff, 0x50, 0x00, 0x00, 0x00, 0x00, 0x00, 0x00, 0x00, 0x00, 0x00, 0x00, 	//*@@@@@+.....................
0x8f, 0xff, 0xff, 0x50, 0x00, 0x00, 0x00, 0x00, 0x00, 0x00, 0x00, 0x00, 0x00, 0x00, 	//*@@@@@+.....................
0x8f, 0xff, 0xff, 0x50, 0x00, 0x00, 0x00, 0x00, 0x00, 0x00, 0x00, 0x00, 0x00, 0x00, 	//*@@@@@+.....................
0x8f, 0xff, 0xff, 0x50, 0x00, 0x00, 0x00, 0x00, 0x00, 0x00, 0x00, 0x00, 0x00, 0x00, 	//*@@@@@+.....................
0x8f, 0xff, 0xff, 0x50, 0x00, 0x00, 0x00, 0x00, 0x00, 0x00, 0x00, 0x00, 0x00, 0x00, 	//*@@@@@+.....................
0x8f, 0xff, 0xff, 0x50, 0x00, 0x00, 0x00, 0x00, 0x00, 0x00, 0x00, 0x00, 0x00, 0x00, 	//*@@@@@+.....................


/* G */
0x00, 0x00, 0x00, 0x00, 0x00, 0x00, 0x00, 0x00, 0x37, 0xab, 0xde, 0xfe, 0xdb, 0x83, 0x00, 0x00, 0x00, 0x00, 0x00, 	//................+*%%@@@@@%*+..........
0x00, 0x00, 0x00, 0x00, 0x00, 0x00, 0x03, 0x9e, 0xff, 0xff, 0xff, 0xff, 0xff, 0xff, 0xd7, 0x10, 0x00, 0x00, 0x00, 	//.............+%@@@@@@@@@@@@@@*+.......
0x00, 0x00, 0x00, 0x00, 0x00, 0x02, 0xaf, 0xff, 0xff, 0xff, 0xff, 0xff, 0xff, 0xff, 0xff, 0xf7, 0x00, 0x00, 0x00, 	//...........+%@@@@@@@@@@@@@@@@@@*......
0x00, 0x00, 0x00, 0x00, 0x00, 0x8f, 0xff, 0xff, 0xff, 0xff, 0xff, 0xff, 0xff, 0xff, 0xff, 0xff, 0xd3, 0x00, 0x00, 	//..........*@@@@@@@@@@@@@@@@@@@@@@+....
0x00, 0x00, 0x00, 0x00, 0x1c, 0xff, 0xff, 0xff, 0xff, 0xff, 0xff, 0xff, 0xff, 0xff, 0xff, 0xff, 0xff, 0x40, 0x00, 	//........+@@@@@@@@@@@@@@@@@@@@@@@@@+...
0x00, 0x00, 0x00, 0x02, 0xdf, 0xff, 0xff, 0xff, 0xff, 0xb7, 0x64, 0x35, 0x68, 0xdf, 0xff, 0xff, 0xff, 0xf5, 0x00, 	//.......+@@@@@@@@@@%**+++**@@@@@@@@@+..
0x00, 0x00, 0x00, 0x2e, 0xff, 0xff, 0xff, 0xfc, 0x50, 0x00, 0x00, 0x00, 0x00, 0x03, 0xaf, 0xff, 0xff, 0xf2, 0x00, 	//......+@@@@@@@@@+..........+%@@@@@@+..
0x00, 0x00, 0x00, 0xdf, 0xff, 0xff, 0xff, 0x70, 0x00, 0x00, 0x00, 0x00, 0x00, 0x00, 0x04, 0xef, 0xff, 0x50, 0x00, 	//......@@@@@@@@*..............+@@@@+...
0x00, 0x00, 0x09, 0xff, 0xff, 0xff, 0xd1, 0x00, 0x00, 0x00, 0x00, 0x00, 0x00, 0x00, 0x00, 0x1c, 0xf8, 0x00, 0x00, 	//.....%@@@@@@@+................+@@*....
0x00, 0x00, 0x4f, 0xff, 0xff, 0xfd, 0x10, 0x00, 0x00, 0x00, 0x00, 0x00, 0x00, 0x00, 0x00, 0x00, 0x70, 0x00, 0x00, 	//....+@@@@@@@+...................*.....
0x00, 0x00, 0xef, 0xff, 0xff, 0xe1, 0x00, 0x00, 0x00, 0x00, 0x00, 0x00, 0x00, 0x00, 0x00, 0x00, 0x00, 0x00, 0x00, 	//....@@@@@@@+..........................
0x00, 0x05, 0xff, 0xff, 0xff, 0x50, 0x00, 0x00, 0x00, 0x00, 0x00, 0x00, 0x00, 0x00, 0x00, 0x00, 0x00, 0x00, 0x00, 	//...+@@@@@@+...........................
0x00, 0x0d, 0xff, 0xff, 0xfb, 0x00, 0x00, 0x00, 0x00, 0x00, 0x00, 0x00, 0x00, 0x00, 0x00, 0x00, 0x00, 0x00, 0x00, 	//...@@@@@@%............................
0x00, 0x4f, 0xff, 0xff, 0xf2, 0x00, 0x00, 0x00, 0x00, 0x00, 0x00, 0x00, 0x00, 0x00, 0x00, 0x00, 0x00, 0x00, 0x00, 	//..+@@@@@@+............................
0x00, 0xaf, 0xff, 0xff, 0xb0, 0x00, 0x00, 0x00, 0x00, 0x00, 0x00, 0x00, 0x00, 0x00, 0x00, 0x00, 0x00, 0x00, 0x00, 	//..%@@@@@%.............................
0x00, 0xef, 0xff, 0xff, 0x50, 0x00, 0x00, 0x00, 0x00, 0x00, 0x00, 0x00, 0x00, 0x00, 0x00, 0x00, 0x00, 0x00, 0x00, 	//..@@@@@@+.............................
0x03, 0xff, 0xff, 0xfe, 0x00, 0x00, 0x00, 0x00, 0x00, 0x00, 0x00, 0x00, 0x00, 0x00, 0x00, 0x00, 0x00, 0x00, 0x00, 	//.+@@@@@@..............................
0x06, 0xff, 0xff, 0xfa, 0x00, 0x00, 0x00, 0x00, 0x00, 0x00, 0x00, 0x00, 0x00, 0x00, 0x00, 0x00, 0x00, 0x00, 0x00, 	//.*@@@@@%..............................
0x0a, 0xff, 0xff, 0xf7, 0x00, 0x00, 0x00, 0x00, 0x00, 0x00, 0x00, 0x00, 0x00, 0x00, 0x00, 0x00, 0x00, 0x00, 0x00, 	//.%@@@@@*..............................
0x0e, 0xff, 0xff, 0xf4, 0x00, 0x00, 0x00, 0x00, 0x00, 0x00, 0x00, 0x00, 0x00, 0x00, 0x00, 0x00, 0x00, 0x00, 0x00, 	//.@@@@@@+..............................
0x0f, 0xff, 0xff, 0xf1, 0x00, 0x00, 0x00, 0x00, 0x00, 0x00, 0x00, 0x00, 0x00, 0x00, 0x00, 0x00, 0x00, 0x00, 0x00, 	//.@@@@@@+..............................
0x0f, 0xff, 0xff, 0xf0, 0x00, 0x00, 0x00, 0x00, 0x00, 0x00, 0x00, 0x00, 0x00, 0x00, 0x00, 0x00, 0x00, 0x00, 0x00, 	//.@@@@@@...............................
0x1f, 0xff, 0xff, 0xe0, 0x00, 0x00, 0x00, 0x00, 0x00, 0x00, 0x00, 0x00, 0x00, 0x00, 0x00, 0x00, 0x00, 0x00, 0x00, 	//+@@@@@@...............................
0x3f, 0xff, 0xff, 0xd0, 0x00, 0x00, 0x00, 0x00, 0x00, 0x00, 0x00, 0x00, 0x00, 0x00, 0x00, 0x00, 0x00, 0x00, 0x00, 	//+@@@@@@...............................
0x4f, 0xff, 0xff, 0xc0, 0x00, 0x00, 0x00, 0x00, 0x00, 0x00, 0x1f, 0xff, 0xff, 0xff, 0xff, 0xff, 0xff, 0xff, 0x50, 	//+@@@@@@.............+@@@@@@@@@@@@@@@+.
0x4f, 0xff, 0xff, 0xd0, 0x00, 0x00, 0x00, 0x00, 0x00, 0x00, 0x1f, 0xff, 0xff, 0xff, 0xff, 0xff, 0xff, 0xff, 0x50, 	//+@@@@@@.............+@@@@@@@@@@@@@@@+.
0x2f, 0xff, 0xff, 0xe0, 0x00, 0x00, 0x00, 0x00, 0x00, 0x00, 0x1f, 0xff, 0xff, 0xff, 0xff, 0xff, 0xff, 0xff, 0x50, 	//+@@@@@@.............+@@@@@@@@@@@@@@@+.
0x1f, 0xff, 0xff, 0xf0, 0x00, 0x00, 0x00, 0x00, 0x00, 0x00, 0x1f, 0xff, 0xff, 0xff, 0xff, 0xff, 0xff, 0xff, 0x50, 	//+@@@@@@.............+@@@@@@@@@@@@@@@+.
0x0f, 0xff, 0xff, 0xf0, 0x00, 0x00, 0x00, 0x00, 0x00, 0x00, 0x1e, 0xee, 0xee, 0xee, 0xee, 0xff, 0xff, 0xff, 0x50, 	//.@@@@@@.............+@@@@@@@@@@@@@@@+.
0x0f, 0xff, 0xff, 0xf2, 0x00, 0x00, 0x00, 0x00, 0x00, 0x00, 0x00, 0x00, 0x00, 0x00, 0x00, 0x1f, 0xff, 0xff, 0x50, 	//.@@@@@@+......................+@@@@@+.
0x0d, 0xff, 0xff, 0xf5, 0x00, 0x00, 0x00, 0x00, 0x00, 0x00, 0x00, 0x00, 0x00, 0x00, 0x00, 0x1f, 0xff, 0xff, 0x50, 	//.@@@@@@+......................+@@@@@+.
0x09, 0xff, 0xff, 0xf9, 0x00, 0x00, 0x00, 0x00, 0x00, 0x00, 0x00, 0x00, 0x00, 0x00, 0x00, 0x1f, 0xff, 0xff, 0x50, 	//.%@@@@@%......................+@@@@@+.
0x05, 0xff, 0xff, 0xfc, 0x00, 0x00, 0x00, 0x00, 0x00, 0x00, 0x00, 0x00, 0x00, 0x00, 0x00, 0x1f, 0xff, 0xff, 0x50, 	//.+@@@@@@......................+@@@@@+.
0x01, 0xff, 0xff, 0xff, 0x20, 0x00, 0x00, 0x00, 0x00, 0x00, 0x00, 0x00, 0x00, 0x00, 0x00, 0x1f, 0xff, 0xff, 0x50, 	//.+@@@@@@+.....................+@@@@@+.
0x00, 0xdf, 0xff, 0xff, 0x80, 0x00, 0x00, 0x00, 0x00, 0x00, 0x00, 0x00, 0x00, 0x00, 0x00, 0x1f, 0xff, 0xff, 0x50, 	//..@@@@@@*.....................+@@@@@+.
0x00, 0x8f, 0xff, 0xff, 0xe0, 0x00, 0x00, 0x00, 0x00, 0x00, 0x00, 0x00, 0x00, 0x00, 0x00, 0x1f, 0xff, 0xff, 0x50, 	//..*@@@@@@.....................+@@@@@+.
0x00, 0x1f, 0xff, 0xff, 0xf7, 0x00, 0x00, 0x00, 0x00, 0x00, 0x00, 0x00, 0x00, 0x00, 0x00, 0x1f, 0xff, 0xff, 0x50, 	//..+@@@@@@*....................+@@@@@+.
0x00, 0x09, 0xff, 0xff, 0xff, 0x20, 0x00, 0x00, 0x00, 0x00, 0x00, 0x00, 0x00, 0x00, 0x00, 0x1f, 0xff, 0xff, 0x50, 	//...%@@@@@@+...................+@@@@@+.
0x00, 0x02, 0xff, 0xff, 0xff, 0xb0, 0x00, 0x00, 0x00, 0x00, 0x00, 0x00, 0x00, 0x00, 0x00, 0x1f, 0xff, 0xff, 0x50, 	//...+@@@@@@%...................+@@@@@+.
0x00, 0x00, 0x9f, 0xff, 0xff, 0xfa, 0x00, 0x00, 0x00, 0x00, 0x00, 0x00, 0x00, 0x00, 0x00, 0x1f, 0xff, 0xff, 0x50, 	//....%@@@@@@%..................+@@@@@+.
0x00, 0x00, 0x0d, 0xff, 0xff, 0xff, 0xa0, 0x00, 0x00, 0x00, 0x00, 0x00, 0x00, 0x00, 0x00, 0x1f, 0xff, 0xff, 0x50, 	//.....@@@@@@@%.................+@@@@@+.
0x00, 0x00, 0x03, 0xff, 0xff, 0xff, 0xfd, 0x40, 0x00, 0x00, 0x00, 0x00, 0x00, 0x00, 0x00, 0x9f, 0xff, 0xff, 0x50, 	//.....+@@@@@@@@+...............%@@@@@+.
0x00, 0x00, 0x00, 0x6f, 0xff, 0xff, 0xff, 0xfa, 0x40, 0x00, 0x00, 0x00, 0x00, 0x00, 0x6e, 0xff, 0xff, 0xff, 0x50, 	//......*@@@@@@@@%+...........*@@@@@@@+.
0x00, 0x00, 0x00, 0x05, 0xff, 0xff, 0xff, 0xff, 0xfe, 0xa7, 0x54, 0x33, 0x57, 0xbf, 0xff, 0xff, 0xff, 0xff, 0x30, 	//.......+@@@@@@@@@@%*+++++*%@@@@@@@@@+.
0x00, 0x00, 0x00, 0x00, 0x4f, 0xff, 0xff, 0xff, 0xff, 0xff, 0xff, 0xff, 0xff, 0xff, 0xff, 0xff, 0xff, 0xf4, 0x00, 	//........+@@@@@@@@@@@@@@@@@@@@@@@@@@+..
0x00, 0x00, 0x00, 0x00, 0x02, 0xcf, 0xff, 0xff, 0xff, 0xff, 0xff, 0xff, 0xff, 0xff, 0xff, 0xff, 0xfd, 0x20, 0x00, 	//.........+@@@@@@@@@@@@@@@@@@@@@@@@+...
0x00, 0x00, 0x00, 0x00, 0x00, 0x05, 0xdf, 0xff, 0xff, 0xff, 0xff, 0xff, 0xff, 0xff, 0xff, 0xfd, 0x50, 0x00, 0x00, 	//...........+@@@@@@@@@@@@@@@@@@@@+.....
0x00, 0x00, 0x00, 0x00, 0x00, 0x00, 0x06, 0xbf, 0xff, 0xff, 0xff, 0xff, 0xff, 0xff, 0xfb, 0x50, 0x00, 0x00, 0x00, 	//.............*%@@@@@@@@@@@@@@%+.......
0x00, 0x00, 0x00, 0x00, 0x00, 0x00, 0x00, 0x00, 0x49, 0xac, 0xdf, 0xfd, 0xca, 0x84, 0x00, 0x00, 0x00, 0x00, 0x00, 	//................+%%@@@@@@%*+..........


/* H */
0x8f, 0xff, 0xff, 0x50, 0x00, 0x00, 0x00, 0x00, 0x00, 0x00, 0x00, 0x00, 0x00, 0x00, 0xcf, 0xff, 0xff, 0x20, 	//*@@@@@+.....................@@@@@@+.
0x8f, 0xff, 0xff, 0x50, 0x00, 0x00, 0x00, 0x00, 0x00, 0x00, 0x00, 0x00, 0x00, 0x00, 0xcf, 0xff, 0xff, 0x20, 	//*@@@@@+.....................@@@@@@+.
0x8f, 0xff, 0xff, 0x50, 0x00, 0x00, 0x00, 0x00, 0x00, 0x00, 0x00, 0x00, 0x00, 0x00, 0xcf, 0xff, 0xff, 0x20, 	//*@@@@@+.....................@@@@@@+.
0x8f, 0xff, 0xff, 0x50, 0x00, 0x00, 0x00, 0x00, 0x00, 0x00, 0x00, 0x00, 0x00, 0x00, 0xcf, 0xff, 0xff, 0x20, 	//*@@@@@+.....................@@@@@@+.
0x8f, 0xff, 0xff, 0x50, 0x00, 0x00, 0x00, 0x00, 0x00, 0x00, 0x00, 0x00, 0x00, 0x00, 0xcf, 0xff, 0xff, 0x20, 	//*@@@@@+.....................@@@@@@+.
0x8f, 0xff, 0xff, 0x50, 0x00, 0x00, 0x00, 0x00, 0x00, 0x00, 0x00, 0x00, 0x00, 0x00, 0xcf, 0xff, 0xff, 0x20, 	//*@@@@@+.....................@@@@@@+.
0x8f, 0xff, 0xff, 0x50, 0x00, 0x00, 0x00, 0x00, 0x00, 0x00, 0x00, 0x00, 0x00, 0x00, 0xcf, 0xff, 0xff, 0x20, 	//*@@@@@+.....................@@@@@@+.
0x8f, 0xff, 0xff, 0x50, 0x00, 0x00, 0x00, 0x00, 0x00, 0x00, 0x00, 0x00, 0x00, 0x00, 0xcf, 0xff, 0xff, 0x20, 	//*@@@@@+.....................@@@@@@+.
0x8f, 0xff, 0xff, 0x50, 0x00, 0x00, 0x00, 0x00, 0x00, 0x00, 0x00, 0x00, 0x00, 0x00, 0xcf, 0xff, 0xff, 0x20, 	//*@@@@@+.....................@@@@@@+.
0x8f, 0xff, 0xff, 0x50, 0x00, 0x00, 0x00, 0x00, 0x00, 0x00, 0x00, 0x00, 0x00, 0x00, 0xcf, 0xff, 0xff, 0x20, 	//*@@@@@+.....................@@@@@@+.
0x8f, 0xff, 0xff, 0x50, 0x00, 0x00, 0x00, 0x00, 0x00, 0x00, 0x00, 0x00, 0x00, 0x00, 0xcf, 0xff, 0xff, 0x20, 	//*@@@@@+.....................@@@@@@+.
0x8f, 0xff, 0xff, 0x50, 0x00, 0x00, 0x00, 0x00, 0x00, 0x00, 0x00, 0x00, 0x00, 0x00, 0xcf, 0xff, 0xff, 0x20, 	//*@@@@@+.....................@@@@@@+.
0x8f, 0xff, 0xff, 0x50, 0x00, 0x00, 0x00, 0x00, 0x00, 0x00, 0x00, 0x00, 0x00, 0x00, 0xcf, 0xff, 0xff, 0x20, 	//*@@@@@+.....................@@@@@@+.
0x8f, 0xff, 0xff, 0x50, 0x00, 0x00, 0x00, 0x00, 0x00, 0x00, 0x00, 0x00, 0x00, 0x00, 0xcf, 0xff, 0xff, 0x20, 	//*@@@@@+.....................@@@@@@+.
0x8f, 0xff, 0xff, 0x50, 0x00, 0x00, 0x00, 0x00, 0x00, 0x00, 0x00, 0x00, 0x00, 0x00, 0xcf, 0xff, 0xff, 0x20, 	//*@@@@@+.....................@@@@@@+.
0x8f, 0xff, 0xff, 0x50, 0x00, 0x00, 0x00, 0x00, 0x00, 0x00, 0x00, 0x00, 0x00, 0x00, 0xcf, 0xff, 0xff, 0x20, 	//*@@@@@+.....................@@@@@@+.
0x8f, 0xff, 0xff, 0x50, 0x00, 0x00, 0x00, 0x00, 0x00, 0x00, 0x00, 0x00, 0x00, 0x00, 0xcf, 0xff, 0xff, 0x20, 	//*@@@@@+.....................@@@@@@+.
0x8f, 0xff, 0xff, 0x50, 0x00, 0x00, 0x00, 0x00, 0x00, 0x00, 0x00, 0x00, 0x00, 0x00, 0xcf, 0xff, 0xff, 0x20, 	//*@@@@@+.....................@@@@@@+.
0x8f, 0xff, 0xff, 0x50, 0x00, 0x00, 0x00, 0x00, 0x00, 0x00, 0x00, 0x00, 0x00, 0x00, 0xcf, 0xff, 0xff, 0x20, 	//*@@@@@+.....................@@@@@@+.
0x8f, 0xff, 0xff, 0x61, 0x11, 0x11, 0x11, 0x11, 0x11, 0x11, 0x11, 0x11, 0x11, 0x11, 0xcf, 0xff, 0xff, 0x20, 	//*@@@@@*+++++++++++++++++++++@@@@@@+.
0x8f, 0xff, 0xff, 0xff, 0xff, 0xff, 0xff, 0xff, 0xff, 0xff, 0xff, 0xff, 0xff, 0xff, 0xff, 0xff, 0xff, 0x20, 	//*@@@@@@@@@@@@@@@@@@@@@@@@@@@@@@@@@+.
0x8f, 0xff, 0xff, 0xff, 0xff, 0xff, 0xff, 0xff, 0xff, 0xff, 0xff, 0xff, 0xff, 0xff, 0xff, 0xff, 0xff, 0x20, 	//*@@@@@@@@@@@@@@@@@@@@@@@@@@@@@@@@@+.
0x8f, 0xff, 0xff, 0xff, 0xff, 0xff, 0xff, 0xff, 0xff, 0xff, 0xff, 0xff, 0xff, 0xff, 0xff, 0xff, 0xff, 0x20, 	//*@@@@@@@@@@@@@@@@@@@@@@@@@@@@@@@@@+.
0x8f, 0xff, 0xff, 0xff, 0xff, 0xff, 0xff, 0xff, 0xff, 0xff, 0xff, 0xff, 0xff, 0xff, 0xff, 0xff, 0xff, 0x20, 	//*@@@@@@@@@@@@@@@@@@@@@@@@@@@@@@@@@+.
0x8f, 0xff, 0xff, 0xff, 0xff, 0xff, 0xff, 0xff, 0xff, 0xff, 0xff, 0xff, 0xff, 0xff, 0xff, 0xff, 0xff, 0x20, 	//*@@@@@@@@@@@@@@@@@@@@@@@@@@@@@@@@@+.
0x8f, 0xff, 0xff, 0x50, 0x00, 0x00, 0x00, 0x00, 0x00, 0x00, 0x00, 0x00, 0x00, 0x00, 0xcf, 0xff, 0xff, 0x20, 	//*@@@@@+.....................@@@@@@+.
0x8f, 0xff, 0xff, 0x50, 0x00, 0x00, 0x00, 0x00, 0x00, 0x00, 0x00, 0x00, 0x00, 0x00, 0xcf, 0xff, 0xff, 0x20, 	//*@@@@@+.....................@@@@@@+.
0x8f, 0xff, 0xff, 0x50, 0x00, 0x00, 0x00, 0x00, 0x00, 0x00, 0x00, 0x00, 0x00, 0x00, 0xcf, 0xff, 0xff, 0x20, 	//*@@@@@+.....................@@@@@@+.
0x8f, 0xff, 0xff, 0x50, 0x00, 0x00, 0x00, 0x00, 0x00, 0x00, 0x00, 0x00, 0x00, 0x00, 0xcf, 0xff, 0xff, 0x20, 	//*@@@@@+.....................@@@@@@+.
0x8f, 0xff, 0xff, 0x50, 0x00, 0x00, 0x00, 0x00, 0x00, 0x00, 0x00, 0x00, 0x00, 0x00, 0xcf, 0xff, 0xff, 0x20, 	//*@@@@@+.....................@@@@@@+.
0x8f, 0xff, 0xff, 0x50, 0x00, 0x00, 0x00, 0x00, 0x00, 0x00, 0x00, 0x00, 0x00, 0x00, 0xcf, 0xff, 0xff, 0x20, 	//*@@@@@+.....................@@@@@@+.
0x8f, 0xff, 0xff, 0x50, 0x00, 0x00, 0x00, 0x00, 0x00, 0x00, 0x00, 0x00, 0x00, 0x00, 0xcf, 0xff, 0xff, 0x20, 	//*@@@@@+.....................@@@@@@+.
0x8f, 0xff, 0xff, 0x50, 0x00, 0x00, 0x00, 0x00, 0x00, 0x00, 0x00, 0x00, 0x00, 0x00, 0xcf, 0xff, 0xff, 0x20, 	//*@@@@@+.....................@@@@@@+.
0x8f, 0xff, 0xff, 0x50, 0x00, 0x00, 0x00, 0x00, 0x00, 0x00, 0x00, 0x00, 0x00, 0x00, 0xcf, 0xff, 0xff, 0x20, 	//*@@@@@+.....................@@@@@@+.
0x8f, 0xff, 0xff, 0x50, 0x00, 0x00, 0x00, 0x00, 0x00, 0x00, 0x00, 0x00, 0x00, 0x00, 0xcf, 0xff, 0xff, 0x20, 	//*@@@@@+.....................@@@@@@+.
0x8f, 0xff, 0xff, 0x50, 0x00, 0x00, 0x00, 0x00, 0x00, 0x00, 0x00, 0x00, 0x00, 0x00, 0xcf, 0xff, 0xff, 0x20, 	//*@@@@@+.....................@@@@@@+.
0x8f, 0xff, 0xff, 0x50, 0x00, 0x00, 0x00, 0x00, 0x00, 0x00, 0x00, 0x00, 0x00, 0x00, 0xcf, 0xff, 0xff, 0x20, 	//*@@@@@+.....................@@@@@@+.
0x8f, 0xff, 0xff, 0x50, 0x00, 0x00, 0x00, 0x00, 0x00, 0x00, 0x00, 0x00, 0x00, 0x00, 0xcf, 0xff, 0xff, 0x20, 	//*@@@@@+.....................@@@@@@+.
0x8f, 0xff, 0xff, 0x50, 0x00, 0x00, 0x00, 0x00, 0x00, 0x00, 0x00, 0x00, 0x00, 0x00, 0xcf, 0xff, 0xff, 0x20, 	//*@@@@@+.....................@@@@@@+.
0x8f, 0xff, 0xff, 0x50, 0x00, 0x00, 0x00, 0x00, 0x00, 0x00, 0x00, 0x00, 0x00, 0x00, 0xcf, 0xff, 0xff, 0x20, 	//*@@@@@+.....................@@@@@@+.
0x8f, 0xff, 0xff, 0x50, 0x00, 0x00, 0x00, 0x00, 0x00, 0x00, 0x00, 0x00, 0x00, 0x00, 0xcf, 0xff, 0xff, 0x20, 	//*@@@@@+.....................@@@@@@+.
0x8f, 0xff, 0xff, 0x50, 0x00, 0x00, 0x00, 0x00, 0x00, 0x00, 0x00, 0x00, 0x00, 0x00, 0xcf, 0xff, 0xff, 0x20, 	//*@@@@@+.....................@@@@@@+.
0x8f, 0xff, 0xff, 0x50, 0x00, 0x00, 0x00, 0x00, 0x00, 0x00, 0x00, 0x00, 0x00, 0x00, 0xcf, 0xff, 0xff, 0x20, 	//*@@@@@+.....................@@@@@@+.
0x8f, 0xff, 0xff, 0x50, 0x00, 0x00, 0x00, 0x00, 0x00, 0x00, 0x00, 0x00, 0x00, 0x00, 0xcf, 0xff, 0xff, 0x20, 	//*@@@@@+.....................@@@@@@+.
0x8f, 0xff, 0xff, 0x50, 0x00, 0x00, 0x00, 0x00, 0x00, 0x00, 0x00, 0x00, 0x00, 0x00, 0xcf, 0xff, 0xff, 0x20, 	//*@@@@@+.....................@@@@@@+.
0x8f, 0xff, 0xff, 0x50, 0x00, 0x00, 0x00, 0x00, 0x00, 0x00, 0x00, 0x00, 0x00, 0x00, 0xcf, 0xff, 0xff, 0x20, 	//*@@@@@+.....................@@@@@@+.
0x8f, 0xff, 0xff, 0x50, 0x00, 0x00, 0x00, 0x00, 0x00, 0x00, 0x00, 0x00, 0x00, 0x00, 0xcf, 0xff, 0xff, 0x20, 	//*@@@@@+.....................@@@@@@+.


/* I */
0x8f, 0xff, 0xff, 0x50, 	//*@@@@@+.
0x8f, 0xff, 0xff, 0x50, 	//*@@@@@+.
0x8f, 0xff, 0xff, 0x50, 	//*@@@@@+.
0x8f, 0xff, 0xff, 0x50, 	//*@@@@@+.
0x8f, 0xff, 0xff, 0x50, 	//*@@@@@+.
0x8f, 0xff, 0xff, 0x50, 	//*@@@@@+.
0x8f, 0xff, 0xff, 0x50, 	//*@@@@@+.
0x8f, 0xff, 0xff, 0x50, 	//*@@@@@+.
0x8f, 0xff, 0xff, 0x50, 	//*@@@@@+.
0x8f, 0xff, 0xff, 0x50, 	//*@@@@@+.
0x8f, 0xff, 0xff, 0x50, 	//*@@@@@+.
0x8f, 0xff, 0xff, 0x50, 	//*@@@@@+.
0x8f, 0xff, 0xff, 0x50, 	//*@@@@@+.
0x8f, 0xff, 0xff, 0x50, 	//*@@@@@+.
0x8f, 0xff, 0xff, 0x50, 	//*@@@@@+.
0x8f, 0xff, 0xff, 0x50, 	//*@@@@@+.
0x8f, 0xff, 0xff, 0x50, 	//*@@@@@+.
0x8f, 0xff, 0xff, 0x50, 	//*@@@@@+.
0x8f, 0xff, 0xff, 0x50, 	//*@@@@@+.
0x8f, 0xff, 0xff, 0x50, 	//*@@@@@+.
0x8f, 0xff, 0xff, 0x50, 	//*@@@@@+.
0x8f, 0xff, 0xff, 0x50, 	//*@@@@@+.
0x8f, 0xff, 0xff, 0x50, 	//*@@@@@+.
0x8f, 0xff, 0xff, 0x50, 	//*@@@@@+.
0x8f, 0xff, 0xff, 0x50, 	//*@@@@@+.
0x8f, 0xff, 0xff, 0x50, 	//*@@@@@+.
0x8f, 0xff, 0xff, 0x50, 	//*@@@@@+.
0x8f, 0xff, 0xff, 0x50, 	//*@@@@@+.
0x8f, 0xff, 0xff, 0x50, 	//*@@@@@+.
0x8f, 0xff, 0xff, 0x50, 	//*@@@@@+.
0x8f, 0xff, 0xff, 0x50, 	//*@@@@@+.
0x8f, 0xff, 0xff, 0x50, 	//*@@@@@+.
0x8f, 0xff, 0xff, 0x50, 	//*@@@@@+.
0x8f, 0xff, 0xff, 0x50, 	//*@@@@@+.
0x8f, 0xff, 0xff, 0x50, 	//*@@@@@+.
0x8f, 0xff, 0xff, 0x50, 	//*@@@@@+.
0x8f, 0xff, 0xff, 0x50, 	//*@@@@@+.
0x8f, 0xff, 0xff, 0x50, 	//*@@@@@+.
0x8f, 0xff, 0xff, 0x50, 	//*@@@@@+.
0x8f, 0xff, 0xff, 0x50, 	//*@@@@@+.
0x8f, 0xff, 0xff, 0x50, 	//*@@@@@+.
0x8f, 0xff, 0xff, 0x50, 	//*@@@@@+.
0x8f, 0xff, 0xff, 0x50, 	//*@@@@@+.
0x8f, 0xff, 0xff, 0x50, 	//*@@@@@+.
0x8f, 0xff, 0xff, 0x50, 	//*@@@@@+.
0x8f, 0xff, 0xff, 0x50, 	//*@@@@@+.
0x8f, 0xff, 0xff, 0x50, 	//*@@@@@+.


/* J */
0x00, 0x00, 0x00, 0x00, 0x00, 0x00, 0x00, 0x00, 0x00, 0x00, 0xdf, 0xff, 0xff, 0x10, 	//....................@@@@@@+.
0x00, 0x00, 0x00, 0x00, 0x00, 0x00, 0x00, 0x00, 0x00, 0x00, 0xdf, 0xff, 0xff, 0x10, 	//....................@@@@@@+.
0x00, 0x00, 0x00, 0x00, 0x00, 0x00, 0x00, 0x00, 0x00, 0x00, 0xdf, 0xff, 0xff, 0x10, 	//....................@@@@@@+.
0x00, 0x00, 0x00, 0x00, 0x00, 0x00, 0x00, 0x00, 0x00, 0x00, 0xdf, 0xff, 0xff, 0x10, 	//....................@@@@@@+.
0x00, 0x00, 0x00, 0x00, 0x00, 0x00, 0x00, 0x00, 0x00, 0x00, 0xdf, 0xff, 0xff, 0x10, 	//....................@@@@@@+.
0x00, 0x00, 0x00, 0x00, 0x00, 0x00, 0x00, 0x00, 0x00, 0x00, 0xdf, 0xff, 0xff, 0x10, 	//....................@@@@@@+.
0x00, 0x00, 0x00, 0x00, 0x00, 0x00, 0x00, 0x00, 0x00, 0x00, 0xdf, 0xff, 0xff, 0x10, 	//....................@@@@@@+.
0x00, 0x00, 0x00, 0x00, 0x00, 0x00, 0x00, 0x00, 0x00, 0x00, 0xdf, 0xff, 0xff, 0x10, 	//....................@@@@@@+.
0x00, 0x00, 0x00, 0x00, 0x00, 0x00, 0x00, 0x00, 0x00, 0x00, 0xdf, 0xff, 0xff, 0x10, 	//....................@@@@@@+.
0x00, 0x00, 0x00, 0x00, 0x00, 0x00, 0x00, 0x00, 0x00, 0x00, 0xdf, 0xff, 0xff, 0x10, 	//....................@@@@@@+.
0x00, 0x00, 0x00, 0x00, 0x00, 0x00, 0x00, 0x00, 0x00, 0x00, 0xdf, 0xff, 0xff, 0x10, 	//....................@@@@@@+.
0x00, 0x00, 0x00, 0x00, 0x00, 0x00, 0x00, 0x00, 0x00, 0x00, 0xdf, 0xff, 0xff, 0x10, 	//....................@@@@@@+.
0x00, 0x00, 0x00, 0x00, 0x00, 0x00, 0x00, 0x00, 0x00, 0x00, 0xdf, 0xff, 0xff, 0x10, 	//....................@@@@@@+.
0x00, 0x00, 0x00, 0x00, 0x00, 0x00, 0x00, 0x00, 0x00, 0x00, 0xdf, 0xff, 0xff, 0x10, 	//....................@@@@@@+.
0x00, 0x00, 0x00, 0x00, 0x00, 0x00, 0x00, 0x00, 0x00, 0x00, 0xdf, 0xff, 0xff, 0x10, 	//....................@@@@@@+.
0x00, 0x00, 0x00, 0x00, 0x00, 0x00, 0x00, 0x00, 0x00, 0x00, 0xdf, 0xff, 0xff, 0x10, 	//....................@@@@@@+.
0x00, 0x00, 0x00, 0x00, 0x00, 0x00, 0x00, 0x00, 0x00, 0x00, 0xdf, 0xff, 0xff, 0x10, 	//....................@@@@@@+.
0x00, 0x00, 0x00, 0x00, 0x00, 0x00, 0x00, 0x00, 0x00, 0x00, 0xdf, 0xff, 0xff, 0x10, 	//....................@@@@@@+.
0x00, 0x00, 0x00, 0x00, 0x00, 0x00, 0x00, 0x00, 0x00, 0x00, 0xdf, 0xff, 0xff, 0x10, 	//....................@@@@@@+.
0x00, 0x00, 0x00, 0x00, 0x00, 0x00, 0x00, 0x00, 0x00, 0x00, 0xdf, 0xff, 0xff, 0x10, 	//....................@@@@@@+.
0x00, 0x00, 0x00, 0x00, 0x00, 0x00, 0x00, 0x00, 0x00, 0x00, 0xdf, 0xff, 0xff, 0x10, 	//....................@@@@@@+.
0x00, 0x00, 0x00, 0x00, 0x00, 0x00, 0x00, 0x00, 0x00, 0x00, 0xdf, 0xff, 0xff, 0x10, 	//....................@@@@@@+.
0x00, 0x00, 0x00, 0x00, 0x00, 0x00, 0x00, 0x00, 0x00, 0x00, 0xdf, 0xff, 0xff, 0x10, 	//....................@@@@@@+.
0x00, 0x00, 0x00, 0x00, 0x00, 0x00, 0x00, 0x00, 0x00, 0x00, 0xdf, 0xff, 0xff, 0x10, 	//....................@@@@@@+.
0x00, 0x00, 0x00, 0x00, 0x00, 0x00, 0x00, 0x00, 0x00, 0x00, 0xdf, 0xff, 0xff, 0x10, 	//....................@@@@@@+.
0x00, 0x00, 0x00, 0x00, 0x00, 0x00, 0x00, 0x00, 0x00, 0x00, 0xdf, 0xff, 0xff, 0x10, 	//....................@@@@@@+.
0x00, 0x00, 0x00, 0x00, 0x00, 0x00, 0x00, 0x00, 0x00, 0x00, 0xdf, 0xff, 0xff, 0x10, 	//....................@@@@@@+.
0x00, 0x00, 0x00, 0x00, 0x00, 0x00, 0x00, 0x00, 0x00, 0x00, 0xdf, 0xff, 0xff, 0x10, 	//....................@@@@@@+.
0x00, 0x00, 0x00, 0x00, 0x00, 0x00, 0x00, 0x00, 0x00, 0x00, 0xdf, 0xff, 0xff, 0x10, 	//....................@@@@@@+.
0x00, 0x00, 0x00, 0x00, 0x00, 0x00, 0x00, 0x00, 0x00, 0x00, 0xdf, 0xff, 0xff, 0x10, 	//....................@@@@@@+.
0x00, 0x00, 0x00, 0x00, 0x00, 0x00, 0x00, 0x00, 0x00, 0x00, 0xdf, 0xff, 0xff, 0x10, 	//....................@@@@@@+.
0x00, 0x00, 0x00, 0x00, 0x00, 0x00, 0x00, 0x00, 0x00, 0x00, 0xdf, 0xff, 0xff, 0x10, 	//....................@@@@@@+.
0x00, 0x00, 0x00, 0x00, 0x00, 0x00, 0x00, 0x00, 0x00, 0x00, 0xdf, 0xff, 0xff, 0x10, 	//....................@@@@@@+.
0x00, 0x00, 0x00, 0x00, 0x00, 0x00, 0x00, 0x00, 0x00, 0x00, 0xef, 0xff, 0xff, 0x10, 	//....................@@@@@@+.
0x00, 0x00, 0x00, 0x00, 0x00, 0x00, 0x00, 0x00, 0x00, 0x00, 0xff, 0xff, 0xff, 0x00, 	//....................@@@@@@..
0x00, 0x00, 0x00, 0x00, 0x00, 0x00, 0x00, 0x00, 0x00, 0x00, 0xff, 0xff, 0xff, 0x00, 	//....................@@@@@@..
0x00, 0x00, 0x00, 0x00, 0x00, 0x00, 0x00, 0x00, 0x00, 0x03, 0xff, 0xff, 0xfd, 0x00, 	//...................+@@@@@@..
0x00, 0x00, 0x30, 0x00, 0x00, 0x00, 0x00, 0x00, 0x00, 0x06, 0xff, 0xff, 0xfa, 0x00, 	//....+..............*@@@@@%..
0x00, 0x2c, 0xf2, 0x00, 0x00, 0x00, 0x00, 0x00, 0x00, 0x0b, 0xff, 0xff, 0xf7, 0x00, 	//..+@@+.............%@@@@@*..
0x05, 0xff, 0xfd, 0x00, 0x00, 0x00, 0x00, 0x00, 0x00, 0x2f, 0xff, 0xff, 0xf3, 0x00, 	//.+@@@@............+@@@@@@+..
0x7f, 0xff, 0xff, 0xb0, 0x00, 0x00, 0x00, 0x00, 0x00, 0xcf, 0xff, 0xff, 0xd0, 0x00, 	//*@@@@@%...........@@@@@@@...
0x2f, 0xff, 0xff, 0xfd, 0x30, 0x00, 0x00, 0x00, 0x1b, 0xff, 0xff, 0xff, 0x60, 0x00, 	//+@@@@@@@+.......+%@@@@@@*...
0x05, 0xff, 0xff, 0xff, 0xfc, 0x64, 0x33, 0x5a, 0xff, 0xff, 0xff, 0xfd, 0x00, 0x00, 	//.+@@@@@@@@*++++%@@@@@@@@....
0x00, 0xaf, 0xff, 0xff, 0xff, 0xff, 0xff, 0xff, 0xff, 0xff, 0xff, 0xf3, 0x00, 0x00, 	//..%@@@@@@@@@@@@@@@@@@@@+....
0x00, 0x08, 0xff, 0xff, 0xff, 0xff, 0xff, 0xff, 0xff, 0xff, 0xff, 0x50, 0x00, 0x00, 	//...*@@@@@@@@@@@@@@@@@@+.....
0x00, 0x00, 0x5f, 0xff, 0xff, 0xff, 0xff, 0xff, 0xff, 0xff, 0xe4, 0x00, 0x00, 0x00, 	//....+@@@@@@@@@@@@@@@@+......
0x00, 0x00, 0x01, 0x8e, 0xff, 0xff, 0xff, 0xff, 0xff, 0xf9, 0x10, 0x00, 0x00, 0x00, 	//.....+*@@@@@@@@@@@@%+.......
0x00, 0x00, 0x00, 0x00, 0x59, 0xbd, 0xef, 0xec, 0xa5, 0x00, 0x00, 0x00, 0x00, 0x00, 	//........+%%@@@@@%+..........


/* K */
0x8f, 0xff, 0xff, 0x50, 0x00, 0x00, 0x00, 0x00, 0x00, 0x00, 0x00, 0x00, 0x04, 0xff, 0xff, 0xff, 0x60, 0x00, 	//*@@@@@+..................+@@@@@@*...
0x8f, 0xff, 0xff, 0x50, 0x00, 0x00, 0x00, 0x00, 0x00, 0x00, 0x00, 0x00, 0x2f, 0xff, 0xff, 0xf9, 0x00, 0x00, 	//*@@@@@+.................+@@@@@@%....
0x8f, 0xff, 0xff, 0x50, 0x00, 0x00, 0x00, 0x00, 0x00, 0x00, 0x00, 0x01, 0xdf, 0xff, 0xff, 0xc0, 0x00, 0x00, 	//*@@@@@+................+@@@@@@@.....
0x8f, 0xff, 0xff, 0x50, 0x00, 0x00, 0x00, 0x00, 0x00, 0x00, 0x00, 0x0c, 0xff, 0xff, 0xfd, 0x10, 0x00, 0x00, 	//*@@@@@+................@@@@@@@+.....
0x8f, 0xff, 0xff, 0x50, 0x00, 0x00, 0x00, 0x00, 0x00, 0x00, 0x00, 0x9f, 0xff, 0xff, 0xf2, 0x00, 0x00, 0x00, 	//*@@@@@+...............%@@@@@@+......
0x8f, 0xff, 0xff, 0x50, 0x00, 0x00, 0x00, 0x00, 0x00, 0x00, 0x07, 0xff, 0xff, 0xff, 0x40, 0x00, 0x00, 0x00, 	//*@@@@@+..............*@@@@@@+.......
0x8f, 0xff, 0xff, 0x50, 0x00, 0x00, 0x00, 0x00, 0x00, 0x00, 0x4f, 0xff, 0xff, 0xf7, 0x00, 0x00, 0x00, 0x00, 	//*@@@@@+.............+@@@@@@*........
0x8f, 0xff, 0xff, 0x50, 0x00, 0x00, 0x00, 0x00, 0x00, 0x02, 0xff, 0xff, 0xff, 0xa0, 0x00, 0x00, 0x00, 0x00, 	//*@@@@@+............+@@@@@@%.........
0x8f, 0xff, 0xff, 0x50, 0x00, 0x00, 0x00, 0x00, 0x00, 0x1d, 0xff, 0xff, 0xfc, 0x00, 0x00, 0x00, 0x00, 0x00, 	//*@@@@@+...........+@@@@@@@..........
0x8f, 0xff, 0xff, 0x50, 0x00, 0x00, 0x00, 0x00, 0x00, 0xcf, 0xff, 0xff, 0xe1, 0x00, 0x00, 0x00, 0x00, 0x00, 	//*@@@@@+...........@@@@@@@+..........
0x8f, 0xff, 0xff, 0x50, 0x00, 0x00, 0x00, 0x00, 0x09, 0xff, 0xff, 0xff, 0x30, 0x00, 0x00, 0x00, 0x00, 0x00, 	//*@@@@@+..........%@@@@@@+...........
0x8f, 0xff, 0xff, 0x50, 0x00, 0x00, 0x00, 0x00, 0x7f, 0xff, 0xff, 0xf5, 0x00, 0x00, 0x00, 0x00, 0x00, 0x00, 	//*@@@@@+.........*@@@@@@+............
0x8f, 0xff, 0xff, 0x50, 0x00, 0x00, 0x00, 0x04, 0xff, 0xff, 0xff, 0x80, 0x00, 0x00, 0x00, 0x00, 0x00, 0x00, 	//*@@@@@+........+@@@@@@*.............
0x8f, 0xff, 0xff, 0x50, 0x00, 0x00, 0x00, 0x2f, 0xff, 0xff, 0xfb, 0x00, 0x00, 0x00, 0x00, 0x00, 0x00, 0x00, 	//*@@@@@+.......+@@@@@@%..............
0x8f, 0xff, 0xff, 0x50, 0x00, 0x00, 0x01, 0xdf, 0xff, 0xff, 0xd0, 0x00, 0x00, 0x00, 0x00, 0x00, 0x00, 0x00, 	//*@@@@@+......+@@@@@@@...............
0x8f, 0xff, 0xff, 0x50, 0x00, 0x00, 0x0c, 0xff, 0xff, 0xfe, 0x20, 0x00, 0x00, 0x00, 0x00, 0x00, 0x00, 0x00, 	//*@@@@@+......@@@@@@@+...............
0x8f, 0xff, 0xff, 0x50, 0x00, 0x00, 0x9f, 0xff, 0xff, 0xf3, 0x00, 0x00, 0x00, 0x00, 0x00, 0x00, 0x00, 0x00, 	//*@@@@@+.....%@@@@@@+................
0x8f, 0xff, 0xff, 0x50, 0x00, 0x07, 0xff, 0xff, 0xff, 0x60, 0x00, 0x00, 0x00, 0x00, 0x00, 0x00, 0x00, 0x00, 	//*@@@@@+....*@@@@@@*.................
0x8f, 0xff, 0xff, 0x50, 0x00, 0x4f, 0xff, 0xff, 0xff, 0x80, 0x00, 0x00, 0x00, 0x00, 0x00, 0x00, 0x00, 0x00, 	//*@@@@@+...+@@@@@@@*.................
0x8f, 0xff, 0xff, 0x50, 0x02, 0xff, 0xff, 0xff, 0xff, 0xf2, 0x00, 0x00, 0x00, 0x00, 0x00, 0x00, 0x00, 0x00, 	//*@@@@@+..+@@@@@@@@@+................
0x8f, 0xff, 0xff, 0x50, 0x1d, 0xff, 0xff, 0xff, 0xff, 0xfa, 0x00, 0x00, 0x00, 0x00, 0x00, 0x00, 0x00, 0x00, 	//*@@@@@+.+@@@@@@@@@@%................
0x8f, 0xff, 0xff, 0x50, 0xcf, 0xff, 0xff, 0xff, 0xff, 0xff, 0x40, 0x00, 0x00, 0x00, 0x00, 0x00, 0x00, 0x00, 	//*@@@@@+.@@@@@@@@@@@@+...............
0x8f, 0xff, 0xff, 0x59, 0xff, 0xff, 0xff, 0xdf, 0xff, 0xff, 0xd0, 0x00, 0x00, 0x00, 0x00, 0x00, 0x00, 0x00, 	//*@@@@@+%@@@@@@@@@@@@@...............
0x8f, 0xff, 0xff, 0xcf, 0xff, 0xff, 0xf9, 0x1f, 0xff, 0xff, 0xf6, 0x00, 0x00, 0x00, 0x00, 0x00, 0x00, 0x00, 	//*@@@@@@@@@@@@%+@@@@@@*..............
0x8f, 0xff, 0xff, 0xff, 0xff, 0xff, 0xb0, 0x07, 0xff, 0xff, 0xfe, 0x10, 0x00, 0x00, 0x00, 0x00, 0x00, 0x00, 	//*@@@@@@@@@@@%..*@@@@@@+.............
0x8f, 0xff, 0xff, 0xff, 0xff, 0xfd, 0x00, 0x00, 0xdf, 0xff, 0xff, 0x90, 0x00, 0x00, 0x00, 0x00, 0x00, 0x00, 	//*@@@@@@@@@@@....@@@@@@%.............
0x8f, 0xff, 0xff, 0xff, 0xff, 0xe2, 0x00, 0x00, 0x4f, 0xff, 0xff, 0xf2, 0x00, 0x00, 0x00, 0x00, 0x00, 0x00, 	//*@@@@@@@@@@+....+@@@@@@+............
0x8f, 0xff, 0xff, 0xff, 0xff, 0x30, 0x00, 0x00, 0x0b, 0xff, 0xff, 0xfb, 0x00, 0x00, 0x00, 0x00, 0x00, 0x00, 	//*@@@@@@@@@+......%@@@@@%............
0x8f, 0xff, 0xff, 0xff, 0xf6, 0x00, 0x00, 0x00, 0x02, 0xff, 0xff, 0xff, 0x50, 0x00, 0x00, 0x00, 0x00, 0x00, 	//*@@@@@@@@*.......+@@@@@@+...........
0x8f, 0xff, 0xff, 0xff, 0x80, 0x00, 0x00, 0x00, 0x00, 0x9f, 0xff, 0xff, 0xd0, 0x00, 0x00, 0x00, 0x00, 0x00, 	//*@@@@@@@*.........%@@@@@@...........
0x8f, 0xff, 0xff, 0xfb, 0x00, 0x00, 0x00, 0x00, 0x00, 0x1e, 0xff, 0xff, 0xf7, 0x00, 0x00, 0x00, 0x00, 0x00, 	//*@@@@@@%..........+@@@@@@*..........
0x8f, 0xff, 0xff, 0xd0, 0x00, 0x00, 0x00, 0x00, 0x00, 0x06, 0xff, 0xff, 0xff, 0x10, 0x00, 0x00, 0x00, 0x00, 	//*@@@@@@............*@@@@@@+.........
0x8f, 0xff, 0xff, 0x50, 0x00, 0x00, 0x00, 0x00, 0x00, 0x00, 0xdf, 0xff, 0xff, 0xa0, 0x00, 0x00, 0x00, 0x00, 	//*@@@@@+.............@@@@@@%.........
0x8f, 0xff, 0xff, 0x50, 0x00, 0x00, 0x00, 0x00, 0x00, 0x00, 0x4f, 0xff, 0xff, 0xf3, 0x00, 0x00, 0x00, 0x00, 	//*@@@@@+.............+@@@@@@+........
0x8f, 0xff, 0xff, 0x50, 0x00, 0x00, 0x00, 0x00, 0x00, 0x00, 0x0b, 0xff, 0xff, 0xfc, 0x00, 0x00, 0x00, 0x00, 	//*@@@@@+..............%@@@@@@........
0x8f, 0xff, 0xff, 0x50, 0x00, 0x00, 0x00, 0x00, 0x00, 0x00, 0x02, 0xff, 0xff, 0xff, 0x60, 0x00, 0x00, 0x00, 	//*@@@@@+..............+@@@@@@*.......
0x8f, 0xff, 0xff, 0x50, 0x00, 0x00, 0x00, 0x00, 0x00, 0x00, 0x00, 0x8f, 0xff, 0xff, 0xe0, 0x00, 0x00, 0x00, 	//*@@@@@+...............*@@@@@@.......
0x8f, 0xff, 0xff, 0x50, 0x00, 0x00, 0x00, 0x00, 0x00, 0x00, 0x00, 0x0e, 0xff, 0xff, 0xf8, 0x00, 0x00, 0x00, 	//*@@@@@+................@@@@@@*......
0x8f, 0xff, 0xff, 0x50, 0x00, 0x00, 0x00, 0x00, 0x00, 0x00, 0x00, 0x06, 0xff, 0xff, 0xff, 0x20, 0x00, 0x00, 	//*@@@@@+................*@@@@@@+.....
0x8f, 0xff, 0xff, 0x50, 0x00, 0x00, 0x00, 0x00, 0x00, 0x00, 0x00, 0x00, 0xdf, 0xff, 0xff, 0xb0, 0x00, 0x00, 	//*@@@@@+.................@@@@@@%.....
0x8f, 0xff, 0xff, 0x50, 0x00, 0x00, 0x00, 0x00, 0x00, 0x00, 0x00, 0x00, 0x4f, 0xff, 0xff, 0xf4, 0x00, 0x00, 	//*@@@@@+.................+@@@@@@+....
0x8f, 0xff, 0xff, 0x50, 0x00, 0x00, 0x00, 0x00, 0x00, 0x00, 0x00, 0x00, 0x0a, 0xff, 0xff, 0xfd, 0x00, 0x00, 	//*@@@@@+..................%@@@@@@....
0x8f, 0xff, 0xff, 0x50, 0x00, 0x00, 0x00, 0x00, 0x00, 0x00, 0x00, 0x00, 0x02, 0xff, 0xff, 0xff, 0x70, 0x00, 	//*@@@@@+..................+@@@@@@*...
0x8f, 0xff, 0xff, 0x50, 0x00, 0x00, 0x00, 0x00, 0x00, 0x00, 0x00, 0x00, 0x00, 0x8f, 0xff, 0xff, 0xf1, 0x00, 	//*@@@@@+...................*@@@@@@+..
0x8f, 0xff, 0xff, 0x50, 0x00, 0x00, 0x00, 0x00, 0x00, 0x00, 0x00, 0x00, 0x00, 0x0e, 0xff, 0xff, 0xf9, 0x00, 	//*@@@@@+....................@@@@@@%..
0x8f, 0xff, 0xff, 0x50, 0x00, 0x00, 0x00, 0x00, 0x00, 0x00, 0x00, 0x00, 0x00, 0x06, 0xff, 0xff, 0xff, 0x30, 	//*@@@@@+....................*@@@@@@+.
0x8f, 0xff, 0xff, 0x50, 0x00, 0x00, 0x00, 0x00, 0x00, 0x00, 0x00, 0x00, 0x00, 0x00, 0xcf, 0xff, 0xff, 0xc0, 	//*@@@@@+.....................@@@@@@@.


/* L */
0x8f, 0xff, 0xff, 0x50, 0x00, 0x00, 0x00, 0x00, 0x00, 0x00, 0x00, 0x00, 0x00, 0x00, 	//*@@@@@+.....................
0x8f, 0xff, 0xff, 0x50, 0x00, 0x00, 0x00, 0x00, 0x00, 0x00, 0x00, 0x00, 0x00, 0x00, 	//*@@@@@+.....................
0x8f, 0xff, 0xff, 0x50, 0x00, 0x00, 0x00, 0x00, 0x00, 0x00, 0x00, 0x00, 0x00, 0x00, 	//*@@@@@+.....................
0x8f, 0xff, 0xff, 0x50, 0x00, 0x00, 0x00, 0x00, 0x00, 0x00, 0x00, 0x00, 0x00, 0x00, 	//*@@@@@+.....................
0x8f, 0xff, 0xff, 0x50, 0x00, 0x00, 0x00, 0x00, 0x00, 0x00, 0x00, 0x00, 0x00, 0x00, 	//*@@@@@+.....................
0x8f, 0xff, 0xff, 0x50, 0x00, 0x00, 0x00, 0x00, 0x00, 0x00, 0x00, 0x00, 0x00, 0x00, 	//*@@@@@+.....................
0x8f, 0xff, 0xff, 0x50, 0x00, 0x00, 0x00, 0x00, 0x00, 0x00, 0x00, 0x00, 0x00, 0x00, 	//*@@@@@+.....................
0x8f, 0xff, 0xff, 0x50, 0x00, 0x00, 0x00, 0x00, 0x00, 0x00, 0x00, 0x00, 0x00, 0x00, 	//*@@@@@+.....................
0x8f, 0xff, 0xff, 0x50, 0x00, 0x00, 0x00, 0x00, 0x00, 0x00, 0x00, 0x00, 0x00, 0x00, 	//*@@@@@+.....................
0x8f, 0xff, 0xff, 0x50, 0x00, 0x00, 0x00, 0x00, 0x00, 0x00, 0x00, 0x00, 0x00, 0x00, 	//*@@@@@+.....................
0x8f, 0xff, 0xff, 0x50, 0x00, 0x00, 0x00, 0x00, 0x00, 0x00, 0x00, 0x00, 0x00, 0x00, 	//*@@@@@+.....................
0x8f, 0xff, 0xff, 0x50, 0x00, 0x00, 0x00, 0x00, 0x00, 0x00, 0x00, 0x00, 0x00, 0x00, 	//*@@@@@+.....................
0x8f, 0xff, 0xff, 0x50, 0x00, 0x00, 0x00, 0x00, 0x00, 0x00, 0x00, 0x00, 0x00, 0x00, 	//*@@@@@+.....................
0x8f, 0xff, 0xff, 0x50, 0x00, 0x00, 0x00, 0x00, 0x00, 0x00, 0x00, 0x00, 0x00, 0x00, 	//*@@@@@+.....................
0x8f, 0xff, 0xff, 0x50, 0x00, 0x00, 0x00, 0x00, 0x00, 0x00, 0x00, 0x00, 0x00, 0x00, 	//*@@@@@+.....................
0x8f, 0xff, 0xff, 0x50, 0x00, 0x00, 0x00, 0x00, 0x00, 0x00, 0x00, 0x00, 0x00, 0x00, 	//*@@@@@+.....................
0x8f, 0xff, 0xff, 0x50, 0x00, 0x00, 0x00, 0x00, 0x00, 0x00, 0x00, 0x00, 0x00, 0x00, 	//*@@@@@+.....................
0x8f, 0xff, 0xff, 0x50, 0x00, 0x00, 0x00, 0x00, 0x00, 0x00, 0x00, 0x00, 0x00, 0x00, 	//*@@@@@+.....................
0x8f, 0xff, 0xff, 0x50, 0x00, 0x00, 0x00, 0x00, 0x00, 0x00, 0x00, 0x00, 0x00, 0x00, 	//*@@@@@+.....................
0x8f, 0xff, 0xff, 0x50, 0x00, 0x00, 0x00, 0x00, 0x00, 0x00, 0x00, 0x00, 0x00, 0x00, 	//*@@@@@+.....................
0x8f, 0xff, 0xff, 0x50, 0x00, 0x00, 0x00, 0x00, 0x00, 0x00, 0x00, 0x00, 0x00, 0x00, 	//*@@@@@+.....................
0x8f, 0xff, 0xff, 0x50, 0x00, 0x00, 0x00, 0x00, 0x00, 0x00, 0x00, 0x00, 0x00, 0x00, 	//*@@@@@+.....................
0x8f, 0xff, 0xff, 0x50, 0x00, 0x00, 0x00, 0x00, 0x00, 0x00, 0x00, 0x00, 0x00, 0x00, 	//*@@@@@+.....................
0x8f, 0xff, 0xff, 0x50, 0x00, 0x00, 0x00, 0x00, 0x00, 0x00, 0x00, 0x00, 0x00, 0x00, 	//*@@@@@+.....................
0x8f, 0xff, 0xff, 0x50, 0x00, 0x00, 0x00, 0x00, 0x00, 0x00, 0x00, 0x00, 0x00, 0x00, 	//*@@@@@+.....................
0x8f, 0xff, 0xff, 0x50, 0x00, 0x00, 0x00, 0x00, 0x00, 0x00, 0x00, 0x00, 0x00, 0x00, 	//*@@@@@+.....................
0x8f, 0xff, 0xff, 0x50, 0x00, 0x00, 0x00, 0x00, 0x00, 0x00, 0x00, 0x00, 0x00, 0x00, 	//*@@@@@+.....................
0x8f, 0xff, 0xff, 0x50, 0x00, 0x00, 0x00, 0x00, 0x00, 0x00, 0x00, 0x00, 0x00, 0x00, 	//*@@@@@+.....................
0x8f, 0xff, 0xff, 0x50, 0x00, 0x00, 0x00, 0x00, 0x00, 0x00, 0x00, 0x00, 0x00, 0x00, 	//*@@@@@+.....................
0x8f, 0xff, 0xff, 0x50, 0x00, 0x00, 0x00, 0x00, 0x00, 0x00, 0x00, 0x00, 0x00, 0x00, 	//*@@@@@+.....................
0x8f, 0xff, 0xff, 0x50, 0x00, 0x00, 0x00, 0x00, 0x00, 0x00, 0x00, 0x00, 0x00, 0x00, 	//*@@@@@+.....................
0x8f, 0xff, 0xff, 0x50, 0x00, 0x00, 0x00, 0x00, 0x00, 0x00, 0x00, 0x00, 0x00, 0x00, 	//*@@@@@+.....................
0x8f, 0xff, 0xff, 0x50, 0x00, 0x00, 0x00, 0x00, 0x00, 0x00, 0x00, 0x00, 0x00, 0x00, 	//*@@@@@+.....................
0x8f, 0xff, 0xff, 0x50, 0x00, 0x00, 0x00, 0x00, 0x00, 0x00, 0x00, 0x00, 0x00, 0x00, 	//*@@@@@+.....................
0x8f, 0xff, 0xff, 0x50, 0x00, 0x00, 0x00, 0x00, 0x00, 0x00, 0x00, 0x00, 0x00, 0x00, 	//*@@@@@+.....................
0x8f, 0xff, 0xff, 0x50, 0x00, 0x00, 0x00, 0x00, 0x00, 0x00, 0x00, 0x00, 0x00, 0x00, 	//*@@@@@+.....................
0x8f, 0xff, 0xff, 0x50, 0x00, 0x00, 0x00, 0x00, 0x00, 0x00, 0x00, 0x00, 0x00, 0x00, 	//*@@@@@+.....................
0x8f, 0xff, 0xff, 0x50, 0x00, 0x00, 0x00, 0x00, 0x00, 0x00, 0x00, 0x00, 0x00, 0x00, 	//*@@@@@+.....................
0x8f, 0xff, 0xff, 0x50, 0x00, 0x00, 0x00, 0x00, 0x00, 0x00, 0x00, 0x00, 0x00, 0x00, 	//*@@@@@+.....................
0x8f, 0xff, 0xff, 0x50, 0x00, 0x00, 0x00, 0x00, 0x00, 0x00, 0x00, 0x00, 0x00, 0x00, 	//*@@@@@+.....................
0x8f, 0xff, 0xff, 0x50, 0x00, 0x00, 0x00, 0x00, 0x00, 0x00, 0x00, 0x00, 0x00, 0x00, 	//*@@@@@+.....................
0x8f, 0xff, 0xff, 0x50, 0x00, 0x00, 0x00, 0x00, 0x00, 0x00, 0x00, 0x00, 0x00, 0x00, 	//*@@@@@+.....................
0x8f, 0xff, 0xff, 0xff, 0xff, 0xff, 0xff, 0xff, 0xff, 0xff, 0xff, 0xff, 0xff, 0xe0, 	//*@@@@@@@@@@@@@@@@@@@@@@@@@@.
0x8f, 0xff, 0xff, 0xff, 0xff, 0xff, 0xff, 0xff, 0xff, 0xff, 0xff, 0xff, 0xff, 0xe0, 	//*@@@@@@@@@@@@@@@@@@@@@@@@@@.
0x8f, 0xff, 0xff, 0xff, 0xff, 0xff, 0xff, 0xff, 0xff, 0xff, 0xff, 0xff, 0xff, 0xe0, 	//*@@@@@@@@@@@@@@@@@@@@@@@@@@.
0x8f, 0xff, 0xff, 0xff, 0xff, 0xff, 0xff, 0xff, 0xff, 0xff, 0xff, 0xff, 0xff, 0xe0, 	//*@@@@@@@@@@@@@@@@@@@@@@@@@@.
0x8f, 0xff, 0xff, 0xff, 0xff, 0xff, 0xff, 0xff, 0xff, 0xff, 0xff, 0xff, 0xff, 0xe0, 	//*@@@@@@@@@@@@@@@@@@@@@@@@@@.


/* M */
0x8f, 0xff, 0xff, 0xfb, 0x00, 0x00, 0x00, 0x00, 0x00, 0x00, 0x00, 0x00, 0x00, 0x00, 0x00, 0x00, 0xcf, 0xff, 0xff, 0xf7, 	//*@@@@@@%........................@@@@@@@*
0x8f, 0xff, 0xff, 0xff, 0x10, 0x00, 0x00, 0x00, 0x00, 0x00, 0x00, 0x00, 0x00, 0x00, 0x00, 0x02, 0xff, 0xff, 0xff, 0xf7, 	//*@@@@@@@+......................+@@@@@@@*
0x8f, 0xff, 0xff, 0xff, 0x70, 0x00, 0x00, 0x00, 0x00, 0x00, 0x00, 0x00, 0x00, 0x00, 0x00, 0x08, 0xff, 0xff, 0xff, 0xf7, 	//*@@@@@@@*......................*@@@@@@@*
0x8f, 0xff, 0xff, 0xff, 0xc0, 0x00, 0x00, 0x00, 0x00, 0x00, 0x00, 0x00, 0x00, 0x00, 0x00, 0x0d, 0xff, 0xff, 0xff, 0xf7, 	//*@@@@@@@@......................@@@@@@@@*
0x8f, 0xff, 0xff, 0xff, 0xf2, 0x00, 0x00, 0x00, 0x00, 0x00, 0x00, 0x00, 0x00, 0x00, 0x00, 0x3f, 0xff, 0xff, 0xff, 0xf7, 	//*@@@@@@@@+....................+@@@@@@@@*
0x8f, 0xff, 0xff, 0xff, 0xf8, 0x00, 0x00, 0x00, 0x00, 0x00, 0x00, 0x00, 0x00, 0x00, 0x00, 0x9f, 0xff, 0xff, 0xff, 0xf7, 	//*@@@@@@@@*....................%@@@@@@@@*
0x8f, 0xff, 0xff, 0xff, 0xfd, 0x00, 0x00, 0x00, 0x00, 0x00, 0x00, 0x00, 0x00, 0x00, 0x00, 0xef, 0xff, 0xff, 0xff, 0xf7, 	//*@@@@@@@@@....................@@@@@@@@@*
0x8f, 0xff, 0xfa, 0xff, 0xff, 0x30, 0x00, 0x00, 0x00, 0x00, 0x00, 0x00, 0x00, 0x00, 0x04, 0xff, 0xff, 0xaf, 0xff, 0xf7, 	//*@@@@%@@@@+..................+@@@@%@@@@*
0x8f, 0xff, 0xf6, 0xff, 0xff, 0x90, 0x00, 0x00, 0x00, 0x00, 0x00, 0x00, 0x00, 0x00, 0x0a, 0xff, 0xff, 0x6f, 0xff, 0xf7, 	//*@@@@*@@@@%..................%@@@@*@@@@*
0x8f, 0xff, 0xf3, 0xef, 0xff, 0xe0, 0x00, 0x00, 0x00, 0x00, 0x00, 0x00, 0x00, 0x00, 0x0f, 0xff, 0xfa, 0x6f, 0xff, 0xf7, 	//*@@@@+@@@@@..................@@@@%*@@@@*
0x8f, 0xff, 0xf4, 0x8f, 0xff, 0xf4, 0x00, 0x00, 0x00, 0x00, 0x00, 0x00, 0x00, 0x00, 0x5f, 0xff, 0xf4, 0x8f, 0xff, 0xf7, 	//*@@@@+*@@@@+................+@@@@+*@@@@*
0x8f, 0xff, 0xf5, 0x3f, 0xff, 0xfa, 0x00, 0x00, 0x00, 0x00, 0x00, 0x00, 0x00, 0x00, 0xbf, 0xff, 0xe0, 0x9f, 0xff, 0xf7, 	//*@@@@++@@@@%................%@@@@.%@@@@*
0x8f, 0xff, 0xf6, 0x0d, 0xff, 0xff, 0x00, 0x00, 0x00, 0x00, 0x00, 0x00, 0x00, 0x01, 0xff, 0xff, 0x90, 0xaf, 0xff, 0xf7, 	//*@@@@*.@@@@@...............+@@@@%.%@@@@*
0x8f, 0xff, 0xf7, 0x07, 0xff, 0xff, 0x50, 0x00, 0x00, 0x00, 0x00, 0x00, 0x00, 0x06, 0xff, 0xff, 0x30, 0xbf, 0xff, 0xf7, 	//*@@@@*.*@@@@+..............*@@@@+.%@@@@*
0x8f, 0xff, 0xf8, 0x02, 0xff, 0xff, 0xb0, 0x00, 0x00, 0x00, 0x00, 0x00, 0x00, 0x0c, 0xff, 0xfe, 0x00, 0xcf, 0xff, 0xf7, 	//*@@@@*.+@@@@%..............@@@@@..@@@@@*
0x8f, 0xff, 0xf9, 0x00, 0xcf, 0xff, 0xf1, 0x00, 0x00, 0x00, 0x00, 0x00, 0x00, 0x2f, 0xff, 0xf8, 0x00, 0xdf, 0xff, 0xf7, 	//*@@@@%..@@@@@+............+@@@@*..@@@@@*
0x8f, 0xff, 0xfa, 0x00, 0x7f, 0xff, 0xf6, 0x00, 0x00, 0x00, 0x00, 0x00, 0x00, 0x7f, 0xff, 0xf3, 0x00, 0xef, 0xff, 0xf7, 	//*@@@@%..*@@@@*............*@@@@+..@@@@@*
0x8f, 0xff, 0xfb, 0x00, 0x1f, 0xff, 0xfc, 0x00, 0x00, 0x00, 0x00, 0x00, 0x00, 0xdf, 0xff, 0xd0, 0x00, 0xef, 0xff, 0xf7, 	//*@@@@%..+@@@@@............@@@@@...@@@@@*
0x8f, 0xff, 0xfb, 0x00, 0x0b, 0xff, 0xff, 0x20, 0x00, 0x00, 0x00, 0x00, 0x03, 0xff, 0xff, 0x70, 0x00, 0xff, 0xff, 0xf7, 	//*@@@@%...%@@@@+..........+@@@@*...@@@@@*
0x8f, 0xff, 0xfb, 0x00, 0x05, 0xff, 0xff, 0x70, 0x00, 0x00, 0x00, 0x00, 0x08, 0xff, 0xff, 0x20, 0x00, 0xff, 0xff, 0xf7, 	//*@@@@%...+@@@@*..........*@@@@+...@@@@@*
0x8f, 0xff, 0xfc, 0x00, 0x00, 0xff, 0xff, 0xd0, 0x00, 0x00, 0x00, 0x00, 0x0e, 0xff, 0xfc, 0x00, 0x00, 0xff, 0xff, 0xf7, 	//*@@@@@....@@@@@..........@@@@@....@@@@@*
0x8f, 0xff, 0xfc, 0x00, 0x00, 0xaf, 0xff, 0xf3, 0x00, 0x00, 0x00, 0x00, 0x4f, 0xff, 0xf6, 0x00, 0x00, 0xff, 0xff, 0xf7, 	//*@@@@@....%@@@@+........+@@@@*....@@@@@*
0x8f, 0xff, 0xfc, 0x00, 0x00, 0x4f, 0xff, 0xf9, 0x00, 0x00, 0x00, 0x00, 0x9f, 0xff, 0xf1, 0x00, 0x00, 0xff, 0xff, 0xf7, 	//*@@@@@....+@@@@%........%@@@@+....@@@@@*
0x8f, 0xff, 0xfc, 0x00, 0x00, 0x0e, 0xff, 0xfe, 0x00, 0x00, 0x00, 0x00, 0xff, 0xff, 0xa0, 0x00, 0x00, 0xff, 0xff, 0xf7, 	//*@@@@@.....@@@@@........@@@@%.....@@@@@*
0x8f, 0xff, 0xfc, 0x00, 0x00, 0x08, 0xff, 0xff, 0x40, 0x00, 0x00, 0x05, 0xff, 0xff, 0x50, 0x00, 0x00, 0xff, 0xff, 0xf7, 	//*@@@@@.....*@@@@+......+@@@@+.....@@@@@*
0x8f, 0xff, 0xfc, 0x00, 0x00, 0x02, 0xff, 0xff, 0xa0, 0x00, 0x00, 0x0a, 0xff, 0xfe, 0x00, 0x00, 0x00, 0xff, 0xff, 0xf7, 	//*@@@@@.....+@@@@%......%@@@@......@@@@@*
0x8f, 0xff, 0xfc, 0x00, 0x00, 0x00, 0xdf, 0xff, 0xf0, 0x00, 0x00, 0x0f, 0xff, 0xf9, 0x00, 0x00, 0x00, 0xff, 0xff, 0xf7, 	//*@@@@@......@@@@@......@@@@%......@@@@@*
0x8f, 0xff, 0xfc, 0x00, 0x00, 0x00, 0x7f, 0xff, 0xf5, 0x00, 0x00, 0x5f, 0xff, 0xf3, 0x00, 0x00, 0x00, 0xff, 0xff, 0xf7, 	//*@@@@@......*@@@@+....+@@@@+......@@@@@*
0x8f, 0xff, 0xfc, 0x00, 0x00, 0x00, 0x1f, 0xff, 0xfa, 0x00, 0x00, 0xaf, 0xff, 0xd0, 0x00, 0x00, 0x00, 0xff, 0xff, 0xf7, 	//*@@@@@......+@@@@%....%@@@@.......@@@@@*
0x8f, 0xff, 0xfc, 0x00, 0x00, 0x00, 0x0b, 0xff, 0xff, 0x00, 0x00, 0xff, 0xff, 0x80, 0x00, 0x00, 0x00, 0xff, 0xff, 0xf7, 	//*@@@@@.......%@@@@....@@@@*.......@@@@@*
0x8f, 0xff, 0xfc, 0x00, 0x00, 0x00, 0x05, 0xff, 0xff, 0x50, 0x05, 0xff, 0xff, 0x20, 0x00, 0x00, 0x00, 0xff, 0xff, 0xf7, 	//*@@@@@.......+@@@@+..+@@@@+.......@@@@@*
0x8f, 0xff, 0xfc, 0x00, 0x00, 0x00, 0x00, 0xff, 0xff, 0xb0, 0x0a, 0xff, 0xfc, 0x00, 0x00, 0x00, 0x00, 0xff, 0xff, 0xf7, 	//*@@@@@........@@@@%..%@@@@........@@@@@*
0x8f, 0xff, 0xfc, 0x00, 0x00, 0x00, 0x00, 0xaf, 0xff, 0xf1, 0x0f, 0xff, 0xf6, 0x00, 0x00, 0x00, 0x00, 0xff, 0xff, 0xf7, 	//*@@@@@........%@@@@+.@@@@*........@@@@@*
0x8f, 0xff, 0xfc, 0x00, 0x00, 0x00, 0x00, 0x4f, 0xff, 0xf6, 0x5f, 0xff, 0xf1, 0x00, 0x00, 0x00, 0x00, 0xff, 0xff, 0xf7, 	//*@@@@@........+@@@@*+@@@@+........@@@@@*
0x8f, 0xff, 0xfc, 0x00, 0x00, 0x00, 0x00, 0x0e, 0xff, 0xfb, 0xaf, 0xff, 0xb0, 0x00, 0x00, 0x00, 0x00, 0xff, 0xff, 0xf7, 	//*@@@@@.........@@@@%%@@@%.........@@@@@*
0x8f, 0xff, 0xfc, 0x00, 0x00, 0x00, 0x00, 0x08, 0xff, 0xff, 0xff, 0xff, 0x50, 0x00, 0x00, 0x00, 0x00, 0xff, 0xff, 0xf7, 	//*@@@@@.........*@@@@@@@@+.........@@@@@*
0x8f, 0xff, 0xfc, 0x00, 0x00, 0x00, 0x00, 0x03, 0xff, 0xff, 0xff, 0xff, 0x00, 0x00, 0x00, 0x00, 0x00, 0xff, 0xff, 0xf7, 	//*@@@@@.........+@@@@@@@@..........@@@@@*
0x8f, 0xff, 0xfc, 0x00, 0x00, 0x00, 0x00, 0x00, 0xdf, 0xff, 0xff, 0xf9, 0x00, 0x00, 0x00, 0x00, 0x00, 0xff, 0xff, 0xf7, 	//*@@@@@..........@@@@@@@%..........@@@@@*
0x8f, 0xff, 0xfc, 0x00, 0x00, 0x00, 0x00, 0x00, 0x7f, 0xff, 0xff, 0xf4, 0x00, 0x00, 0x00, 0x00, 0x00, 0xff, 0xff, 0xf7, 	//*@@@@@..........*@@@@@@+..........@@@@@*
0x8f, 0xff, 0xfc, 0x00, 0x00, 0x00, 0x00, 0x00, 0x1f, 0xff, 0xff, 0xe0, 0x00, 0x00, 0x00, 0x00, 0x00, 0xff, 0xff, 0xf7, 	//*@@@@@..........+@@@@@@...........@@@@@*
0x8f, 0xff, 0xfc, 0x00, 0x00, 0x00, 0x00, 0x00, 0x0b, 0xff, 0xff, 0x80, 0x00, 0x00, 0x00, 0x00, 0x00, 0xff, 0xff, 0xf7, 	//*@@@@@...........%@@@@*...........@@@@@*
0x8f, 0xff, 0xfc, 0x00, 0x00, 0x00, 0x00, 0x00, 0x05, 0xff, 0xff, 0x20, 0x00, 0x00, 0x00, 0x00, 0x00, 0xff, 0xff, 0xf7, 	//*@@@@@...........+@@@@+...........@@@@@*
0x8f, 0xff, 0xfc, 0x00, 0x00, 0x00, 0x00, 0x00, 0x00, 0x44, 0x44, 0x00, 0x00, 0x00, 0x00, 0x00, 0x00, 0xff, 0xff, 0xf7, 	//*@@@@@............++++............@@@@@*
0x8f, 0xff, 0xfc, 0x00, 0x00, 0x00, 0x00, 0x00, 0x00, 0x00, 0x00, 0x00, 0x00, 0x00, 0x00, 0x00, 0x00, 0xff, 0xff, 0xf7, 	//*@@@@@............................@@@@@*
0x8f, 0xff, 0xfc, 0x00, 0x00, 0x00, 0x00, 0x00, 0x00, 0x00, 0x00, 0x00, 0x00, 0x00, 0x00, 0x00, 0x00, 0xff, 0xff, 0xf7, 	//*@@@@@............................@@@@@*
0x8f, 0xff, 0xfc, 0x00, 0x00, 0x00, 0x00, 0x00, 0x00, 0x00, 0x00, 0x00, 0x00, 0x00, 0x00, 0x00, 0x00, 0xff, 0xff, 0xf7, 	//*@@@@@............................@@@@@*
0x8f, 0xff, 0xfc, 0x00, 0x00, 0x00, 0x00, 0x00, 0x00, 0x00, 0x00, 0x00, 0x00, 0x00, 0x00, 0x00, 0x00, 0xff, 0xff, 0xf7, 	//*@@@@@............................@@@@@*


/* N */
0x8f, 0xff, 0xff, 0xc0, 0x00, 0x00, 0x00, 0x00, 0x00, 0x00, 0x00, 0x00, 0x00, 0x00, 0xdf, 0xff, 0xfc, 	//*@@@@@@.....................@@@@@@
0x8f, 0xff, 0xff, 0xf5, 0x00, 0x00, 0x00, 0x00, 0x00, 0x00, 0x00, 0x00, 0x00, 0x00, 0xdf, 0xff, 0xfc, 	//*@@@@@@+....................@@@@@@
0x8f, 0xff, 0xff, 0xfe, 0x00, 0x00, 0x00, 0x00, 0x00, 0x00, 0x00, 0x00, 0x00, 0x00, 0xdf, 0xff, 0xfc, 	//*@@@@@@@....................@@@@@@
0x8f, 0xff, 0xff, 0xff, 0x70, 0x00, 0x00, 0x00, 0x00, 0x00, 0x00, 0x00, 0x00, 0x00, 0xdf, 0xff, 0xfc, 	//*@@@@@@@*...................@@@@@@
0x8f, 0xff, 0xff, 0xff, 0xf1, 0x00, 0x00, 0x00, 0x00, 0x00, 0x00, 0x00, 0x00, 0x00, 0xdf, 0xff, 0xfc, 	//*@@@@@@@@+..................@@@@@@
0x8f, 0xff, 0xff, 0xff, 0xfa, 0x00, 0x00, 0x00, 0x00, 0x00, 0x00, 0x00, 0x00, 0x00, 0xdf, 0xff, 0xfc, 	//*@@@@@@@@%..................@@@@@@
0x8f, 0xff, 0xff, 0xff, 0xff, 0x30, 0x00, 0x00, 0x00, 0x00, 0x00, 0x00, 0x00, 0x00, 0xdf, 0xff, 0xfc, 	//*@@@@@@@@@+.................@@@@@@
0x8f, 0xff, 0xfd, 0xff, 0xff, 0xc0, 0x00, 0x00, 0x00, 0x00, 0x00, 0x00, 0x00, 0x00, 0xdf, 0xff, 0xfc, 	//*@@@@@@@@@@.................@@@@@@
0x8f, 0xff, 0xf6, 0xef, 0xff, 0xf6, 0x00, 0x00, 0x00, 0x00, 0x00, 0x00, 0x00, 0x00, 0xdf, 0xff, 0xfc, 	//*@@@@*@@@@@*................@@@@@@
0x8f, 0xff, 0xf6, 0x7f, 0xff, 0xfe, 0x00, 0x00, 0x00, 0x00, 0x00, 0x00, 0x00, 0x00, 0xdf, 0xff, 0xfc, 	//*@@@@**@@@@@................@@@@@@
0x8f, 0xff, 0xf7, 0x0e, 0xff, 0xff, 0x80, 0x00, 0x00, 0x00, 0x00, 0x00, 0x00, 0x00, 0xdf, 0xff, 0xfc, 	//*@@@@*.@@@@@*...............@@@@@@
0x8f, 0xff, 0xf8, 0x06, 0xff, 0xff, 0xf2, 0x00, 0x00, 0x00, 0x00, 0x00, 0x00, 0x00, 0xdf, 0xff, 0xfc, 	//*@@@@*.*@@@@@+..............@@@@@@
0x8f, 0xff, 0xf9, 0x00, 0xdf, 0xff, 0xfb, 0x00, 0x00, 0x00, 0x00, 0x00, 0x00, 0x00, 0xdf, 0xff, 0xfc, 	//*@@@@%..@@@@@%..............@@@@@@
0x8f, 0xff, 0xfa, 0x00, 0x5f, 0xff, 0xff, 0x40, 0x00, 0x00, 0x00, 0x00, 0x00, 0x00, 0xdf, 0xff, 0xfc, 	//*@@@@%..+@@@@@+.............@@@@@@
0x8f, 0xff, 0xfb, 0x00, 0x0d, 0xff, 0xff, 0xd0, 0x00, 0x00, 0x00, 0x00, 0x00, 0x00, 0xdf, 0xff, 0xfc, 	//*@@@@%...@@@@@@.............@@@@@@
0x8f, 0xff, 0xfc, 0x00, 0x05, 0xff, 0xff, 0xf6, 0x00, 0x00, 0x00, 0x00, 0x00, 0x00, 0xdf, 0xff, 0xfc, 	//*@@@@@...+@@@@@*............@@@@@@
0x8f, 0xff, 0xfd, 0x00, 0x00, 0xcf, 0xff, 0xfe, 0x10, 0x00, 0x00, 0x00, 0x00, 0x00, 0xdf, 0xff, 0xfc, 	//*@@@@@....@@@@@@+...........@@@@@@
0x8f, 0xff, 0xfd, 0x00, 0x00, 0x4f, 0xff, 0xff, 0x90, 0x00, 0x00, 0x00, 0x00, 0x00, 0xdf, 0xff, 0xfc, 	//*@@@@@....+@@@@@%...........@@@@@@
0x8f, 0xff, 0xfe, 0x00, 0x00, 0x0b, 0xff, 0xff, 0xf2, 0x00, 0x00, 0x00, 0x00, 0x00, 0xdf, 0xff, 0xfc, 	//*@@@@@.....%@@@@@+..........@@@@@@
0x8f, 0xff, 0xfe, 0x00, 0x00, 0x02, 0xff, 0xff, 0xfc, 0x00, 0x00, 0x00, 0x00, 0x00, 0xdf, 0xff, 0xfc, 	//*@@@@@.....+@@@@@@..........@@@@@@
0x8f, 0xff, 0xff, 0x00, 0x00, 0x00, 0x8f, 0xff, 0xff, 0x50, 0x00, 0x00, 0x00, 0x00, 0xdf, 0xff, 0xfc, 	//*@@@@@......*@@@@@+.........@@@@@@
0x8f, 0xff, 0xff, 0x00, 0x00, 0x00, 0x0e, 0xff, 0xff, 0xe0, 0x00, 0x00, 0x00, 0x00, 0xdf, 0xff, 0xfc, 	//*@@@@@.......@@@@@@.........@@@@@@
0x8f, 0xff, 0xff, 0x00, 0x00, 0x00, 0x06, 0xff, 0xff, 0xf7, 0x00, 0x00, 0x00, 0x00, 0xdf, 0xff, 0xfc, 	//*@@@@@.......*@@@@@*........@@@@@@
0x8f, 0xff, 0xff, 0x00, 0x00, 0x00, 0x00, 0xcf, 0xff, 0xff, 0x10, 0x00, 0x00, 0x00, 0xdf, 0xff, 0xfc, 	//*@@@@@........@@@@@@+.......@@@@@@
0x8f, 0xff, 0xff, 0x00, 0x00, 0x00, 0x00, 0x3f, 0xff, 0xff, 0xa0, 0x00, 0x00, 0x00, 0xdf, 0xff, 0xfc, 	//*@@@@@........+@@@@@%.......@@@@@@
0x8f, 0xff, 0xff, 0x00, 0x00, 0x00, 0x00, 0x0a, 0xff, 0xff, 0xf3, 0x00, 0x00, 0x00, 0xcf, 0xff, 0xfc, 	//*@@@@@.........%@@@@@+......@@@@@@
0x8f, 0xff, 0xff, 0x00, 0x00, 0x00, 0x00, 0x01, 0xff, 0xff, 0xfc, 0x00, 0x00, 0x00, 0xcf, 0xff, 0xfc, 	//*@@@@@.........+@@@@@@......@@@@@@
0x8f, 0xff, 0xff, 0x00, 0x00, 0x00, 0x00, 0x00, 0x8f, 0xff, 0xff, 0x60, 0x00, 0x00, 0xbf, 0xff, 0xfc, 	//*@@@@@..........*@@@@@*.....%@@@@@
0x8f, 0xff, 0xff, 0x00, 0x00, 0x00, 0x00, 0x00, 0x0e, 0xff, 0xff, 0xe0, 0x00, 0x00, 0xaf, 0xff, 0xfc, 	//*@@@@@...........@@@@@@.....%@@@@@
0x8f, 0xff, 0xff, 0x00, 0x00, 0x00, 0x00, 0x00, 0x05, 0xff, 0xff, 0xf8, 0x00, 0x00, 0xaf, 0xff, 0xfc, 	//*@@@@@...........+@@@@@*....%@@@@@
0x8f, 0xff, 0xff, 0x00, 0x00, 0x00, 0x00, 0x00, 0x00, 0xcf, 0xff, 0xff, 0x10, 0x00, 0x9f, 0xff, 0xfc, 	//*@@@@@............@@@@@@+...%@@@@@
0x8f, 0xff, 0xff, 0x00, 0x00, 0x00, 0x00, 0x00, 0x00, 0x3f, 0xff, 0xff, 0x90, 0x00, 0x9f, 0xff, 0xfc, 	//*@@@@@............+@@@@@%...%@@@@@
0x8f, 0xff, 0xff, 0x00, 0x00, 0x00, 0x00, 0x00, 0x00, 0x0a, 0xff, 0xff, 0xf2, 0x00, 0x8f, 0xff, 0xfc, 	//*@@@@@.............%@@@@@+..*@@@@@
0x8f, 0xff, 0xff, 0x00, 0x00, 0x00, 0x00, 0x00, 0x00, 0x01, 0xff, 0xff, 0xfa, 0x00, 0x7f, 0xff, 0xfc, 	//*@@@@@.............+@@@@@%..*@@@@@
0x8f, 0xff, 0xff, 0x00, 0x00, 0x00, 0x00, 0x00, 0x00, 0x00, 0x7f, 0xff, 0xff, 0x20, 0x5f, 0xff, 0xfc, 	//*@@@@@..............*@@@@@+.+@@@@@
0x8f, 0xff, 0xff, 0x00, 0x00, 0x00, 0x00, 0x00, 0x00, 0x00, 0x0d, 0xff, 0xff, 0xa0, 0x4f, 0xff, 0xfc, 	//*@@@@@...............@@@@@%.+@@@@@
0x8f, 0xff, 0xff, 0x00, 0x00, 0x00, 0x00, 0x00, 0x00, 0x00, 0x05, 0xff, 0xff, 0xf3, 0x3f, 0xff, 0xfc, 	//*@@@@@...............+@@@@@++@@@@@
0x8f, 0xff, 0xff, 0x00, 0x00, 0x00, 0x00, 0x00, 0x00, 0x00, 0x00, 0xcf, 0xff, 0xfb, 0x2f, 0xff, 0xfc, 	//*@@@@@................@@@@@%+@@@@@
0x8f, 0xff, 0xff, 0x00, 0x00, 0x00, 0x00, 0x00, 0x00, 0x00, 0x00, 0x3f, 0xff, 0xff, 0x4f, 0xff, 0xfc, 	//*@@@@@................+@@@@@+@@@@@
0x8f, 0xff, 0xff, 0x00, 0x00, 0x00, 0x00, 0x00, 0x00, 0x00, 0x00, 0x09, 0xff, 0xff, 0xdf, 0xff, 0xfc, 	//*@@@@@.................%@@@@@@@@@@
0x8f, 0xff, 0xff, 0x00, 0x00, 0x00, 0x00, 0x00, 0x00, 0x00, 0x00, 0x01, 0xff, 0xff, 0xff, 0xff, 0xfc, 	//*@@@@@.................+@@@@@@@@@@
0x8f, 0xff, 0xff, 0x00, 0x00, 0x00, 0x00, 0x00, 0x00, 0x00, 0x00, 0x00, 0x7f, 0xff, 0xff, 0xff, 0xfc, 	//*@@@@@..................*@@@@@@@@@
0x8f, 0xff, 0xff, 0x00, 0x00, 0x00, 0x00, 0x00, 0x00, 0x00, 0x00, 0x00, 0x0d, 0xff, 0xff, 0xff, 0xfc, 	//*@@@@@...................@@@@@@@@@
0x8f, 0xff, 0xff, 0x00, 0x00, 0x00, 0x00, 0x00, 0x00, 0x00, 0x00, 0x00, 0x04, 0xff, 0xff, 0xff, 0xfc, 	//*@@@@@...................+@@@@@@@@
0x8f, 0xff, 0xff, 0x00, 0x00, 0x00, 0x00, 0x00, 0x00, 0x00, 0x00, 0x00, 0x00, 0xbf, 0xff, 0xff, 0xfc, 	//*@@@@@....................%@@@@@@@
0x8f, 0xff, 0xff, 0x00, 0x00, 0x00, 0x00, 0x00, 0x00, 0x00, 0x00, 0x00, 0x00, 0x2f, 0xff, 0xff, 0xfc, 	//*@@@@@....................+@@@@@@@
0x8f, 0xff, 0xff, 0x00, 0x00, 0x00, 0x00, 0x00, 0x00, 0x00, 0x00, 0x00, 0x00, 0x09, 0xff, 0xff, 0xfc, 	//*@@@@@.....................%@@@@@@


/* O */
0x00, 0x00, 0x00, 0x00, 0x00, 0x00, 0x00, 0x04, 0x8a, 0xcd, 0xfe, 0xdb, 0x96, 0x10, 0x00, 0x00, 0x00, 0x00, 0x00, 0x00, 0x00, 	//...............+*%@@@@@%%*+...............
0x00, 0x00, 0x00, 0x00, 0x00, 0x00, 0x39, 0xef, 0xff, 0xff, 0xff, 0xff, 0xff, 0xfc, 0x60, 0x00, 0x00, 0x00, 0x00, 0x00, 0x00, 	//............+%@@@@@@@@@@@@@@*.............
0x00, 0x00, 0x00, 0x00, 0x00, 0x1a, 0xff, 0xff, 0xff, 0xff, 0xff, 0xff, 0xff, 0xff, 0xfe, 0x50, 0x00, 0x00, 0x00, 0x00, 0x00, 	//..........+%@@@@@@@@@@@@@@@@@@+...........
0x00, 0x00, 0x00, 0x00, 0x07, 0xff, 0xff, 0xff, 0xff, 0xff, 0xff, 0xff, 0xff, 0xff, 0xff, 0xfb, 0x20, 0x00, 0x00, 0x00, 0x00, 	//.........*@@@@@@@@@@@@@@@@@@@@@%+.........
0x00, 0x00, 0x00, 0x00, 0x9f, 0xff, 0xff, 0xff, 0xff, 0xff, 0xff, 0xff, 0xff, 0xff, 0xff, 0xff, 0xe2, 0x00, 0x00, 0x00, 0x00, 	//........%@@@@@@@@@@@@@@@@@@@@@@@@+........
0x00, 0x00, 0x00, 0x0a, 0xff, 0xff, 0xff, 0xff, 0xe9, 0x75, 0x34, 0x68, 0xcf, 0xff, 0xff, 0xff, 0xfe, 0x30, 0x00, 0x00, 0x00, 	//.......%@@@@@@@@@%*+++**@@@@@@@@@@+.......
0x00, 0x00, 0x00, 0xaf, 0xff, 0xff, 0xff, 0xd5, 0x00, 0x00, 0x00, 0x00, 0x02, 0x9f, 0xff, 0xff, 0xff, 0xf3, 0x00, 0x00, 0x00, 	//......%@@@@@@@@+.........+%@@@@@@@@+......
0x00, 0x00, 0x06, 0xff, 0xff, 0xff, 0xf8, 0x00, 0x00, 0x00, 0x00, 0x00, 0x00, 0x03, 0xdf, 0xff, 0xff, 0xfd, 0x00, 0x00, 0x00, 	//.....*@@@@@@@*.............+@@@@@@@@......
0x00, 0x00, 0x2f, 0xff, 0xff, 0xff, 0x40, 0x00, 0x00, 0x00, 0x00, 0x00, 0x00, 0x00, 0x0c, 0xff, 0xff, 0xff, 0x80, 0x00, 0x00, 	//....+@@@@@@@+................@@@@@@@*.....
0x00, 0x00, 0xbf, 0xff, 0xff, 0xf5, 0x00, 0x00, 0x00, 0x00, 0x00, 0x00, 0x00, 0x00, 0x01, 0xdf, 0xff, 0xff, 0xf3, 0x00, 0x00, 	//....%@@@@@@+.................+@@@@@@@+....
0x00, 0x04, 0xff, 0xff, 0xff, 0x70, 0x00, 0x00, 0x00, 0x00, 0x00, 0x00, 0x00, 0x00, 0x00, 0x1e, 0xff, 0xff, 0xfc, 0x00, 0x00, 	//...+@@@@@@*...................+@@@@@@@....
0x00, 0x0b, 0xff, 0xff, 0xfd, 0x00, 0x00, 0x00, 0x00, 0x00, 0x00, 0x00, 0x00, 0x00, 0x00, 0x06, 0xff, 0xff, 0xff, 0x20, 0x00, 	//...%@@@@@@.....................*@@@@@@+...
0x00, 0x2f, 0xff, 0xff, 0xf4, 0x00, 0x00, 0x00, 0x00, 0x00, 0x00, 0x00, 0x00, 0x00, 0x00, 0x00, 0xdf, 0xff, 0xff, 0x90, 0x00, 	//..+@@@@@@+......................@@@@@@%...
0x00, 0x8f, 0xff, 0xff, 0xd0, 0x00, 0x00, 0x00, 0x00, 0x00, 0x00, 0x00, 0x00, 0x00, 0x00, 0x00, 0x5f, 0xff, 0xff, 0xf1, 0x00, 	//..*@@@@@@.......................+@@@@@@+..
0x00, 0xef, 0xff, 0xff, 0x70, 0x00, 0x00, 0x00, 0x00, 0x00, 0x00, 0x00, 0x00, 0x00, 0x00, 0x00, 0x0f, 0xff, 0xff, 0xf5, 0x00, 	//..@@@@@@*........................@@@@@@+..
0x02, 0xff, 0xff, 0xff, 0x10, 0x00, 0x00, 0x00, 0x00, 0x00, 0x00, 0x00, 0x00, 0x00, 0x00, 0x00, 0x09, 0xff, 0xff, 0xf9, 0x00, 	//.+@@@@@@+........................%@@@@@%..
0x05, 0xff, 0xff, 0xfc, 0x00, 0x00, 0x00, 0x00, 0x00, 0x00, 0x00, 0x00, 0x00, 0x00, 0x00, 0x00, 0x04, 0xff, 0xff, 0xfd, 0x00, 	//.+@@@@@@.........................+@@@@@@..
0x09, 0xff, 0xff, 0xf8, 0x00, 0x00, 0x00, 0x00, 0x00, 0x00, 0x00, 0x00, 0x00, 0x00, 0x00, 0x00, 0x01, 0xff, 0xff, 0xff, 0x10, 	//.%@@@@@*.........................+@@@@@@+.
0x0d, 0xff, 0xff, 0xf5, 0x00, 0x00, 0x00, 0x00, 0x00, 0x00, 0x00, 0x00, 0x00, 0x00, 0x00, 0x00, 0x00, 0xef, 0xff, 0xff, 0x40, 	//.@@@@@@+..........................@@@@@@+.
0x0f, 0xff, 0xff, 0xf2, 0x00, 0x00, 0x00, 0x00, 0x00, 0x00, 0x00, 0x00, 0x00, 0x00, 0x00, 0x00, 0x00, 0xbf, 0xff, 0xff, 0x60, 	//.@@@@@@+..........................%@@@@@*.
0x0f, 0xff, 0xff, 0xf0, 0x00, 0x00, 0x00, 0x00, 0x00, 0x00, 0x00, 0x00, 0x00, 0x00, 0x00, 0x00, 0x00, 0x8f, 0xff, 0xff, 0x70, 	//.@@@@@@...........................*@@@@@*.
0x1f, 0xff, 0xff, 0xf0, 0x00, 0x00, 0x00, 0x00, 0x00, 0x00, 0x00, 0x00, 0x00, 0x00, 0x00, 0x00, 0x00, 0x7f, 0xff, 0xff, 0x90, 	//+@@@@@@...........................*@@@@@%.
0x2f, 0xff, 0xff, 0xe0, 0x00, 0x00, 0x00, 0x00, 0x00, 0x00, 0x00, 0x00, 0x00, 0x00, 0x00, 0x00, 0x00, 0x6f, 0xff, 0xff, 0xa0, 	//+@@@@@@...........................*@@@@@%.
0x3f, 0xff, 0xff, 0xd0, 0x00, 0x00, 0x00, 0x00, 0x00, 0x00, 0x00, 0x00, 0x00, 0x00, 0x00, 0x00, 0x00, 0x5f, 0xff, 0xff, 0xb0, 	//+@@@@@@...........................+@@@@@%.
0x4f, 0xff, 0xff, 0xc0, 0x00, 0x00, 0x00, 0x00, 0x00, 0x00, 0x00, 0x00, 0x00, 0x00, 0x00, 0x00, 0x00, 0x5f, 0xff, 0xff, 0xb0, 	//+@@@@@@...........................+@@@@@%.
0x3f, 0xff, 0xff, 0xd0, 0x00, 0x00, 0x00, 0x00, 0x00, 0x00, 0x00, 0x00, 0x00, 0x00, 0x00, 0x00, 0x00, 0x6f, 0xff, 0xff, 0xa0, 	//+@@@@@@...........................*@@@@@%.
0x2f, 0xff, 0xff, 0xe0, 0x00, 0x00, 0x00, 0x00, 0x00, 0x00, 0x00, 0x00, 0x00, 0x00, 0x00, 0x00, 0x00, 0x7f, 0xff, 0xff, 0x90, 	//+@@@@@@...........................*@@@@@%.
0x1f, 0xff, 0xff, 0xf0, 0x00, 0x00, 0x00, 0x00, 0x00, 0x00, 0x00, 0x00, 0x00, 0x00, 0x00, 0x00, 0x00, 0x8f, 0xff, 0xff, 0x80, 	//+@@@@@@...........................*@@@@@*.
0x0f, 0xff, 0xff, 0xf0, 0x00, 0x00, 0x00, 0x00, 0x00, 0x00, 0x00, 0x00, 0x00, 0x00, 0x00, 0x00, 0x00, 0x9f, 0xff, 0xff, 0x70, 	//.@@@@@@...........................%@@@@@*.
0x0e, 0xff, 0xff, 0xf3, 0x00, 0x00, 0x00, 0x00, 0x00, 0x00, 0x00, 0x00, 0x00, 0x00, 0x00, 0x00, 0x00, 0xbf, 0xff, 0xff, 0x60, 	//.@@@@@@+..........................%@@@@@*.
0x0c, 0xff, 0xff, 0xf6, 0x00, 0x00, 0x00, 0x00, 0x00, 0x00, 0x00, 0x00, 0x00, 0x00, 0x00, 0x00, 0x00, 0xef, 0xff, 0xff, 0x30, 	//.@@@@@@*..........................@@@@@@+.
0x08, 0xff, 0xff, 0xf9, 0x00, 0x00, 0x00, 0x00, 0x00, 0x00, 0x00, 0x00, 0x00, 0x00, 0x00, 0x00, 0x02, 0xff, 0xff, 0xff, 0x00, 	//.*@@@@@%.........................+@@@@@@..
0x04, 0xff, 0xff, 0xfd, 0x00, 0x00, 0x00, 0x00, 0x00, 0x00, 0x00, 0x00, 0x00, 0x00, 0x00, 0x00, 0x05, 0xff, 0xff, 0xfc, 0x00, 	//.+@@@@@@.........................+@@@@@@..
0x01, 0xff, 0xff, 0xff, 0x20, 0x00, 0x00, 0x00, 0x00, 0x00, 0x00, 0x00, 0x00, 0x00, 0x00, 0x00, 0x0b, 0xff, 0xff, 0xf8, 0x00, 	//.+@@@@@@+........................%@@@@@*..
0x00, 0xdf, 0xff, 0xff, 0x80, 0x00, 0x00, 0x00, 0x00, 0x00, 0x00, 0x00, 0x00, 0x00, 0x00, 0x00, 0x1f, 0xff, 0xff, 0xf4, 0x00, 	//..@@@@@@*.......................+@@@@@@+..
0x00, 0x7f, 0xff, 0xff, 0xe0, 0x00, 0x00, 0x00, 0x00, 0x00, 0x00, 0x00, 0x00, 0x00, 0x00, 0x00, 0x6f, 0xff, 0xff, 0xe0, 0x00, 	//..*@@@@@@.......................*@@@@@@...
0x00, 0x1f, 0xff, 0xff, 0xf6, 0x00, 0x00, 0x00, 0x00, 0x00, 0x00, 0x00, 0x00, 0x00, 0x00, 0x00, 0xef, 0xff, 0xff, 0x70, 0x00, 	//..+@@@@@@*......................@@@@@@*...
0x00, 0x09, 0xff, 0xff, 0xfe, 0x10, 0x00, 0x00, 0x00, 0x00, 0x00, 0x00, 0x00, 0x00, 0x00, 0x08, 0xff, 0xff, 0xff, 0x10, 0x00, 	//...%@@@@@@+....................*@@@@@@+...
0x00, 0x03, 0xff, 0xff, 0xff, 0x90, 0x00, 0x00, 0x00, 0x00, 0x00, 0x00, 0x00, 0x00, 0x00, 0x2f, 0xff, 0xff, 0xfa, 0x00, 0x00, 	//...+@@@@@@%...................+@@@@@@%....
0x00, 0x00, 0x9f, 0xff, 0xff, 0xf7, 0x00, 0x00, 0x00, 0x00, 0x00, 0x00, 0x00, 0x00, 0x01, 0xef, 0xff, 0xff, 0xf2, 0x00, 0x00, 	//....%@@@@@@*.................+@@@@@@@+....
0x00, 0x00, 0x0e, 0xff, 0xff, 0xff, 0x50, 0x00, 0x00, 0x00, 0x00, 0x00, 0x00, 0x00, 0x1d, 0xff, 0xff, 0xff, 0x60, 0x00, 0x00, 	//.....@@@@@@@+...............+@@@@@@@*.....
0x00, 0x00, 0x04, 0xff, 0xff, 0xff, 0xf9, 0x00, 0x00, 0x00, 0x00, 0x00, 0x00, 0x04, 0xef, 0xff, 0xff, 0xfb, 0x00, 0x00, 0x00, 	//.....+@@@@@@@%.............+@@@@@@@%......
0x00, 0x00, 0x00, 0x8f, 0xff, 0xff, 0xff, 0xd5, 0x00, 0x00, 0x00, 0x00, 0x02, 0x9f, 0xff, 0xff, 0xff, 0xe1, 0x00, 0x00, 0x00, 	//......*@@@@@@@@+.........+%@@@@@@@@+......
0x00, 0x00, 0x00, 0x08, 0xff, 0xff, 0xff, 0xff, 0xf9, 0x64, 0x34, 0x57, 0xcf, 0xff, 0xff, 0xff, 0xfe, 0x20, 0x00, 0x00, 0x00, 	//.......*@@@@@@@@@%*++++*@@@@@@@@@@+.......
0x00, 0x00, 0x00, 0x00, 0x8f, 0xff, 0xff, 0xff, 0xff, 0xff, 0xff, 0xff, 0xff, 0xff, 0xff, 0xff, 0xd1, 0x00, 0x00, 0x00, 0x00, 	//........*@@@@@@@@@@@@@@@@@@@@@@@@+........
0x00, 0x00, 0x00, 0x00, 0x06, 0xef, 0xff, 0xff, 0xff, 0xff, 0xff, 0xff, 0xff, 0xff, 0xff, 0xfa, 0x10, 0x00, 0x00, 0x00, 0x00, 	//.........*@@@@@@@@@@@@@@@@@@@@@%+.........
0x00, 0x00, 0x00, 0x00, 0x00, 0x19, 0xff, 0xff, 0xff, 0xff, 0xff, 0xff, 0xff, 0xff, 0xfd, 0x40, 0x00, 0x00, 0x00, 0x00, 0x00, 	//..........+%@@@@@@@@@@@@@@@@@@+...........
0x00, 0x00, 0x00, 0x00, 0x00, 0x00, 0x39, 0xef, 0xff, 0xff, 0xff, 0xff, 0xff, 0xfb, 0x60, 0x00, 0x00, 0x00, 0x00, 0x00, 0x00, 	//............+%@@@@@@@@@@@@@%*.............
0x00, 0x00, 0x00, 0x00, 0x00, 0x00, 0x00, 0x03, 0x8a, 0xcd, 0xfe, 0xdb, 0x96, 0x10, 0x00, 0x00, 0x00, 0x00, 0x00, 0x00, 0x00, 	//...............+*%@@@@@%%*+...............


/* P */
0x8f, 0xff, 0xff, 0xff, 0xff, 0xff, 0xff, 0xfe, 0xdd, 0xa8, 0x52, 0x00, 0x00, 0x00, 0x00, 0x00, 	//*@@@@@@@@@@@@@@@@@%*++..........
0x8f, 0xff, 0xff, 0xff, 0xff, 0xff, 0xff, 0xff, 0xff, 0xff, 0xff, 0xd8, 0x10, 0x00, 0x00, 0x00, 	//*@@@@@@@@@@@@@@@@@@@@@@*+.......
0x8f, 0xff, 0xff, 0xff, 0xff, 0xff, 0xff, 0xff, 0xff, 0xff, 0xff, 0xff, 0xf8, 0x00, 0x00, 0x00, 	//*@@@@@@@@@@@@@@@@@@@@@@@@*......
0x8f, 0xff, 0xff, 0xff, 0xff, 0xff, 0xff, 0xff, 0xff, 0xff, 0xff, 0xff, 0xff, 0xe2, 0x00, 0x00, 	//*@@@@@@@@@@@@@@@@@@@@@@@@@@+....
0x8f, 0xff, 0xff, 0xec, 0xcc, 0xcc, 0xcd, 0xde, 0xff, 0xff, 0xff, 0xff, 0xff, 0xfe, 0x30, 0x00, 	//*@@@@@@@@@@@@@@@@@@@@@@@@@@@+...
0x8f, 0xff, 0xff, 0x50, 0x00, 0x00, 0x00, 0x00, 0x01, 0x48, 0xdf, 0xff, 0xff, 0xff, 0xe1, 0x00, 	//*@@@@@+..........++*@@@@@@@@@+..
0x8f, 0xff, 0xff, 0x50, 0x00, 0x00, 0x00, 0x00, 0x00, 0x00, 0x04, 0xcf, 0xff, 0xff, 0xf9, 0x00, 	//*@@@@@+..............+@@@@@@@%..
0x8f, 0xff, 0xff, 0x50, 0x00, 0x00, 0x00, 0x00, 0x00, 0x00, 0x00, 0x0a, 0xff, 0xff, 0xff, 0x20, 	//*@@@@@+................%@@@@@@+.
0x8f, 0xff, 0xff, 0x50, 0x00, 0x00, 0x00, 0x00, 0x00, 0x00, 0x00, 0x00, 0xdf, 0xff, 0xff, 0x70, 	//*@@@@@+.................@@@@@@*.
0x8f, 0xff, 0xff, 0x50, 0x00, 0x00, 0x00, 0x00, 0x00, 0x00, 0x00, 0x00, 0x4f, 0xff, 0xff, 0xd0, 	//*@@@@@+.................+@@@@@@.
0x8f, 0xff, 0xff, 0x50, 0x00, 0x00, 0x00, 0x00, 0x00, 0x00, 0x00, 0x00, 0x0f, 0xff, 0xff, 0xf0, 	//*@@@@@+..................@@@@@@.
0x8f, 0xff, 0xff, 0x50, 0x00, 0x00, 0x00, 0x00, 0x00, 0x00, 0x00, 0x00, 0x0b, 0xff, 0xff, 0xf2, 	//*@@@@@+..................%@@@@@+
0x8f, 0xff, 0xff, 0x50, 0x00, 0x00, 0x00, 0x00, 0x00, 0x00, 0x00, 0x00, 0x09, 0xff, 0xff, 0xf3, 	//*@@@@@+..................%@@@@@+
0x8f, 0xff, 0xff, 0x50, 0x00, 0x00, 0x00, 0x00, 0x00, 0x00, 0x00, 0x00, 0x08, 0xff, 0xff, 0xf5, 	//*@@@@@+..................*@@@@@+
0x8f, 0xff, 0xff, 0x50, 0x00, 0x00, 0x00, 0x00, 0x00, 0x00, 0x00, 0x00, 0x09, 0xff, 0xff, 0xf4, 	//*@@@@@+..................%@@@@@+
0x8f, 0xff, 0xff, 0x50, 0x00, 0x00, 0x00, 0x00, 0x00, 0x00, 0x00, 0x00, 0x0a, 0xff, 0xff, 0xf2, 	//*@@@@@+..................%@@@@@+
0x8f, 0xff, 0xff, 0x50, 0x00, 0x00, 0x00, 0x00, 0x00, 0x00, 0x00, 0x00, 0x0d, 0xff, 0xff, 0xf1, 	//*@@@@@+..................@@@@@@+
0x8f, 0xff, 0xff, 0x50, 0x00, 0x00, 0x00, 0x00, 0x00, 0x00, 0x00, 0x00, 0x2f, 0xff, 0xff, 0xe0, 	//*@@@@@+.................+@@@@@@.
0x8f, 0xff, 0xff, 0x50, 0x00, 0x00, 0x00, 0x00, 0x00, 0x00, 0x00, 0x00, 0x9f, 0xff, 0xff, 0x90, 	//*@@@@@+.................%@@@@@%.
0x8f, 0xff, 0xff, 0x50, 0x00, 0x00, 0x00, 0x00, 0x00, 0x00, 0x00, 0x03, 0xff, 0xff, 0xff, 0x40, 	//*@@@@@+................+@@@@@@+.
0x8f, 0xff, 0xff, 0x50, 0x00, 0x00, 0x00, 0x00, 0x00, 0x00, 0x00, 0x2e, 0xff, 0xff, 0xfd, 0x00, 	//*@@@@@+...............+@@@@@@@..
0x8f, 0xff, 0xff, 0x50, 0x00, 0x00, 0x00, 0x00, 0x00, 0x00, 0x07, 0xff, 0xff, 0xff, 0xf3, 0x00, 	//*@@@@@+..............*@@@@@@@+..
0x8f, 0xff, 0xff, 0x50, 0x00, 0x00, 0x00, 0x00, 0x02, 0x59, 0xef, 0xff, 0xff, 0xff, 0x90, 0x00, 	//*@@@@@+..........++%@@@@@@@@%...
0x8f, 0xff, 0xff, 0xdc, 0xcc, 0xcc, 0xcc, 0xde, 0xff, 0xff, 0xff, 0xff, 0xff, 0xf9, 0x00, 0x00, 	//*@@@@@@@@@@@@@@@@@@@@@@@@@@%....
0x8f, 0xff, 0xff, 0xff, 0xff, 0xff, 0xff, 0xff, 0xff, 0xff, 0xff, 0xff, 0xff, 0x80, 0x00, 0x00, 	//*@@@@@@@@@@@@@@@@@@@@@@@@@*.....
0x8f, 0xff, 0xff, 0xff, 0xff, 0xff, 0xff, 0xff, 0xff, 0xff, 0xff, 0xff, 0xc3, 0x00, 0x00, 0x00, 	//*@@@@@@@@@@@@@@@@@@@@@@@@+......
0x8f, 0xff, 0xff, 0xff, 0xff, 0xff, 0xff, 0xff, 0xff, 0xff, 0xff, 0xa4, 0x00, 0x00, 0x00, 0x00, 	//*@@@@@@@@@@@@@@@@@@@@@%+........
0x8f, 0xff, 0xff, 0xff, 0xff, 0xff, 0xff, 0xfe, 0xdc, 0xa7, 0x40, 0x00, 0x00, 0x00, 0x00, 0x00, 	//*@@@@@@@@@@@@@@@@@%*+...........
0x8f, 0xff, 0xff, 0x50, 0x00, 0x00, 0x00, 0x00, 0x00, 0x00, 0x00, 0x00, 0x00, 0x00, 0x00, 0x00, 	//*@@@@@+.........................
0x8f, 0xff, 0xff, 0x50, 0x00, 0x00, 0x00, 0x00, 0x00, 0x00, 0x00, 0x00, 0x00, 0x00, 0x00, 0x00, 	//*@@@@@+.........................
0x8f, 0xff, 0xff, 0x50, 0x00, 0x00, 0x00, 0x00, 0x00, 0x00, 0x00, 0x00, 0x00, 0x00, 0x00, 0x00, 	//*@@@@@+.........................
0x8f, 0xff, 0xff, 0x50, 0x00, 0x00, 0x00, 0x00, 0x00, 0x00, 0x00, 0x00, 0x00, 0x00, 0x00, 0x00, 	//*@@@@@+.........................
0x8f, 0xff, 0xff, 0x50, 0x00, 0x00, 0x00, 0x00, 0x00, 0x00, 0x00, 0x00, 0x00, 0x00, 0x00, 0x00, 	//*@@@@@+.........................
0x8f, 0xff, 0xff, 0x50, 0x00, 0x00, 0x00, 0x00, 0x00, 0x00, 0x00, 0x00, 0x00, 0x00, 0x00, 0x00, 	//*@@@@@+.........................
0x8f, 0xff, 0xff, 0x50, 0x00, 0x00, 0x00, 0x00, 0x00, 0x00, 0x00, 0x00, 0x00, 0x00, 0x00, 0x00, 	//*@@@@@+.........................
0x8f, 0xff, 0xff, 0x50, 0x00, 0x00, 0x00, 0x00, 0x00, 0x00, 0x00, 0x00, 0x00, 0x00, 0x00, 0x00, 	//*@@@@@+.........................
0x8f, 0xff, 0xff, 0x50, 0x00, 0x00, 0x00, 0x00, 0x00, 0x00, 0x00, 0x00, 0x00, 0x00, 0x00, 0x00, 	//*@@@@@+.........................
0x8f, 0xff, 0xff, 0x50, 0x00, 0x00, 0x00, 0x00, 0x00, 0x00, 0x00, 0x00, 0x00, 0x00, 0x00, 0x00, 	//*@@@@@+.........................
0x8f, 0xff, 0xff, 0x50, 0x00, 0x00, 0x00, 0x00, 0x00, 0x00, 0x00, 0x00, 0x00, 0x00, 0x00, 0x00, 	//*@@@@@+.........................
0x8f, 0xff, 0xff, 0x50, 0x00, 0x00, 0x00, 0x00, 0x00, 0x00, 0x00, 0x00, 0x00, 0x00, 0x00, 0x00, 	//*@@@@@+.........................
0x8f, 0xff, 0xff, 0x50, 0x00, 0x00, 0x00, 0x00, 0x00, 0x00, 0x00, 0x00, 0x00, 0x00, 0x00, 0x00, 	//*@@@@@+.........................
0x8f, 0xff, 0xff, 0x50, 0x00, 0x00, 0x00, 0x00, 0x00, 0x00, 0x00, 0x00, 0x00, 0x00, 0x00, 0x00, 	//*@@@@@+.........................
0x8f, 0xff, 0xff, 0x50, 0x00, 0x00, 0x00, 0x00, 0x00, 0x00, 0x00, 0x00, 0x00, 0x00, 0x00, 0x00, 	//*@@@@@+.........................
0x8f, 0xff, 0xff, 0x50, 0x00, 0x00, 0x00, 0x00, 0x00, 0x00, 0x00, 0x00, 0x00, 0x00, 0x00, 0x00, 	//*@@@@@+.........................
0x8f, 0xff, 0xff, 0x50, 0x00, 0x00, 0x00, 0x00, 0x00, 0x00, 0x00, 0x00, 0x00, 0x00, 0x00, 0x00, 	//*@@@@@+.........................
0x8f, 0xff, 0xff, 0x50, 0x00, 0x00, 0x00, 0x00, 0x00, 0x00, 0x00, 0x00, 0x00, 0x00, 0x00, 0x00, 	//*@@@@@+.........................
0x8f, 0xff, 0xff, 0x50, 0x00, 0x00, 0x00, 0x00, 0x00, 0x00, 0x00, 0x00, 0x00, 0x00, 0x00, 0x00, 	//*@@@@@+.........................


/* Q */
0x00, 0x00, 0x00, 0x00, 0x00, 0x00, 0x00, 0x04, 0x8a, 0xcd, 0xfe, 0xdb, 0x96, 0x10, 0x00, 0x00, 0x00, 0x00, 0x00, 0x00, 0x00, 	//...............+*%@@@@@%%*+...............
0x00, 0x00, 0x00, 0x00, 0x00, 0x00, 0x39, 0xef, 0xff, 0xff, 0xff, 0xff, 0xff, 0xfc, 0x60, 0x00, 0x00, 0x00, 0x00, 0x00, 0x00, 	//............+%@@@@@@@@@@@@@@*.............
0x00, 0x00, 0x00, 0x00, 0x00, 0x1a, 0xff, 0xff, 0xff, 0xff, 0xff, 0xff, 0xff, 0xff, 0xfe, 0x50, 0x00, 0x00, 0x00, 0x00, 0x00, 	//..........+%@@@@@@@@@@@@@@@@@@+...........
0x00, 0x00, 0x00, 0x00, 0x07, 0xff, 0xff, 0xff, 0xff, 0xff, 0xff, 0xff, 0xff, 0xff, 0xff, 0xfb, 0x20, 0x00, 0x00, 0x00, 0x00, 	//.........*@@@@@@@@@@@@@@@@@@@@@%+.........
0x00, 0x00, 0x00, 0x00, 0x9f, 0xff, 0xff, 0xff, 0xff, 0xff, 0xff, 0xff, 0xff, 0xff, 0xff, 0xff, 0xe2, 0x00, 0x00, 0x00, 0x00, 	//........%@@@@@@@@@@@@@@@@@@@@@@@@+........
0x00, 0x00, 0x00, 0x0a, 0xff, 0xff, 0xff, 0xff, 0xf9, 0x75, 0x34, 0x68, 0xcf, 0xff, 0xff, 0xff, 0xfe, 0x30, 0x00, 0x00, 0x00, 	//.......%@@@@@@@@@%*+++**@@@@@@@@@@+.......
0x00, 0x00, 0x00, 0xaf, 0xff, 0xff, 0xff, 0xd5, 0x00, 0x00, 0x00, 0x00, 0x02, 0x9f, 0xff, 0xff, 0xff, 0xf2, 0x00, 0x00, 0x00, 	//......%@@@@@@@@+.........+%@@@@@@@@+......
0x00, 0x00, 0x06, 0xff, 0xff, 0xff, 0xf8, 0x00, 0x00, 0x00, 0x00, 0x00, 0x00, 0x03, 0xdf, 0xff, 0xff, 0xfd, 0x00, 0x00, 0x00, 	//.....*@@@@@@@*.............+@@@@@@@@......
0x00, 0x00, 0x1f, 0xff, 0xff, 0xff, 0x40, 0x00, 0x00, 0x00, 0x00, 0x00, 0x00, 0x00, 0x0c, 0xff, 0xff, 0xff, 0x80, 0x00, 0x00, 	//....+@@@@@@@+................@@@@@@@*.....
0x00, 0x00, 0xbf, 0xff, 0xff, 0xf5, 0x00, 0x00, 0x00, 0x00, 0x00, 0x00, 0x00, 0x00, 0x01, 0xdf, 0xff, 0xff, 0xf3, 0x00, 0x00, 	//....%@@@@@@+.................+@@@@@@@+....
0x00, 0x04, 0xff, 0xff, 0xff, 0x80, 0x00, 0x00, 0x00, 0x00, 0x00, 0x00, 0x00, 0x00, 0x00, 0x1f, 0xff, 0xff, 0xfb, 0x00, 0x00, 	//...+@@@@@@*...................+@@@@@@%....
0x00, 0x0b, 0xff, 0xff, 0xfe, 0x00, 0x00, 0x00, 0x00, 0x00, 0x00, 0x00, 0x00, 0x00, 0x00, 0x07, 0xff, 0xff, 0xff, 0x20, 0x00, 	//...%@@@@@@.....................*@@@@@@+...
0x00, 0x2f, 0xff, 0xff, 0xf5, 0x00, 0x00, 0x00, 0x00, 0x00, 0x00, 0x00, 0x00, 0x00, 0x00, 0x00, 0xdf, 0xff, 0xff, 0x90, 0x00, 	//..+@@@@@@+......................@@@@@@%...
0x00, 0x8f, 0xff, 0xff, 0xd0, 0x00, 0x00, 0x00, 0x00, 0x00, 0x00, 0x00, 0x00, 0x00, 0x00, 0x00, 0x5f, 0xff, 0xff, 0xf0, 0x00, 	//..*@@@@@@.......................+@@@@@@...
0x00, 0xef, 0xff, 0xff, 0x70, 0x00, 0x00, 0x00, 0x00, 0x00, 0x00, 0x00, 0x00, 0x00, 0x00, 0x00, 0x0f, 0xff, 0xff, 0xf5, 0x00, 	//..@@@@@@*........................@@@@@@+..
0x01, 0xff, 0xff, 0xff, 0x10, 0x00, 0x00, 0x00, 0x00, 0x00, 0x00, 0x00, 0x00, 0x00, 0x00, 0x00, 0x0a, 0xff, 0xff, 0xf9, 0x00, 	//.+@@@@@@+........................%@@@@@%..
0x05, 0xff, 0xff, 0xfc, 0x00, 0x00, 0x00, 0x00, 0x00, 0x00, 0x00, 0x00, 0x00, 0x00, 0x00, 0x00, 0x04, 0xff, 0xff, 0xfc, 0x00, 	//.+@@@@@@.........................+@@@@@@..
0x09, 0xff, 0xff, 0xf8, 0x00, 0x00, 0x00, 0x00, 0x00, 0x00, 0x00, 0x00, 0x00, 0x00, 0x00, 0x00, 0x01, 0xff, 0xff, 0xff, 0x00, 	//.%@@@@@*.........................+@@@@@@..
0x0c, 0xff, 0xff, 0xf5, 0x00, 0x00, 0x00, 0x00, 0x00, 0x00, 0x00, 0x00, 0x00, 0x00, 0x00, 0x00, 0x00, 0xef, 0xff, 0xff, 0x40, 	//.@@@@@@+..........................@@@@@@+.
0x0f, 0xff, 0xff, 0xf2, 0x00, 0x00, 0x00, 0x00, 0x00, 0x00, 0x00, 0x00, 0x00, 0x00, 0x00, 0x00, 0x00, 0xbf, 0xff, 0xff, 0x60, 	//.@@@@@@+..........................%@@@@@*.
0x0f, 0xff, 0xff, 0xf0, 0x00, 0x00, 0x00, 0x00, 0x00, 0x00, 0x00, 0x00, 0x00, 0x00, 0x00, 0x00, 0x00, 0x8f, 0xff, 0xff, 0x70, 	//.@@@@@@...........................*@@@@@*.
0x1f, 0xff, 0xff, 0xf0, 0x00, 0x00, 0x00, 0x00, 0x00, 0x00, 0x00, 0x00, 0x00, 0x00, 0x00, 0x00, 0x00, 0x7f, 0xff, 0xff, 0x80, 	//+@@@@@@...........................*@@@@@*.
0x2f, 0xff, 0xff, 0xe0, 0x00, 0x00, 0x00, 0x00, 0x00, 0x00, 0x00, 0x00, 0x00, 0x00, 0x00, 0x00, 0x00, 0x6f, 0xff, 0xff, 0xa0, 	//+@@@@@@...........................*@@@@@%.
0x3f, 0xff, 0xff, 0xd0, 0x00, 0x00, 0x00, 0x00, 0x00, 0x00, 0x00, 0x00, 0x00, 0x00, 0x00, 0x00, 0x00, 0x5f, 0xff, 0xff, 0xb0, 	//+@@@@@@...........................+@@@@@%.
0x4f, 0xff, 0xff, 0xc0, 0x00, 0x00, 0x00, 0x00, 0x00, 0x00, 0x00, 0x00, 0x00, 0x00, 0x00, 0x00, 0x00, 0x5f, 0xff, 0xff, 0xb0, 	//+@@@@@@...........................+@@@@@%.
0x3f, 0xff, 0xff, 0xd0, 0x00, 0x00, 0x00, 0x00, 0x00, 0x00, 0x00, 0x00, 0x00, 0x00, 0x00, 0x00, 0x00, 0x5f, 0xff, 0xff, 0xb0, 	//+@@@@@@...........................+@@@@@%.
0x2f, 0xff, 0xff, 0xe0, 0x00, 0x00, 0x00, 0x00, 0x00, 0x00, 0x00, 0x00, 0x00, 0x00, 0x00, 0x00, 0x00, 0x6f, 0xff, 0xff, 0xa0, 	//+@@@@@@...........................*@@@@@%.
0x1f, 0xff, 0xff, 0xf0, 0x00, 0x00, 0x00, 0x00, 0x00, 0x00, 0x00, 0x00, 0x00, 0x00, 0x00, 0x00, 0x00, 0x7f, 0xff, 0xff, 0x90, 	//+@@@@@@...........................*@@@@@%.
0x0f, 0xff, 0xff, 0xf0, 0x00, 0x00, 0x00, 0x00, 0x00, 0x00, 0x00, 0x00, 0x00, 0x00, 0x00, 0x00, 0x00, 0x8f, 0xff, 0xff, 0x80, 	//.@@@@@@...........................*@@@@@*.
0x0f, 0xff, 0xff, 0xf2, 0x00, 0x00, 0x00, 0x00, 0x00, 0x00, 0x00, 0x00, 0x00, 0x00, 0x00, 0x00, 0x00, 0xbf, 0xff, 0xff, 0x60, 	//.@@@@@@+..........................%@@@@@*.
0x0c, 0xff, 0xff, 0xf5, 0x00, 0x00, 0x00, 0x00, 0x00, 0x00, 0x00, 0x00, 0x00, 0x00, 0x00, 0x00, 0x00, 0xef, 0xff, 0xff, 0x30, 	//.@@@@@@+..........................@@@@@@+.
0x09, 0xff, 0xff, 0xf8, 0x00, 0x00, 0x00, 0x00, 0x00, 0x00, 0x00, 0x00, 0x00, 0x00, 0x00, 0x00, 0x01, 0xff, 0xff, 0xff, 0x00, 	//.%@@@@@*.........................+@@@@@@..
0x05, 0xff, 0xff, 0xfb, 0x00, 0x00, 0x00, 0x00, 0x00, 0x00, 0x00, 0x00, 0x00, 0x00, 0x00, 0x00, 0x04, 0xff, 0xff, 0xfd, 0x00, 	//.+@@@@@%.........................+@@@@@@..
0x02, 0xff, 0xff, 0xff, 0x10, 0x00, 0x00, 0x00, 0x00, 0x00, 0x00, 0x00, 0x00, 0x00, 0x00, 0x00, 0x09, 0xff, 0xff, 0xfa, 0x00, 	//.+@@@@@@+........................%@@@@@%..
0x00, 0xef, 0xff, 0xff, 0x60, 0x00, 0x00, 0x00, 0x00, 0x00, 0x00, 0x00, 0x00, 0x00, 0x00, 0x00, 0x0e, 0xff, 0xff, 0xf5, 0x00, 	//..@@@@@@*........................@@@@@@+..
0x00, 0x8f, 0xff, 0xff, 0xb0, 0x00, 0x00, 0x00, 0x00, 0x00, 0x00, 0x00, 0x00, 0x00, 0x00, 0x00, 0x4f, 0xff, 0xff, 0xf0, 0x00, 	//..*@@@@@%.......................+@@@@@@...
0x00, 0x2f, 0xff, 0xff, 0xf3, 0x00, 0x00, 0x00, 0x00, 0x00, 0x00, 0x00, 0x00, 0x00, 0x00, 0x00, 0xbf, 0xff, 0xff, 0x90, 0x00, 	//..+@@@@@@+......................%@@@@@%...
0x00, 0x0c, 0xff, 0xff, 0xfb, 0x00, 0x00, 0x00, 0x00, 0x00, 0x00, 0x00, 0x00, 0x00, 0x00, 0x04, 0xff, 0xff, 0xff, 0x30, 0x00, 	//...@@@@@@%.....................+@@@@@@+...
0x00, 0x04, 0xff, 0xff, 0xff, 0x50, 0x00, 0x00, 0x00, 0x00, 0x00, 0x00, 0x00, 0x00, 0x00, 0x0d, 0xff, 0xff, 0xfb, 0x00, 0x00, 	//...+@@@@@@+....................@@@@@@%....
0x00, 0x00, 0xbf, 0xff, 0xff, 0xe2, 0x00, 0x00, 0x00, 0x00, 0x00, 0x00, 0x00, 0x00, 0x00, 0x9f, 0xff, 0xff, 0xf3, 0x00, 0x00, 	//....%@@@@@@+..................%@@@@@@+....
0x00, 0x00, 0x2f, 0xff, 0xff, 0xfd, 0x10, 0x00, 0x00, 0x00, 0x00, 0x00, 0x00, 0x00, 0x07, 0xff, 0xff, 0xff, 0x90, 0x00, 0x00, 	//....+@@@@@@@+................*@@@@@@%.....
0x00, 0x00, 0x08, 0xff, 0xff, 0xff, 0xc2, 0x00, 0x00, 0x00, 0x00, 0x00, 0x00, 0x00, 0x7f, 0xff, 0xff, 0xfe, 0x10, 0x00, 0x00, 	//.....*@@@@@@@+..............*@@@@@@@+.....
0x00, 0x00, 0x00, 0xaf, 0xff, 0xff, 0xff, 0x60, 0x00, 0x00, 0x00, 0x00, 0x00, 0x1c, 0xff, 0xff, 0xff, 0xf3, 0x00, 0x00, 0x00, 	//......%@@@@@@@*...........+@@@@@@@@+......
0x00, 0x00, 0x00, 0x0c, 0xff, 0xff, 0xff, 0xfd, 0x71, 0x00, 0x00, 0x00, 0x4a, 0xff, 0xff, 0xff, 0xff, 0x40, 0x00, 0x00, 0x00, 	//.......@@@@@@@@@*+......+%@@@@@@@@+.......
0x00, 0x00, 0x00, 0x01, 0xcf, 0xff, 0xff, 0xff, 0xff, 0xec, 0xbb, 0xdf, 0xff, 0xff, 0xff, 0xff, 0xf5, 0x00, 0x00, 0x00, 0x00, 	//.......+@@@@@@@@@@@@%%@@@@@@@@@@@+........
0x00, 0x00, 0x00, 0x00, 0x09, 0xff, 0xff, 0xff, 0xff, 0xff, 0xff, 0xff, 0xff, 0xff, 0xff, 0xfd, 0x20, 0x00, 0x00, 0x00, 0x00, 	//.........%@@@@@@@@@@@@@@@@@@@@@@+.........
0x00, 0x00, 0x00, 0x00, 0x00, 0x5e, 0xff, 0xff, 0xff, 0xff, 0xff, 0xff, 0xff, 0xff, 0xff, 0x91, 0x00, 0x00, 0x00, 0x00, 0x00, 	//..........+@@@@@@@@@@@@@@@@@@@%+..........
0x00, 0x00, 0x00, 0x00, 0x00, 0x00, 0x6d, 0xff, 0xff, 0xff, 0xff, 0xff, 0xff, 0xff, 0xa2, 0x00, 0x00, 0x00, 0x00, 0x00, 0x00, 	//............*@@@@@@@@@@@@@@@%+............
0x00, 0x00, 0x00, 0x00, 0x00, 0x00, 0x00, 0x47, 0xbf, 0xff, 0xff, 0xff, 0xea, 0x51, 0x00, 0x00, 0x00, 0x00, 0x00, 0x00, 0x00, 	//..............+*%@@@@@@@@%++..............
0x00, 0x00, 0x00, 0x00, 0x00, 0x00, 0x00, 0x00, 0x00, 0xef, 0xff, 0xff, 0x80, 0x00, 0x00, 0x00, 0x00, 0x00, 0x00, 0x00, 0x00, 	//..................@@@@@@*.................
0x00, 0x00, 0x00, 0x00, 0x00, 0x00, 0x00, 0x00, 0x00, 0x6f, 0xff, 0xff, 0xf4, 0x00, 0x00, 0x00, 0x00, 0x00, 0x00, 0x00, 0x00, 	//..................*@@@@@@+................
0x00, 0x00, 0x00, 0x00, 0x00, 0x00, 0x00, 0x00, 0x00, 0x0d, 0xff, 0xff, 0xfe, 0x20, 0x00, 0x00, 0x00, 0x00, 0x00, 0x00, 0x00, 	//...................@@@@@@@+...............
0x00, 0x00, 0x00, 0x00, 0x00, 0x00, 0x00, 0x00, 0x00, 0x03, 0xff, 0xff, 0xff, 0xf6, 0x00, 0x00, 0x00, 0x00, 0x00, 0x00, 0x00, 	//...................+@@@@@@@*..............
0x00, 0x00, 0x00, 0x00, 0x00, 0x00, 0x00, 0x00, 0x00, 0x00, 0x7f, 0xff, 0xff, 0xff, 0xb3, 0x00, 0x00, 0x00, 0x00, 0x00, 0x00, 	//....................*@@@@@@@%+............
0x00, 0x00, 0x00, 0x00, 0x00, 0x00, 0x00, 0x00, 0x00, 0x00, 0x08, 0xff, 0xff, 0xff, 0xff, 0xd8, 0x42, 0x00, 0x00, 0x25, 0x60, 	//.....................*@@@@@@@@@*++....++*.
0x00, 0x00, 0x00, 0x00, 0x00, 0x00, 0x00, 0x00, 0x00, 0x00, 0x00, 0x8f, 0xff, 0xff, 0xff, 0xff, 0xff, 0xff, 0xff, 0xff, 0xe0, 	//......................*@@@@@@@@@@@@@@@@@@.
0x00, 0x00, 0x00, 0x00, 0x00, 0x00, 0x00, 0x00, 0x00, 0x00, 0x00, 0x04, 0xef, 0xff, 0xff, 0xff, 0xff, 0xff, 0xff, 0xff, 0xf2, 	//.......................+@@@@@@@@@@@@@@@@@+
0x00, 0x00, 0x00, 0x00, 0x00, 0x00, 0x00, 0x00, 0x00, 0x00, 0x00, 0x00, 0x19, 0xff, 0xff, 0xff, 0xff, 0xff, 0xff, 0xff, 0xf6, 	//........................+%@@@@@@@@@@@@@@@*
0x00, 0x00, 0x00, 0x00, 0x00, 0x00, 0x00, 0x00, 0x00, 0x00, 0x00, 0x00, 0x00, 0x28, 0xef, 0xff, 0xff, 0xff, 0xff, 0xff, 0xfa, 	//..........................+*@@@@@@@@@@@@@%
0x00, 0x00, 0x00, 0x00, 0x00, 0x00, 0x00, 0x00, 0x00, 0x00, 0x00, 0x00, 0x00, 0x00, 0x04, 0x7b, 0xde, 0xff, 0xed, 0xb9, 0x50, 	//.............................+*%@@@@@@%%+.


/* R */
0x8f, 0xff, 0xff, 0xff, 0xff, 0xff, 0xff, 0xff, 0xee, 0xda, 0x85, 0x10, 0x00, 0x00, 0x00, 0x00, 0x00, 	//*@@@@@@@@@@@@@@@@@@%*++...........
0x8f, 0xff, 0xff, 0xff, 0xff, 0xff, 0xff, 0xff, 0xff, 0xff, 0xff, 0xfb, 0x50, 0x00, 0x00, 0x00, 0x00, 	//*@@@@@@@@@@@@@@@@@@@@@@%+.........
0x8f, 0xff, 0xff, 0xff, 0xff, 0xff, 0xff, 0xff, 0xff, 0xff, 0xff, 0xff, 0xfd, 0x40, 0x00, 0x00, 0x00, 	//*@@@@@@@@@@@@@@@@@@@@@@@@@+.......
0x8f, 0xff, 0xff, 0xff, 0xff, 0xff, 0xff, 0xff, 0xff, 0xff, 0xff, 0xff, 0xff, 0xf8, 0x00, 0x00, 0x00, 	//*@@@@@@@@@@@@@@@@@@@@@@@@@@*......
0x8f, 0xff, 0xff, 0xec, 0xcc, 0xcc, 0xcc, 0xdd, 0xef, 0xff, 0xff, 0xff, 0xff, 0xff, 0x90, 0x00, 0x00, 	//*@@@@@@@@@@@@@@@@@@@@@@@@@@@%.....
0x8f, 0xff, 0xff, 0x50, 0x00, 0x00, 0x00, 0x00, 0x00, 0x25, 0xaf, 0xff, 0xff, 0xff, 0xf5, 0x00, 0x00, 	//*@@@@@+...........++%@@@@@@@@+....
0x8f, 0xff, 0xff, 0x50, 0x00, 0x00, 0x00, 0x00, 0x00, 0x00, 0x01, 0x9f, 0xff, 0xff, 0xfe, 0x10, 0x00, 	//*@@@@@+..............+%@@@@@@@+...
0x8f, 0xff, 0xff, 0x50, 0x00, 0x00, 0x00, 0x00, 0x00, 0x00, 0x00, 0x06, 0xff, 0xff, 0xff, 0x70, 0x00, 	//*@@@@@+................*@@@@@@*...
0x8f, 0xff, 0xff, 0x50, 0x00, 0x00, 0x00, 0x00, 0x00, 0x00, 0x00, 0x00, 0x9f, 0xff, 0xff, 0xc0, 0x00, 	//*@@@@@+.................%@@@@@@...
0x8f, 0xff, 0xff, 0x50, 0x00, 0x00, 0x00, 0x00, 0x00, 0x00, 0x00, 0x00, 0x1f, 0xff, 0xff, 0xf1, 0x00, 	//*@@@@@+.................+@@@@@@+..
0x8f, 0xff, 0xff, 0x50, 0x00, 0x00, 0x00, 0x00, 0x00, 0x00, 0x00, 0x00, 0x0b, 0xff, 0xff, 0xf3, 0x00, 	//*@@@@@+..................%@@@@@+..
0x8f, 0xff, 0xff, 0x50, 0x00, 0x00, 0x00, 0x00, 0x00, 0x00, 0x00, 0x00, 0x08, 0xff, 0xff, 0xf5, 0x00, 	//*@@@@@+..................*@@@@@+..
0x8f, 0xff, 0xff, 0x50, 0x00, 0x00, 0x00, 0x00, 0x00, 0x00, 0x00, 0x00, 0x07, 0xff, 0xff, 0xf6, 0x00, 	//*@@@@@+..................*@@@@@*..
0x8f, 0xff, 0xff, 0x50, 0x00, 0x00, 0x00, 0x00, 0x00, 0x00, 0x00, 0x00, 0x06, 0xff, 0xff, 0xf7, 0x00, 	//*@@@@@+..................*@@@@@*..
0x8f, 0xff, 0xff, 0x50, 0x00, 0x00, 0x00, 0x00, 0x00, 0x00, 0x00, 0x00, 0x08, 0xff, 0xff, 0xf6, 0x00, 	//*@@@@@+..................*@@@@@*..
0x8f, 0xff, 0xff, 0x50, 0x00, 0x00, 0x00, 0x00, 0x00, 0x00, 0x00, 0x00, 0x0a, 0xff, 0xff, 0xf5, 0x00, 	//*@@@@@+..................%@@@@@+..
0x8f, 0xff, 0xff, 0x50, 0x00, 0x00, 0x00, 0x00, 0x00, 0x00, 0x00, 0x00, 0x0e, 0xff, 0xff, 0xf1, 0x00, 	//*@@@@@+..................@@@@@@+..
0x8f, 0xff, 0xff, 0x50, 0x00, 0x00, 0x00, 0x00, 0x00, 0x00, 0x00, 0x00, 0x5f, 0xff, 0xff, 0xe0, 0x00, 	//*@@@@@+.................+@@@@@@...
0x8f, 0xff, 0xff, 0x50, 0x00, 0x00, 0x00, 0x00, 0x00, 0x00, 0x00, 0x00, 0xef, 0xff, 0xff, 0x80, 0x00, 	//*@@@@@+.................@@@@@@*...
0x8f, 0xff, 0xff, 0x50, 0x00, 0x00, 0x00, 0x00, 0x00, 0x00, 0x00, 0x0c, 0xff, 0xff, 0xff, 0x20, 0x00, 	//*@@@@@+................@@@@@@@+...
0x8f, 0xff, 0xff, 0x50, 0x00, 0x00, 0x00, 0x00, 0x00, 0x00, 0x04, 0xdf, 0xff, 0xff, 0xf9, 0x00, 0x00, 	//*@@@@@+..............+@@@@@@@%....
0x8f, 0xff, 0xff, 0x50, 0x00, 0x00, 0x00, 0x00, 0x00, 0x27, 0xcf, 0xff, 0xff, 0xff, 0xd0, 0x00, 0x00, 	//*@@@@@+...........+*@@@@@@@@@.....
0x8f, 0xff, 0xff, 0xdb, 0xbb, 0xbb, 0xbb, 0xbc, 0xdf, 0xff, 0xff, 0xff, 0xff, 0xfe, 0x20, 0x00, 0x00, 	//*@@@@@@%%%%%%%%@@@@@@@@@@@@@+.....
0x8f, 0xff, 0xff, 0xff, 0xff, 0xff, 0xff, 0xff, 0xff, 0xff, 0xff, 0xff, 0xff, 0xc2, 0x00, 0x00, 0x00, 	//*@@@@@@@@@@@@@@@@@@@@@@@@@@+......
0x8f, 0xff, 0xff, 0xff, 0xff, 0xff, 0xff, 0xff, 0xff, 0xff, 0xff, 0xff, 0xf8, 0x00, 0x00, 0x00, 0x00, 	//*@@@@@@@@@@@@@@@@@@@@@@@@*........
0x8f, 0xff, 0xff, 0xff, 0xff, 0xff, 0xff, 0xff, 0xff, 0xff, 0xff, 0xe8, 0x10, 0x00, 0x00, 0x00, 0x00, 	//*@@@@@@@@@@@@@@@@@@@@@@*+.........
0x8f, 0xff, 0xff, 0xff, 0xff, 0xff, 0xff, 0xff, 0xff, 0xff, 0xf4, 0x00, 0x00, 0x00, 0x00, 0x00, 0x00, 	//*@@@@@@@@@@@@@@@@@@@@+............
0x8f, 0xff, 0xff, 0x50, 0x00, 0x00, 0x00, 0x0e, 0xff, 0xff, 0xf9, 0x00, 0x00, 0x00, 0x00, 0x00, 0x00, 	//*@@@@@+........@@@@@@%............
0x8f, 0xff, 0xff, 0x50, 0x00, 0x00, 0x00, 0x05, 0xff, 0xff, 0xff, 0x20, 0x00, 0x00, 0x00, 0x00, 0x00, 	//*@@@@@+........+@@@@@@+...........
0x8f, 0xff, 0xff, 0x50, 0x00, 0x00, 0x00, 0x00, 0xcf, 0xff, 0xff, 0xb0, 0x00, 0x00, 0x00, 0x00, 0x00, 	//*@@@@@+.........@@@@@@%...........
0x8f, 0xff, 0xff, 0x50, 0x00, 0x00, 0x00, 0x00, 0x3f, 0xff, 0xff, 0xf5, 0x00, 0x00, 0x00, 0x00, 0x00, 	//*@@@@@+.........+@@@@@@+..........
0x8f, 0xff, 0xff, 0x50, 0x00, 0x00, 0x00, 0x00, 0x0a, 0xff, 0xff, 0xfd, 0x00, 0x00, 0x00, 0x00, 0x00, 	//*@@@@@+..........%@@@@@@..........
0x8f, 0xff, 0xff, 0x50, 0x00, 0x00, 0x00, 0x00, 0x01, 0xff, 0xff, 0xff, 0x70, 0x00, 0x00, 0x00, 0x00, 	//*@@@@@+..........+@@@@@@*.........
0x8f, 0xff, 0xff, 0x50, 0x00, 0x00, 0x00, 0x00, 0x00, 0x8f, 0xff, 0xff, 0xf1, 0x00, 0x00, 0x00, 0x00, 	//*@@@@@+...........*@@@@@@+........
0x8f, 0xff, 0xff, 0x50, 0x00, 0x00, 0x00, 0x00, 0x00, 0x0e, 0xff, 0xff, 0xf9, 0x00, 0x00, 0x00, 0x00, 	//*@@@@@+............@@@@@@%........
0x8f, 0xff, 0xff, 0x50, 0x00, 0x00, 0x00, 0x00, 0x00, 0x05, 0xff, 0xff, 0xff, 0x30, 0x00, 0x00, 0x00, 	//*@@@@@+............+@@@@@@+.......
0x8f, 0xff, 0xff, 0x50, 0x00, 0x00, 0x00, 0x00, 0x00, 0x00, 0xcf, 0xff, 0xff, 0xc0, 0x00, 0x00, 0x00, 	//*@@@@@+.............@@@@@@@.......
0x8f, 0xff, 0xff, 0x50, 0x00, 0x00, 0x00, 0x00, 0x00, 0x00, 0x3f, 0xff, 0xff, 0xf5, 0x00, 0x00, 0x00, 	//*@@@@@+.............+@@@@@@+......
0x8f, 0xff, 0xff, 0x50, 0x00, 0x00, 0x00, 0x00, 0x00, 0x00, 0x0a, 0xff, 0xff, 0xfe, 0x00, 0x00, 0x00, 	//*@@@@@+..............%@@@@@@......
0x8f, 0xff, 0xff, 0x50, 0x00, 0x00, 0x00, 0x00, 0x00, 0x00, 0x01, 0xff, 0xff, 0xff, 0x80, 0x00, 0x00, 	//*@@@@@+..............+@@@@@@*.....
0x8f, 0xff, 0xff, 0x50, 0x00, 0x00, 0x00, 0x00, 0x00, 0x00, 0x00, 0x8f, 0xff, 0xff, 0xf1, 0x00, 0x00, 	//*@@@@@+...............*@@@@@@+....
0x8f, 0xff, 0xff, 0x50, 0x00, 0x00, 0x00, 0x00, 0x00, 0x00, 0x00, 0x0e, 0xff, 0xff, 0xfa, 0x00, 0x00, 	//*@@@@@+................@@@@@@%....
0x8f, 0xff, 0xff, 0x50, 0x00, 0x00, 0x00, 0x00, 0x00, 0x00, 0x00, 0x06, 0xff, 0xff, 0xff, 0x30, 0x00, 	//*@@@@@+................*@@@@@@+...
0x8f, 0xff, 0xff, 0x50, 0x00, 0x00, 0x00, 0x00, 0x00, 0x00, 0x00, 0x00, 0xcf, 0xff, 0xff, 0xc0, 0x00, 	//*@@@@@+.................@@@@@@@...
0x8f, 0xff, 0xff, 0x50, 0x00, 0x00, 0x00, 0x00, 0x00, 0x00, 0x00, 0x00, 0x3f, 0xff, 0xff, 0xf6, 0x00, 	//*@@@@@+.................+@@@@@@*..
0x8f, 0xff, 0xff, 0x50, 0x00, 0x00, 0x00, 0x00, 0x00, 0x00, 0x00, 0x00, 0x0a, 0xff, 0xff, 0xfe, 0x00, 	//*@@@@@+..................%@@@@@@..
0x8f, 0xff, 0xff, 0x50, 0x00, 0x00, 0x00, 0x00, 0x00, 0x00, 0x00, 0x00, 0x02, 0xff, 0xff, 0xff, 0x80, 	//*@@@@@+..................+@@@@@@*.


/* S */
0x00, 0x00, 0x00, 0x00, 0x00, 0x02, 0x6a, 0xce, 0xff, 0xdb, 0xa6, 0x10, 0x00, 0x00, 0x00, 0x00, 0x00, 	//...........+*%@@@@@%%*+...........
0x00, 0x00, 0x00, 0x00, 0x05, 0xcf, 0xff, 0xff, 0xff, 0xff, 0xff, 0xfc, 0x70, 0x00, 0x00, 0x00, 0x00, 	//.........+@@@@@@@@@@@@@@*.........
0x00, 0x00, 0x00, 0x03, 0xdf, 0xff, 0xff, 0xff, 0xff, 0xff, 0xff, 0xff, 0xfe, 0x60, 0x00, 0x00, 0x00, 	//.......+@@@@@@@@@@@@@@@@@@*.......
0x00, 0x00, 0x00, 0x8f, 0xff, 0xff, 0xff, 0xff, 0xff, 0xff, 0xff, 0xff, 0xff, 0xfd, 0x30, 0x00, 0x00, 	//......*@@@@@@@@@@@@@@@@@@@@@+.....
0x00, 0x00, 0x08, 0xff, 0xff, 0xff, 0xff, 0xff, 0xff, 0xff, 0xff, 0xff, 0xff, 0xff, 0xf5, 0x00, 0x00, 	//.....*@@@@@@@@@@@@@@@@@@@@@@@+....
0x00, 0x00, 0x6f, 0xff, 0xff, 0xff, 0xfb, 0x86, 0x43, 0x56, 0x9e, 0xff, 0xff, 0xff, 0xff, 0x60, 0x00, 	//....*@@@@@@@@%**+++*%@@@@@@@@@*...
0x00, 0x01, 0xff, 0xff, 0xff, 0xf9, 0x20, 0x00, 0x00, 0x00, 0x00, 0x3b, 0xff, 0xff, 0xff, 0x30, 0x00, 	//...+@@@@@@@%+.........+%@@@@@@+...
0x00, 0x0a, 0xff, 0xff, 0xff, 0x30, 0x00, 0x00, 0x00, 0x00, 0x00, 0x00, 0x4c, 0xff, 0xf6, 0x00, 0x00, 	//...%@@@@@@+.............+@@@@*....
0x00, 0x0f, 0xff, 0xff, 0xf5, 0x00, 0x00, 0x00, 0x00, 0x00, 0x00, 0x00, 0x00, 0x9f, 0x90, 0x00, 0x00, 	//...@@@@@@+................%@%.....
0x00, 0x5f, 0xff, 0xff, 0xc0, 0x00, 0x00, 0x00, 0x00, 0x00, 0x00, 0x00, 0x00, 0x05, 0x00, 0x00, 0x00, 	//..+@@@@@@..................+......
0x00, 0x8f, 0xff, 0xff, 0x70, 0x00, 0x00, 0x00, 0x00, 0x00, 0x00, 0x00, 0x00, 0x00, 0x00, 0x00, 0x00, 	//..*@@@@@*.........................
0x00, 0xaf, 0xff, 0xff, 0x40, 0x00, 0x00, 0x00, 0x00, 0x00, 0x00, 0x00, 0x00, 0x00, 0x00, 0x00, 0x00, 	//..%@@@@@+.........................
0x00, 0xbf, 0xff, 0xff, 0x40, 0x00, 0x00, 0x00, 0x00, 0x00, 0x00, 0x00, 0x00, 0x00, 0x00, 0x00, 0x00, 	//..%@@@@@+.........................
0x00, 0xaf, 0xff, 0xff, 0x60, 0x00, 0x00, 0x00, 0x00, 0x00, 0x00, 0x00, 0x00, 0x00, 0x00, 0x00, 0x00, 	//..%@@@@@*.........................
0x00, 0x9f, 0xff, 0xff, 0xb0, 0x00, 0x00, 0x00, 0x00, 0x00, 0x00, 0x00, 0x00, 0x00, 0x00, 0x00, 0x00, 	//..%@@@@@%.........................
0x00, 0x5f, 0xff, 0xff, 0xf5, 0x00, 0x00, 0x00, 0x00, 0x00, 0x00, 0x00, 0x00, 0x00, 0x00, 0x00, 0x00, 	//..+@@@@@@+........................
0x00, 0x1f, 0xff, 0xff, 0xff, 0x30, 0x00, 0x00, 0x00, 0x00, 0x00, 0x00, 0x00, 0x00, 0x00, 0x00, 0x00, 	//..+@@@@@@@+.......................
0x00, 0x0a, 0xff, 0xff, 0xff, 0xe5, 0x00, 0x00, 0x00, 0x00, 0x00, 0x00, 0x00, 0x00, 0x00, 0x00, 0x00, 	//...%@@@@@@@+......................
0x00, 0x02, 0xff, 0xff, 0xff, 0xff, 0xb2, 0x00, 0x00, 0x00, 0x00, 0x00, 0x00, 0x00, 0x00, 0x00, 0x00, 	//...+@@@@@@@@%+....................
0x00, 0x00, 0x6f, 0xff, 0xff, 0xff, 0xff, 0xa3, 0x00, 0x00, 0x00, 0x00, 0x00, 0x00, 0x00, 0x00, 0x00, 	//....*@@@@@@@@@%+..................
0x00, 0x00, 0x08, 0xff, 0xff, 0xff, 0xff, 0xff, 0xc5, 0x00, 0x00, 0x00, 0x00, 0x00, 0x00, 0x00, 0x00, 	//.....*@@@@@@@@@@@+................
0x00, 0x00, 0x00, 0x6f, 0xff, 0xff, 0xff, 0xff, 0xff, 0xe7, 0x10, 0x00, 0x00, 0x00, 0x00, 0x00, 0x00, 	//......*@@@@@@@@@@@@*+.............
0x00, 0x00, 0x00, 0x03, 0xef, 0xff, 0xff, 0xff, 0xff, 0xff, 0xf9, 0x20, 0x00, 0x00, 0x00, 0x00, 0x00, 	//.......+@@@@@@@@@@@@@%+...........
0x00, 0x00, 0x00, 0x00, 0x07, 0xff, 0xff, 0xff, 0xff, 0xff, 0xff, 0xfa, 0x20, 0x00, 0x00, 0x00, 0x00, 	//.........*@@@@@@@@@@@@@%+.........
0x00, 0x00, 0x00, 0x00, 0x00, 0x18, 0xff, 0xff, 0xff, 0xff, 0xff, 0xff, 0xf9, 0x10, 0x00, 0x00, 0x00, 	//..........+*@@@@@@@@@@@@@%+.......
0x00, 0x00, 0x00, 0x00, 0x00, 0x00, 0x06, 0xdf, 0xff, 0xff, 0xff, 0xff, 0xff, 0xe4, 0x00, 0x00, 0x00, 	//.............*@@@@@@@@@@@@@+......
0x00, 0x00, 0x00, 0x00, 0x00, 0x00, 0x00, 0x05, 0xcf, 0xff, 0xff, 0xff, 0xff, 0xff, 0x60, 0x00, 0x00, 	//...............+@@@@@@@@@@@@*.....
0x00, 0x00, 0x00, 0x00, 0x00, 0x00, 0x00, 0x00, 0x03, 0xaf, 0xff, 0xff, 0xff, 0xff, 0xf8, 0x00, 0x00, 	//.................+%@@@@@@@@@@*....
0x00, 0x00, 0x00, 0x00, 0x00, 0x00, 0x00, 0x00, 0x00, 0x02, 0x9f, 0xff, 0xff, 0xff, 0xff, 0x40, 0x00, 	//...................+%@@@@@@@@@+...
0x00, 0x00, 0x00, 0x00, 0x00, 0x00, 0x00, 0x00, 0x00, 0x00, 0x01, 0xbf, 0xff, 0xff, 0xff, 0xe0, 0x00, 	//.....................+%@@@@@@@@...
0x00, 0x00, 0x00, 0x00, 0x00, 0x00, 0x00, 0x00, 0x00, 0x00, 0x00, 0x06, 0xff, 0xff, 0xff, 0xf6, 0x00, 	//.......................*@@@@@@@*..
0x00, 0x00, 0x00, 0x00, 0x00, 0x00, 0x00, 0x00, 0x00, 0x00, 0x00, 0x00, 0x5f, 0xff, 0xff, 0xfc, 0x00, 	//........................+@@@@@@@..
0x00, 0x00, 0x00, 0x00, 0x00, 0x00, 0x00, 0x00, 0x00, 0x00, 0x00, 0x00, 0x09, 0xff, 0xff, 0xff, 0x00, 	//.........................%@@@@@@..
0x00, 0x00, 0x00, 0x00, 0x00, 0x00, 0x00, 0x00, 0x00, 0x00, 0x00, 0x00, 0x01, 0xff, 0xff, 0xff, 0x30, 	//.........................+@@@@@@+.
0x00, 0x00, 0x00, 0x00, 0x00, 0x00, 0x00, 0x00, 0x00, 0x00, 0x00, 0x00, 0x00, 0xcf, 0xff, 0xff, 0x40, 	//..........................@@@@@@+.
0x00, 0x00, 0x00, 0x00, 0x00, 0x00, 0x00, 0x00, 0x00, 0x00, 0x00, 0x00, 0x00, 0xbf, 0xff, 0xff, 0x50, 	//..........................%@@@@@+.
0x00, 0x00, 0x00, 0x00, 0x00, 0x00, 0x00, 0x00, 0x00, 0x00, 0x00, 0x00, 0x00, 0xaf, 0xff, 0xff, 0x40, 	//..........................%@@@@@+.
0x00, 0x00, 0x00, 0x00, 0x00, 0x00, 0x00, 0x00, 0x00, 0x00, 0x00, 0x00, 0x00, 0xcf, 0xff, 0xff, 0x20, 	//..........................@@@@@@+.
0x00, 0x0c, 0x40, 0x00, 0x00, 0x00, 0x00, 0x00, 0x00, 0x00, 0x00, 0x00, 0x01, 0xff, 0xff, 0xff, 0x00, 	//...@+....................+@@@@@@..
0x00, 0xbf, 0xf5, 0x00, 0x00, 0x00, 0x00, 0x00, 0x00, 0x00, 0x00, 0x00, 0x07, 0xff, 0xff, 0xfb, 0x00, 	//..%@@+...................*@@@@@%..
0x09, 0xff, 0xff, 0x80, 0x00, 0x00, 0x00, 0x00, 0x00, 0x00, 0x00, 0x00, 0x2f, 0xff, 0xff, 0xf6, 0x00, 	//.%@@@@*.................+@@@@@@*..
0x7f, 0xff, 0xff, 0xfe, 0x50, 0x00, 0x00, 0x00, 0x00, 0x00, 0x00, 0x02, 0xef, 0xff, 0xff, 0xd0, 0x00, 	//*@@@@@@@+..............+@@@@@@@...
0x7f, 0xff, 0xff, 0xff, 0xfc, 0x61, 0x00, 0x00, 0x00, 0x00, 0x01, 0x8f, 0xff, 0xff, 0xff, 0x40, 0x00, 	//*@@@@@@@@@*+.........+*@@@@@@@+...
0x05, 0xff, 0xff, 0xff, 0xff, 0xff, 0xb8, 0x64, 0x33, 0x47, 0xbf, 0xff, 0xff, 0xff, 0xf9, 0x00, 0x00, 	//.+@@@@@@@@@@%**++++*%@@@@@@@@%....
0x00, 0x3e, 0xff, 0xff, 0xff, 0xff, 0xff, 0xff, 0xff, 0xff, 0xff, 0xff, 0xff, 0xff, 0xa0, 0x00, 0x00, 	//..+@@@@@@@@@@@@@@@@@@@@@@@@@%.....
0x00, 0x01, 0x9f, 0xff, 0xff, 0xff, 0xff, 0xff, 0xff, 0xff, 0xff, 0xff, 0xff, 0xf8, 0x00, 0x00, 0x00, 	//...+%@@@@@@@@@@@@@@@@@@@@@@*......
0x00, 0x00, 0x02, 0xbf, 0xff, 0xff, 0xff, 0xff, 0xff, 0xff, 0xff, 0xff, 0xfd, 0x30, 0x00, 0x00, 0x00, 	//.....+%@@@@@@@@@@@@@@@@@@@+.......
0x00, 0x00, 0x00, 0x03, 0x8d, 0xff, 0xff, 0xff, 0xff, 0xff, 0xff, 0xfc, 0x50, 0x00, 0x00, 0x00, 0x00, 	//.......+*@@@@@@@@@@@@@@@+.........
0x00, 0x00, 0x00, 0x00, 0x00, 0x27, 0x9b, 0xce, 0xfe, 0xdc, 0x95, 0x10, 0x00, 0x00, 0x00, 0x00, 0x00, 	//..........+*%%@@@@@@%++...........


/* T */
0x0f, 0xff, 0xff, 0xff, 0xff, 0xff, 0xff, 0xff, 0xff, 0xff, 0xff, 0xff, 0xff, 0xff, 0xff, 0xff, 0xff, 0xf5, 	//.@@@@@@@@@@@@@@@@@@@@@@@@@@@@@@@@@@+
0x0f, 0xff, 0xff, 0xff, 0xff, 0xff, 0xff, 0xff, 0xff, 0xff, 0xff, 0xff, 0xff, 0xff, 0xff, 0xff, 0xff, 0xf5, 	//.@@@@@@@@@@@@@@@@@@@@@@@@@@@@@@@@@@+
0x0f, 0xff, 0xff, 0xff, 0xff, 0xff, 0xff, 0xff, 0xff, 0xff, 0xff, 0xff, 0xff, 0xff, 0xff, 0xff, 0xff, 0xf5, 	//.@@@@@@@@@@@@@@@@@@@@@@@@@@@@@@@@@@+
0x0f, 0xff, 0xff, 0xff, 0xff, 0xff, 0xff, 0xff, 0xff, 0xff, 0xff, 0xff, 0xff, 0xff, 0xff, 0xff, 0xff, 0xf5, 	//.@@@@@@@@@@@@@@@@@@@@@@@@@@@@@@@@@@+
0x0f, 0xff, 0xff, 0xff, 0xff, 0xff, 0xff, 0xff, 0xff, 0xff, 0xff, 0xff, 0xff, 0xff, 0xff, 0xff, 0xff, 0xf5, 	//.@@@@@@@@@@@@@@@@@@@@@@@@@@@@@@@@@@+
0x00, 0x00, 0x00, 0x00, 0x00, 0x00, 0x00, 0x0c, 0xff, 0xff, 0xf2, 0x00, 0x00, 0x00, 0x00, 0x00, 0x00, 0x00, 	//...............@@@@@@+..............
0x00, 0x00, 0x00, 0x00, 0x00, 0x00, 0x00, 0x0c, 0xff, 0xff, 0xf2, 0x00, 0x00, 0x00, 0x00, 0x00, 0x00, 0x00, 	//...............@@@@@@+..............
0x00, 0x00, 0x00, 0x00, 0x00, 0x00, 0x00, 0x0c, 0xff, 0xff, 0xf2, 0x00, 0x00, 0x00, 0x00, 0x00, 0x00, 0x00, 	//...............@@@@@@+..............
0x00, 0x00, 0x00, 0x00, 0x00, 0x00, 0x00, 0x0c, 0xff, 0xff, 0xf2, 0x00, 0x00, 0x00, 0x00, 0x00, 0x00, 0x00, 	//...............@@@@@@+..............
0x00, 0x00, 0x00, 0x00, 0x00, 0x00, 0x00, 0x0c, 0xff, 0xff, 0xf2, 0x00, 0x00, 0x00, 0x00, 0x00, 0x00, 0x00, 	//...............@@@@@@+..............
0x00, 0x00, 0x00, 0x00, 0x00, 0x00, 0x00, 0x0c, 0xff, 0xff, 0xf2, 0x00, 0x00, 0x00, 0x00, 0x00, 0x00, 0x00, 	//...............@@@@@@+..............
0x00, 0x00, 0x00, 0x00, 0x00, 0x00, 0x00, 0x0c, 0xff, 0xff, 0xf2, 0x00, 0x00, 0x00, 0x00, 0x00, 0x00, 0x00, 	//...............@@@@@@+..............
0x00, 0x00, 0x00, 0x00, 0x00, 0x00, 0x00, 0x0c, 0xff, 0xff, 0xf2, 0x00, 0x00, 0x00, 0x00, 0x00, 0x00, 0x00, 	//...............@@@@@@+..............
0x00, 0x00, 0x00, 0x00, 0x00, 0x00, 0x00, 0x0c, 0xff, 0xff, 0xf2, 0x00, 0x00, 0x00, 0x00, 0x00, 0x00, 0x00, 	//...............@@@@@@+..............
0x00, 0x00, 0x00, 0x00, 0x00, 0x00, 0x00, 0x0c, 0xff, 0xff, 0xf2, 0x00, 0x00, 0x00, 0x00, 0x00, 0x00, 0x00, 	//...............@@@@@@+..............
0x00, 0x00, 0x00, 0x00, 0x00, 0x00, 0x00, 0x0c, 0xff, 0xff, 0xf2, 0x00, 0x00, 0x00, 0x00, 0x00, 0x00, 0x00, 	//...............@@@@@@+..............
0x00, 0x00, 0x00, 0x00, 0x00, 0x00, 0x00, 0x0c, 0xff, 0xff, 0xf2, 0x00, 0x00, 0x00, 0x00, 0x00, 0x00, 0x00, 	//...............@@@@@@+..............
0x00, 0x00, 0x00, 0x00, 0x00, 0x00, 0x00, 0x0c, 0xff, 0xff, 0xf2, 0x00, 0x00, 0x00, 0x00, 0x00, 0x00, 0x00, 	//...............@@@@@@+..............
0x00, 0x00, 0x00, 0x00, 0x00, 0x00, 0x00, 0x0c, 0xff, 0xff, 0xf2, 0x00, 0x00, 0x00, 0x00, 0x00, 0x00, 0x00, 	//...............@@@@@@+..............
0x00, 0x00, 0x00, 0x00, 0x00, 0x00, 0x00, 0x0c, 0xff, 0xff, 0xf2, 0x00, 0x00, 0x00, 0x00, 0x00, 0x00, 0x00, 	//...............@@@@@@+..............
0x00, 0x00, 0x00, 0x00, 0x00, 0x00, 0x00, 0x0c, 0xff, 0xff, 0xf2, 0x00, 0x00, 0x00, 0x00, 0x00, 0x00, 0x00, 	//...............@@@@@@+..............
0x00, 0x00, 0x00, 0x00, 0x00, 0x00, 0x00, 0x0c, 0xff, 0xff, 0xf2, 0x00, 0x00, 0x00, 0x00, 0x00, 0x00, 0x00, 	//...............@@@@@@+..............
0x00, 0x00, 0x00, 0x00, 0x00, 0x00, 0x00, 0x0c, 0xff, 0xff, 0xf2, 0x00, 0x00, 0x00, 0x00, 0x00, 0x00, 0x00, 	//...............@@@@@@+..............
0x00, 0x00, 0x00, 0x00, 0x00, 0x00, 0x00, 0x0c, 0xff, 0xff, 0xf2, 0x00, 0x00, 0x00, 0x00, 0x00, 0x00, 0x00, 	//...............@@@@@@+..............
0x00, 0x00, 0x00, 0x00, 0x00, 0x00, 0x00, 0x0c, 0xff, 0xff, 0xf2, 0x00, 0x00, 0x00, 0x00, 0x00, 0x00, 0x00, 	//...............@@@@@@+..............
0x00, 0x00, 0x00, 0x00, 0x00, 0x00, 0x00, 0x0c, 0xff, 0xff, 0xf2, 0x00, 0x00, 0x00, 0x00, 0x00, 0x00, 0x00, 	//...............@@@@@@+..............
0x00, 0x00, 0x00, 0x00, 0x00, 0x00, 0x00, 0x0c, 0xff, 0xff, 0xf2, 0x00, 0x00, 0x00, 0x00, 0x00, 0x00, 0x00, 	//...............@@@@@@+..............
0x00, 0x00, 0x00, 0x00, 0x00, 0x00, 0x00, 0x0c, 0xff, 0xff, 0xf2, 0x00, 0x00, 0x00, 0x00, 0x00, 0x00, 0x00, 	//...............@@@@@@+..............
0x00, 0x00, 0x00, 0x00, 0x00, 0x00, 0x00, 0x0c, 0xff, 0xff, 0xf2, 0x00, 0x00, 0x00, 0x00, 0x00, 0x00, 0x00, 	//...............@@@@@@+..............
0x00, 0x00, 0x00, 0x00, 0x00, 0x00, 0x00, 0x0c, 0xff, 0xff, 0xf2, 0x00, 0x00, 0x00, 0x00, 0x00, 0x00, 0x00, 	//...............@@@@@@+..............
0x00, 0x00, 0x00, 0x00, 0x00, 0x00, 0x00, 0x0c, 0xff, 0xff, 0xf2, 0x00, 0x00, 0x00, 0x00, 0x00, 0x00, 0x00, 	//...............@@@@@@+..............
0x00, 0x00, 0x00, 0x00, 0x00, 0x00, 0x00, 0x0c, 0xff, 0xff, 0xf2, 0x00, 0x00, 0x00, 0x00, 0x00, 0x00, 0x00, 	//...............@@@@@@+..............
0x00, 0x00, 0x00, 0x00, 0x00, 0x00, 0x00, 0x0c, 0xff, 0xff, 0xf2, 0x00, 0x00, 0x00, 0x00, 0x00, 0x00, 0x00, 	//...............@@@@@@+..............
0x00, 0x00, 0x00, 0x00, 0x00, 0x00, 0x00, 0x0c, 0xff, 0xff, 0xf2, 0x00, 0x00, 0x00, 0x00, 0x00, 0x00, 0x00, 	//...............@@@@@@+..............
0x00, 0x00, 0x00, 0x00, 0x00, 0x00, 0x00, 0x0c, 0xff, 0xff, 0xf2, 0x00, 0x00, 0x00, 0x00, 0x00, 0x00, 0x00, 	//...............@@@@@@+..............
0x00, 0x00, 0x00, 0x00, 0x00, 0x00, 0x00, 0x0c, 0xff, 0xff, 0xf2, 0x00, 0x00, 0x00, 0x00, 0x00, 0x00, 0x00, 	//...............@@@@@@+..............
0x00, 0x00, 0x00, 0x00, 0x00, 0x00, 0x00, 0x0c, 0xff, 0xff, 0xf2, 0x00, 0x00, 0x00, 0x00, 0x00, 0x00, 0x00, 	//...............@@@@@@+..............
0x00, 0x00, 0x00, 0x00, 0x00, 0x00, 0x00, 0x0c, 0xff, 0xff, 0xf2, 0x00, 0x00, 0x00, 0x00, 0x00, 0x00, 0x00, 	//...............@@@@@@+..............
0x00, 0x00, 0x00, 0x00, 0x00, 0x00, 0x00, 0x0c, 0xff, 0xff, 0xf2, 0x00, 0x00, 0x00, 0x00, 0x00, 0x00, 0x00, 	//...............@@@@@@+..............
0x00, 0x00, 0x00, 0x00, 0x00, 0x00, 0x00, 0x0c, 0xff, 0xff, 0xf2, 0x00, 0x00, 0x00, 0x00, 0x00, 0x00, 0x00, 	//...............@@@@@@+..............
0x00, 0x00, 0x00, 0x00, 0x00, 0x00, 0x00, 0x0c, 0xff, 0xff, 0xf2, 0x00, 0x00, 0x00, 0x00, 0x00, 0x00, 0x00, 	//...............@@@@@@+..............
0x00, 0x00, 0x00, 0x00, 0x00, 0x00, 0x00, 0x0c, 0xff, 0xff, 0xf2, 0x00, 0x00, 0x00, 0x00, 0x00, 0x00, 0x00, 	//...............@@@@@@+..............
0x00, 0x00, 0x00, 0x00, 0x00, 0x00, 0x00, 0x0c, 0xff, 0xff, 0xf2, 0x00, 0x00, 0x00, 0x00, 0x00, 0x00, 0x00, 	//...............@@@@@@+..............
0x00, 0x00, 0x00, 0x00, 0x00, 0x00, 0x00, 0x0c, 0xff, 0xff, 0xf2, 0x00, 0x00, 0x00, 0x00, 0x00, 0x00, 0x00, 	//...............@@@@@@+..............
0x00, 0x00, 0x00, 0x00, 0x00, 0x00, 0x00, 0x0c, 0xff, 0xff, 0xf2, 0x00, 0x00, 0x00, 0x00, 0x00, 0x00, 0x00, 	//...............@@@@@@+..............
0x00, 0x00, 0x00, 0x00, 0x00, 0x00, 0x00, 0x0c, 0xff, 0xff, 0xf2, 0x00, 0x00, 0x00, 0x00, 0x00, 0x00, 0x00, 	//...............@@@@@@+..............
0x00, 0x00, 0x00, 0x00, 0x00, 0x00, 0x00, 0x0c, 0xff, 0xff, 0xf2, 0x00, 0x00, 0x00, 0x00, 0x00, 0x00, 0x00, 	//...............@@@@@@+..............


/* U */
0xbf, 0xff, 0xff, 0x20, 0x00, 0x00, 0x00, 0x00, 0x00, 0x00, 0x00, 0x00, 0x00, 0x00, 0xcf, 0xff, 0xfe, 	//%@@@@@+.....................@@@@@@
0xbf, 0xff, 0xff, 0x20, 0x00, 0x00, 0x00, 0x00, 0x00, 0x00, 0x00, 0x00, 0x00, 0x00, 0xcf, 0xff, 0xfe, 	//%@@@@@+.....................@@@@@@
0xbf, 0xff, 0xff, 0x20, 0x00, 0x00, 0x00, 0x00, 0x00, 0x00, 0x00, 0x00, 0x00, 0x00, 0xcf, 0xff, 0xfe, 	//%@@@@@+.....................@@@@@@
0xbf, 0xff, 0xff, 0x20, 0x00, 0x00, 0x00, 0x00, 0x00, 0x00, 0x00, 0x00, 0x00, 0x00, 0xcf, 0xff, 0xfe, 	//%@@@@@+.....................@@@@@@
0xbf, 0xff, 0xff, 0x20, 0x00, 0x00, 0x00, 0x00, 0x00, 0x00, 0x00, 0x00, 0x00, 0x00, 0xcf, 0xff, 0xfe, 	//%@@@@@+.....................@@@@@@
0xbf, 0xff, 0xff, 0x20, 0x00, 0x00, 0x00, 0x00, 0x00, 0x00, 0x00, 0x00, 0x00, 0x00, 0xcf, 0xff, 0xfe, 	//%@@@@@+.....................@@@@@@
0xbf, 0xff, 0xff, 0x20, 0x00, 0x00, 0x00, 0x00, 0x00, 0x00, 0x00, 0x00, 0x00, 0x00, 0xcf, 0xff, 0xfe, 	//%@@@@@+.....................@@@@@@
0xbf, 0xff, 0xff, 0x20, 0x00, 0x00, 0x00, 0x00, 0x00, 0x00, 0x00, 0x00, 0x00, 0x00, 0xcf, 0xff, 0xfe, 	//%@@@@@+.....................@@@@@@
0xbf, 0xff, 0xff, 0x20, 0x00, 0x00, 0x00, 0x00, 0x00, 0x00, 0x00, 0x00, 0x00, 0x00, 0xcf, 0xff, 0xfe, 	//%@@@@@+.....................@@@@@@
0xbf, 0xff, 0xff, 0x20, 0x00, 0x00, 0x00, 0x00, 0x00, 0x00, 0x00, 0x00, 0x00, 0x00, 0xcf, 0xff, 0xfe, 	//%@@@@@+.....................@@@@@@
0xbf, 0xff, 0xff, 0x20, 0x00, 0x00, 0x00, 0x00, 0x00, 0x00, 0x00, 0x00, 0x00, 0x00, 0xcf, 0xff, 0xfe, 	//%@@@@@+.....................@@@@@@
0xbf, 0xff, 0xff, 0x20, 0x00, 0x00, 0x00, 0x00, 0x00, 0x00, 0x00, 0x00, 0x00, 0x00, 0xcf, 0xff, 0xfe, 	//%@@@@@+.....................@@@@@@
0xbf, 0xff, 0xff, 0x20, 0x00, 0x00, 0x00, 0x00, 0x00, 0x00, 0x00, 0x00, 0x00, 0x00, 0xcf, 0xff, 0xfe, 	//%@@@@@+.....................@@@@@@
0xbf, 0xff, 0xff, 0x20, 0x00, 0x00, 0x00, 0x00, 0x00, 0x00, 0x00, 0x00, 0x00, 0x00, 0xcf, 0xff, 0xfe, 	//%@@@@@+.....................@@@@@@
0xbf, 0xff, 0xff, 0x20, 0x00, 0x00, 0x00, 0x00, 0x00, 0x00, 0x00, 0x00, 0x00, 0x00, 0xcf, 0xff, 0xfe, 	//%@@@@@+.....................@@@@@@
0xbf, 0xff, 0xff, 0x20, 0x00, 0x00, 0x00, 0x00, 0x00, 0x00, 0x00, 0x00, 0x00, 0x00, 0xcf, 0xff, 0xfe, 	//%@@@@@+.....................@@@@@@
0xbf, 0xff, 0xff, 0x20, 0x00, 0x00, 0x00, 0x00, 0x00, 0x00, 0x00, 0x00, 0x00, 0x00, 0xcf, 0xff, 0xfe, 	//%@@@@@+.....................@@@@@@
0xbf, 0xff, 0xff, 0x20, 0x00, 0x00, 0x00, 0x00, 0x00, 0x00, 0x00, 0x00, 0x00, 0x00, 0xcf, 0xff, 0xfe, 	//%@@@@@+.....................@@@@@@
0xbf, 0xff, 0xff, 0x20, 0x00, 0x00, 0x00, 0x00, 0x00, 0x00, 0x00, 0x00, 0x00, 0x00, 0xcf, 0xff, 0xfe, 	//%@@@@@+.....................@@@@@@
0xbf, 0xff, 0xff, 0x20, 0x00, 0x00, 0x00, 0x00, 0x00, 0x00, 0x00, 0x00, 0x00, 0x00, 0xcf, 0xff, 0xfe, 	//%@@@@@+.....................@@@@@@
0xbf, 0xff, 0xff, 0x20, 0x00, 0x00, 0x00, 0x00, 0x00, 0x00, 0x00, 0x00, 0x00, 0x00, 0xcf, 0xff, 0xfe, 	//%@@@@@+.....................@@@@@@
0xbf, 0xff, 0xff, 0x20, 0x00, 0x00, 0x00, 0x00, 0x00, 0x00, 0x00, 0x00, 0x00, 0x00, 0xcf, 0xff, 0xfe, 	//%@@@@@+.....................@@@@@@
0xbf, 0xff, 0xff, 0x20, 0x00, 0x00, 0x00, 0x00, 0x00, 0x00, 0x00, 0x00, 0x00, 0x00, 0xcf, 0xff, 0xfe, 	//%@@@@@+.....................@@@@@@
0xbf, 0xff, 0xff, 0x20, 0x00, 0x00, 0x00, 0x00, 0x00, 0x00, 0x00, 0x00, 0x00, 0x00, 0xcf, 0xff, 0xfe, 	//%@@@@@+.....................@@@@@@
0xbf, 0xff, 0xff, 0x20, 0x00, 0x00, 0x00, 0x00, 0x00, 0x00, 0x00, 0x00, 0x00, 0x00, 0xcf, 0xff, 0xfe, 	//%@@@@@+.....................@@@@@@
0xbf, 0xff, 0xff, 0x20, 0x00, 0x00, 0x00, 0x00, 0x00, 0x00, 0x00, 0x00, 0x00, 0x00, 0xcf, 0xff, 0xfe, 	//%@@@@@+.....................@@@@@@
0xbf, 0xff, 0xff, 0x20, 0x00, 0x00, 0x00, 0x00, 0x00, 0x00, 0x00, 0x00, 0x00, 0x00, 0xcf, 0xff, 0xfe, 	//%@@@@@+.....................@@@@@@
0xbf, 0xff, 0xff, 0x20, 0x00, 0x00, 0x00, 0x00, 0x00, 0x00, 0x00, 0x00, 0x00, 0x00, 0xcf, 0xff, 0xfe, 	//%@@@@@+.....................@@@@@@
0xaf, 0xff, 0xff, 0x20, 0x00, 0x00, 0x00, 0x00, 0x00, 0x00, 0x00, 0x00, 0x00, 0x00, 0xcf, 0xff, 0xfd, 	//%@@@@@+.....................@@@@@@
0x9f, 0xff, 0xff, 0x30, 0x00, 0x00, 0x00, 0x00, 0x00, 0x00, 0x00, 0x00, 0x00, 0x00, 0xdf, 0xff, 0xfc, 	//%@@@@@+.....................@@@@@@
0x8f, 0xff, 0xff, 0x40, 0x00, 0x00, 0x00, 0x00, 0x00, 0x00, 0x00, 0x00, 0x00, 0x00, 0xef, 0xff, 0xfb, 	//*@@@@@+.....................@@@@@%
0x7f, 0xff, 0xff, 0x50, 0x00, 0x00, 0x00, 0x00, 0x00, 0x00, 0x00, 0x00, 0x00, 0x00, 0xff, 0xff, 0xfa, 	//*@@@@@+.....................@@@@@%
0x6f, 0xff, 0xff, 0x80, 0x00, 0x00, 0x00, 0x00, 0x00, 0x00, 0x00, 0x00, 0x00, 0x02, 0xff, 0xff, 0xf9, 	//*@@@@@*....................+@@@@@%
0x4f, 0xff, 0xff, 0xb0, 0x00, 0x00, 0x00, 0x00, 0x00, 0x00, 0x00, 0x00, 0x00, 0x05, 0xff, 0xff, 0xf7, 	//+@@@@@%....................+@@@@@*
0x1f, 0xff, 0xff, 0xe0, 0x00, 0x00, 0x00, 0x00, 0x00, 0x00, 0x00, 0x00, 0x00, 0x08, 0xff, 0xff, 0xf3, 	//+@@@@@@....................*@@@@@+
0x0d, 0xff, 0xff, 0xf3, 0x00, 0x00, 0x00, 0x00, 0x00, 0x00, 0x00, 0x00, 0x00, 0x0d, 0xff, 0xff, 0xf0, 	//.@@@@@@+...................@@@@@@.
0x0a, 0xff, 0xff, 0xf9, 0x00, 0x00, 0x00, 0x00, 0x00, 0x00, 0x00, 0x00, 0x00, 0x3f, 0xff, 0xff, 0xc0, 	//.%@@@@@%..................+@@@@@@.
0x05, 0xff, 0xff, 0xfe, 0x00, 0x00, 0x00, 0x00, 0x00, 0x00, 0x00, 0x00, 0x00, 0xaf, 0xff, 0xff, 0x80, 	//.+@@@@@@..................%@@@@@*.
0x00, 0xef, 0xff, 0xff, 0x90, 0x00, 0x00, 0x00, 0x00, 0x00, 0x00, 0x00, 0x04, 0xff, 0xff, 0xff, 0x20, 	//..@@@@@@%................+@@@@@@+.
0x00, 0x8f, 0xff, 0xff, 0xf4, 0x00, 0x00, 0x00, 0x00, 0x00, 0x00, 0x00, 0x1e, 0xff, 0xff, 0xfa, 0x00, 	//..*@@@@@@+..............+@@@@@@%..
0x00, 0x1f, 0xff, 0xff, 0xff, 0x50, 0x00, 0x00, 0x00, 0x00, 0x00, 0x02, 0xdf, 0xff, 0xff, 0xf3, 0x00, 	//..+@@@@@@@+............+@@@@@@@+..
0x00, 0x06, 0xff, 0xff, 0xff, 0xf9, 0x10, 0x00, 0x00, 0x00, 0x00, 0x7e, 0xff, 0xff, 0xff, 0x90, 0x00, 	//...*@@@@@@@%+.........*@@@@@@@%...
0x00, 0x00, 0xbf, 0xff, 0xff, 0xff, 0xfb, 0x74, 0x33, 0x46, 0xae, 0xff, 0xff, 0xff, 0xfd, 0x00, 0x00, 	//....%@@@@@@@@%*++++*%@@@@@@@@@....
0x00, 0x00, 0x1d, 0xff, 0xff, 0xff, 0xff, 0xff, 0xff, 0xff, 0xff, 0xff, 0xff, 0xff, 0xe2, 0x00, 0x00, 	//....+@@@@@@@@@@@@@@@@@@@@@@@@+....
0x00, 0x00, 0x00, 0xbf, 0xff, 0xff, 0xff, 0xff, 0xff, 0xff, 0xff, 0xff, 0xff, 0xfc, 0x10, 0x00, 0x00, 	//......%@@@@@@@@@@@@@@@@@@@@@+.....
0x00, 0x00, 0x00, 0x08, 0xff, 0xff, 0xff, 0xff, 0xff, 0xff, 0xff, 0xff, 0xff, 0x90, 0x00, 0x00, 0x00, 	//.......*@@@@@@@@@@@@@@@@@@%.......
0x00, 0x00, 0x00, 0x00, 0x18, 0xff, 0xff, 0xff, 0xff, 0xff, 0xff, 0xff, 0x92, 0x00, 0x00, 0x00, 0x00, 	//........+*@@@@@@@@@@@@@@%+........
0x00, 0x00, 0x00, 0x00, 0x00, 0x03, 0x7b, 0xde, 0xff, 0xed, 0xb8, 0x40, 0x00, 0x00, 0x00, 0x00, 0x00, 	//...........+*%@@@@@@%*+...........


/* V */
0xcf, 0xff, 0xff, 0x60, 0x00, 0x00, 0x00, 0x00, 0x00, 0x00, 0x00, 0x00, 0x00, 0x00, 0x00, 0x5f, 0xff, 0xff, 0xa0, 	//@@@@@@*.......................+@@@@@%.
0x7f, 0xff, 0xff, 0xb0, 0x00, 0x00, 0x00, 0x00, 0x00, 0x00, 0x00, 0x00, 0x00, 0x00, 0x00, 0xaf, 0xff, 0xff, 0x50, 	//*@@@@@%.......................%@@@@@+.
0x2f, 0xff, 0xff, 0xf0, 0x00, 0x00, 0x00, 0x00, 0x00, 0x00, 0x00, 0x00, 0x00, 0x00, 0x00, 0xff, 0xff, 0xff, 0x00, 	//+@@@@@@.......................@@@@@@..
0x0d, 0xff, 0xff, 0xf4, 0x00, 0x00, 0x00, 0x00, 0x00, 0x00, 0x00, 0x00, 0x00, 0x00, 0x04, 0xff, 0xff, 0xfa, 0x00, 	//.@@@@@@+.....................+@@@@@%..
0x08, 0xff, 0xff, 0xf9, 0x00, 0x00, 0x00, 0x00, 0x00, 0x00, 0x00, 0x00, 0x00, 0x00, 0x08, 0xff, 0xff, 0xf5, 0x00, 	//.*@@@@@%.....................*@@@@@+..
0x02, 0xff, 0xff, 0xfe, 0x00, 0x00, 0x00, 0x00, 0x00, 0x00, 0x00, 0x00, 0x00, 0x00, 0x0d, 0xff, 0xff, 0xf1, 0x00, 	//.+@@@@@@.....................@@@@@@+..
0x00, 0xdf, 0xff, 0xff, 0x30, 0x00, 0x00, 0x00, 0x00, 0x00, 0x00, 0x00, 0x00, 0x00, 0x2f, 0xff, 0xff, 0xb0, 0x00, 	//..@@@@@@+...................+@@@@@%...
0x00, 0x8f, 0xff, 0xff, 0x80, 0x00, 0x00, 0x00, 0x00, 0x00, 0x00, 0x00, 0x00, 0x00, 0x7f, 0xff, 0xff, 0x60, 0x00, 	//..*@@@@@*...................*@@@@@*...
0x00, 0x3f, 0xff, 0xff, 0xc0, 0x00, 0x00, 0x00, 0x00, 0x00, 0x00, 0x00, 0x00, 0x00, 0xbf, 0xff, 0xff, 0x10, 0x00, 	//..+@@@@@@...................%@@@@@+...
0x00, 0x0e, 0xff, 0xff, 0xf1, 0x00, 0x00, 0x00, 0x00, 0x00, 0x00, 0x00, 0x00, 0x00, 0xff, 0xff, 0xfc, 0x00, 0x00, 	//...@@@@@@+..................@@@@@@....
0x00, 0x09, 0xff, 0xff, 0xf6, 0x00, 0x00, 0x00, 0x00, 0x00, 0x00, 0x00, 0x00, 0x05, 0xff, 0xff, 0xf7, 0x00, 0x00, 	//...%@@@@@*.................+@@@@@*....
0x00, 0x04, 0xff, 0xff, 0xfb, 0x00, 0x00, 0x00, 0x00, 0x00, 0x00, 0x00, 0x00, 0x0a, 0xff, 0xff, 0xf2, 0x00, 0x00, 	//...+@@@@@%.................%@@@@@+....
0x00, 0x00, 0xef, 0xff, 0xff, 0x00, 0x00, 0x00, 0x00, 0x00, 0x00, 0x00, 0x00, 0x0e, 0xff, 0xff, 0xd0, 0x00, 0x00, 	//....@@@@@@.................@@@@@@.....
0x00, 0x00, 0xaf, 0xff, 0xff, 0x40, 0x00, 0x00, 0x00, 0x00, 0x00, 0x00, 0x00, 0x3f, 0xff, 0xff, 0x80, 0x00, 0x00, 	//....%@@@@@+...............+@@@@@*.....
0x00, 0x00, 0x5f, 0xff, 0xff, 0x90, 0x00, 0x00, 0x00, 0x00, 0x00, 0x00, 0x00, 0x8f, 0xff, 0xff, 0x30, 0x00, 0x00, 	//....+@@@@@%...............*@@@@@+.....
0x00, 0x00, 0x0f, 0xff, 0xff, 0xe0, 0x00, 0x00, 0x00, 0x00, 0x00, 0x00, 0x00, 0xdf, 0xff, 0xfd, 0x00, 0x00, 0x00, 	//.....@@@@@@...............@@@@@@......
0x00, 0x00, 0x0a, 0xff, 0xff, 0xf3, 0x00, 0x00, 0x00, 0x00, 0x00, 0x00, 0x01, 0xff, 0xff, 0xf8, 0x00, 0x00, 0x00, 	//.....%@@@@@+.............+@@@@@*......
0x00, 0x00, 0x05, 0xff, 0xff, 0xf7, 0x00, 0x00, 0x00, 0x00, 0x00, 0x00, 0x06, 0xff, 0xff, 0xf3, 0x00, 0x00, 0x00, 	//.....+@@@@@*.............*@@@@@+......
0x00, 0x00, 0x01, 0xff, 0xff, 0xfc, 0x00, 0x00, 0x00, 0x00, 0x00, 0x00, 0x0b, 0xff, 0xff, 0xe0, 0x00, 0x00, 0x00, 	//.....+@@@@@@.............%@@@@@.......
0x00, 0x00, 0x00, 0xbf, 0xff, 0xff, 0x10, 0x00, 0x00, 0x00, 0x00, 0x00, 0x0f, 0xff, 0xff, 0x90, 0x00, 0x00, 0x00, 	//......%@@@@@+............@@@@@%.......
0x00, 0x00, 0x00, 0x6f, 0xff, 0xff, 0x60, 0x00, 0x00, 0x00, 0x00, 0x00, 0x4f, 0xff, 0xff, 0x40, 0x00, 0x00, 0x00, 	//......*@@@@@*...........+@@@@@+.......
0x00, 0x00, 0x00, 0x1f, 0xff, 0xff, 0xa0, 0x00, 0x00, 0x00, 0x00, 0x00, 0x9f, 0xff, 0xff, 0x00, 0x00, 0x00, 0x00, 	//......+@@@@@%...........%@@@@@........
0x00, 0x00, 0x00, 0x0c, 0xff, 0xff, 0xf0, 0x00, 0x00, 0x00, 0x00, 0x00, 0xef, 0xff, 0xfa, 0x00, 0x00, 0x00, 0x00, 	//.......@@@@@@...........@@@@@%........
0x00, 0x00, 0x00, 0x07, 0xff, 0xff, 0xf4, 0x00, 0x00, 0x00, 0x00, 0x03, 0xff, 0xff, 0xf5, 0x00, 0x00, 0x00, 0x00, 	//.......*@@@@@+.........+@@@@@+........
0x00, 0x00, 0x00, 0x02, 0xff, 0xff, 0xf9, 0x00, 0x00, 0x00, 0x00, 0x07, 0xff, 0xff, 0xf0, 0x00, 0x00, 0x00, 0x00, 	//.......+@@@@@%.........*@@@@@.........
0x00, 0x00, 0x00, 0x00, 0xdf, 0xff, 0xfe, 0x00, 0x00, 0x00, 0x00, 0x0c, 0xff, 0xff, 0xb0, 0x00, 0x00, 0x00, 0x00, 	//........@@@@@@.........@@@@@%.........
0x00, 0x00, 0x00, 0x00, 0x7f, 0xff, 0xff, 0x20, 0x00, 0x00, 0x00, 0x1f, 0xff, 0xff, 0x60, 0x00, 0x00, 0x00, 0x00, 	//........*@@@@@+.......+@@@@@*.........
0x00, 0x00, 0x00, 0x00, 0x2f, 0xff, 0xff, 0x70, 0x00, 0x00, 0x00, 0x5f, 0xff, 0xff, 0x10, 0x00, 0x00, 0x00, 0x00, 	//........+@@@@@*.......+@@@@@+.........
0x00, 0x00, 0x00, 0x00, 0x0d, 0xff, 0xff, 0xb0, 0x00, 0x00, 0x00, 0xaf, 0xff, 0xfb, 0x00, 0x00, 0x00, 0x00, 0x00, 	//.........@@@@@%.......%@@@@%..........
0x00, 0x00, 0x00, 0x00, 0x08, 0xff, 0xff, 0xf0, 0x00, 0x00, 0x00, 0xef, 0xff, 0xf6, 0x00, 0x00, 0x00, 0x00, 0x00, 	//.........*@@@@@.......@@@@@*..........
0x00, 0x00, 0x00, 0x00, 0x03, 0xff, 0xff, 0xf5, 0x00, 0x00, 0x03, 0xff, 0xff, 0xf1, 0x00, 0x00, 0x00, 0x00, 0x00, 	//.........+@@@@@+.....+@@@@@+..........
0x00, 0x00, 0x00, 0x00, 0x00, 0xef, 0xff, 0xf9, 0x00, 0x00, 0x07, 0xff, 0xff, 0xc0, 0x00, 0x00, 0x00, 0x00, 0x00, 	//..........@@@@@%.....*@@@@@...........
0x00, 0x00, 0x00, 0x00, 0x00, 0x9f, 0xff, 0xfe, 0x00, 0x00, 0x0c, 0xff, 0xff, 0x70, 0x00, 0x00, 0x00, 0x00, 0x00, 	//..........%@@@@@.....@@@@@*...........
0x00, 0x00, 0x00, 0x00, 0x00, 0x4f, 0xff, 0xff, 0x20, 0x00, 0x1f, 0xff, 0xff, 0x20, 0x00, 0x00, 0x00, 0x00, 0x00, 	//..........+@@@@@+...+@@@@@+...........
0x00, 0x00, 0x00, 0x00, 0x00, 0x0e, 0xff, 0xff, 0x70, 0x00, 0x5f, 0xff, 0xfd, 0x00, 0x00, 0x00, 0x00, 0x00, 0x00, 	//...........@@@@@*...+@@@@@............
0x00, 0x00, 0x00, 0x00, 0x00, 0x0a, 0xff, 0xff, 0xc0, 0x00, 0xaf, 0xff, 0xf8, 0x00, 0x00, 0x00, 0x00, 0x00, 0x00, 	//...........%@@@@@...%@@@@*............
0x00, 0x00, 0x00, 0x00, 0x00, 0x05, 0xff, 0xff, 0xf1, 0x00, 0xef, 0xff, 0xf3, 0x00, 0x00, 0x00, 0x00, 0x00, 0x00, 	//...........+@@@@@+..@@@@@+............
0x00, 0x00, 0x00, 0x00, 0x00, 0x00, 0xff, 0xff, 0xf5, 0x03, 0xff, 0xff, 0xe0, 0x00, 0x00, 0x00, 0x00, 0x00, 0x00, 	//............@@@@@+.+@@@@@.............
0x00, 0x00, 0x00, 0x00, 0x00, 0x00, 0xaf, 0xff, 0xfa, 0x08, 0xff, 0xff, 0x90, 0x00, 0x00, 0x00, 0x00, 0x00, 0x00, 	//............%@@@@%.*@@@@%.............
0x00, 0x00, 0x00, 0x00, 0x00, 0x00, 0x5f, 0xff, 0xff, 0x0d, 0xff, 0xff, 0x40, 0x00, 0x00, 0x00, 0x00, 0x00, 0x00, 	//............+@@@@@.@@@@@+.............
0x00, 0x00, 0x00, 0x00, 0x00, 0x00, 0x0f, 0xff, 0xff, 0x7f, 0xff, 0xfe, 0x00, 0x00, 0x00, 0x00, 0x00, 0x00, 0x00, 	//.............@@@@@*@@@@@..............
0x00, 0x00, 0x00, 0x00, 0x00, 0x00, 0x0b, 0xff, 0xff, 0xff, 0xff, 0xf9, 0x00, 0x00, 0x00, 0x00, 0x00, 0x00, 0x00, 	//.............%@@@@@@@@@%..............
0x00, 0x00, 0x00, 0x00, 0x00, 0x00, 0x06, 0xff, 0xff, 0xff, 0xff, 0xf4, 0x00, 0x00, 0x00, 0x00, 0x00, 0x00, 0x00, 	//.............*@@@@@@@@@+..............
0x00, 0x00, 0x00, 0x00, 0x00, 0x00, 0x01, 0xff, 0xff, 0xff, 0xff, 0xf0, 0x00, 0x00, 0x00, 0x00, 0x00, 0x00, 0x00, 	//.............+@@@@@@@@@...............
0x00, 0x00, 0x00, 0x00, 0x00, 0x00, 0x00, 0xcf, 0xff, 0xff, 0xff, 0xa0, 0x00, 0x00, 0x00, 0x00, 0x00, 0x00, 0x00, 	//..............@@@@@@@@%...............
0x00, 0x00, 0x00, 0x00, 0x00, 0x00, 0x00, 0x7f, 0xff, 0xff, 0xff, 0x50, 0x00, 0x00, 0x00, 0x00, 0x00, 0x00, 0x00, 	//..............*@@@@@@@+...............
0x00, 0x00, 0x00, 0x00, 0x00, 0x00, 0x00, 0x2f, 0xff, 0xff, 0xff, 0x00, 0x00, 0x00, 0x00, 0x00, 0x00, 0x00, 0x00, 	//..............+@@@@@@@................


/* W */
0x3f, 0xff, 0xff, 0xd0, 0x00, 0x00, 0x00, 0x00, 0x00, 0x00, 0x00, 0x00, 0x9f, 0xff, 0xff, 0x10, 0x00, 0x00, 0x00, 0x00, 0x00, 0x00, 0x00, 0x04, 0xff, 0xff, 0xf5, 	//+@@@@@@.................%@@@@@+................+@@@@@+
0x0f, 0xff, 0xff, 0xf0, 0x00, 0x00, 0x00, 0x00, 0x00, 0x00, 0x00, 0x00, 0xdf, 0xff, 0xff, 0x50, 0x00, 0x00, 0x00, 0x00, 0x00, 0x00, 0x00, 0x07, 0xff, 0xff, 0xf2, 	//.@@@@@@.................@@@@@@+................*@@@@@+
0x0d, 0xff, 0xff, 0xf3, 0x00, 0x00, 0x00, 0x00, 0x00, 0x00, 0x00, 0x01, 0xff, 0xff, 0xff, 0x90, 0x00, 0x00, 0x00, 0x00, 0x00, 0x00, 0x00, 0x0a, 0xff, 0xff, 0xe0, 	//.@@@@@@+...............+@@@@@@%................%@@@@@.
0x09, 0xff, 0xff, 0xf6, 0x00, 0x00, 0x00, 0x00, 0x00, 0x00, 0x00, 0x05, 0xff, 0xff, 0xff, 0xd0, 0x00, 0x00, 0x00, 0x00, 0x00, 0x00, 0x00, 0x0d, 0xff, 0xff, 0xb0, 	//.%@@@@@*...............+@@@@@@@................@@@@@%.
0x06, 0xff, 0xff, 0xf9, 0x00, 0x00, 0x00, 0x00, 0x00, 0x00, 0x00, 0x09, 0xff, 0xff, 0xff, 0xf1, 0x00, 0x00, 0x00, 0x00, 0x00, 0x00, 0x00, 0x1f, 0xff, 0xff, 0x80, 	//.*@@@@@%...............%@@@@@@@+..............+@@@@@*.
0x02, 0xff, 0xff, 0xfc, 0x00, 0x00, 0x00, 0x00, 0x00, 0x00, 0x00, 0x0d, 0xff, 0xff, 0xff, 0xf5, 0x00, 0x00, 0x00, 0x00, 0x00, 0x00, 0x00, 0x4f, 0xff, 0xff, 0x50, 	//.+@@@@@@...............@@@@@@@@+..............+@@@@@+.
0x00, 0xff, 0xff, 0xff, 0x00, 0x00, 0x00, 0x00, 0x00, 0x00, 0x00, 0x1f, 0xff, 0xff, 0xff, 0xf9, 0x00, 0x00, 0x00, 0x00, 0x00, 0x00, 0x00, 0x7f, 0xff, 0xff, 0x10, 	//..@@@@@@..............+@@@@@@@@%..............*@@@@@+.
0x00, 0xcf, 0xff, 0xff, 0x20, 0x00, 0x00, 0x00, 0x00, 0x00, 0x00, 0x5f, 0xff, 0xff, 0xff, 0xfe, 0x00, 0x00, 0x00, 0x00, 0x00, 0x00, 0x00, 0xaf, 0xff, 0xfe, 0x00, 	//..@@@@@@+.............+@@@@@@@@@..............%@@@@@..
0x00, 0x8f, 0xff, 0xff, 0x50, 0x00, 0x00, 0x00, 0x00, 0x00, 0x00, 0x9f, 0xff, 0xda, 0xff, 0xff, 0x20, 0x00, 0x00, 0x00, 0x00, 0x00, 0x00, 0xdf, 0xff, 0xfb, 0x00, 	//..*@@@@@+.............%@@@@%@@@@+.............@@@@@%..
0x00, 0x5f, 0xff, 0xff, 0x80, 0x00, 0x00, 0x00, 0x00, 0x00, 0x00, 0xdf, 0xff, 0x97, 0xff, 0xff, 0x60, 0x00, 0x00, 0x00, 0x00, 0x00, 0x00, 0xff, 0xff, 0xf7, 0x00, 	//..+@@@@@*.............@@@@%*@@@@*.............@@@@@*..
0x00, 0x2f, 0xff, 0xff, 0xc0, 0x00, 0x00, 0x00, 0x00, 0x00, 0x01, 0xff, 0xff, 0x63, 0xff, 0xff, 0xa0, 0x00, 0x00, 0x00, 0x00, 0x00, 0x04, 0xff, 0xff, 0xf4, 0x00, 	//..+@@@@@@............+@@@@*+@@@@%............+@@@@@+..
0x00, 0x0e, 0xff, 0xff, 0xf0, 0x00, 0x00, 0x00, 0x00, 0x00, 0x06, 0xff, 0xff, 0x20, 0xff, 0xff, 0xe0, 0x00, 0x00, 0x00, 0x00, 0x00, 0x07, 0xff, 0xff, 0xf1, 0x00, 	//...@@@@@@............*@@@@+.@@@@@............*@@@@@+..
0x00, 0x0b, 0xff, 0xff, 0xf2, 0x00, 0x00, 0x00, 0x00, 0x00, 0x0a, 0xff, 0xff, 0x00, 0xcf, 0xff, 0xf2, 0x00, 0x00, 0x00, 0x00, 0x00, 0x0a, 0xff, 0xff, 0xe0, 0x00, 	//...%@@@@@+...........%@@@@..@@@@@+...........%@@@@@...
0x00, 0x07, 0xff, 0xff, 0xf5, 0x00, 0x00, 0x00, 0x00, 0x00, 0x0e, 0xff, 0xfb, 0x00, 0x9f, 0xff, 0xf6, 0x00, 0x00, 0x00, 0x00, 0x00, 0x0d, 0xff, 0xff, 0xa0, 0x00, 	//...*@@@@@+...........@@@@%..%@@@@*...........@@@@@%...
0x00, 0x04, 0xff, 0xff, 0xf8, 0x00, 0x00, 0x00, 0x00, 0x00, 0x2f, 0xff, 0xf8, 0x00, 0x6f, 0xff, 0xfa, 0x00, 0x00, 0x00, 0x00, 0x00, 0x0f, 0xff, 0xff, 0x70, 0x00, 	//...+@@@@@*..........+@@@@*..*@@@@%...........@@@@@*...
0x00, 0x01, 0xff, 0xff, 0xfb, 0x00, 0x00, 0x00, 0x00, 0x00, 0x6f, 0xff, 0xf4, 0x00, 0x2f, 0xff, 0xfe, 0x00, 0x00, 0x00, 0x00, 0x00, 0x3f, 0xff, 0xff, 0x40, 0x00, 	//...+@@@@@%..........*@@@@+..+@@@@@..........+@@@@@+...
0x00, 0x00, 0xdf, 0xff, 0xfe, 0x00, 0x00, 0x00, 0x00, 0x00, 0xaf, 0xff, 0xf1, 0x00, 0x0f, 0xff, 0xff, 0x20, 0x00, 0x00, 0x00, 0x00, 0x6f, 0xff, 0xff, 0x10, 0x00, 	//....@@@@@@..........%@@@@+...@@@@@+.........*@@@@@+...
0x00, 0x00, 0xaf, 0xff, 0xff, 0x10, 0x00, 0x00, 0x00, 0x00, 0xef, 0xff, 0xd0, 0x00, 0x0b, 0xff, 0xff, 0x60, 0x00, 0x00, 0x00, 0x00, 0xaf, 0xff, 0xfd, 0x00, 0x00, 	//....%@@@@@+.........@@@@@....%@@@@*.........%@@@@@....
0x00, 0x00, 0x7f, 0xff, 0xff, 0x40, 0x00, 0x00, 0x00, 0x02, 0xff, 0xff, 0xa0, 0x00, 0x08, 0xff, 0xff, 0xa0, 0x00, 0x00, 0x00, 0x00, 0xdf, 0xff, 0xfa, 0x00, 0x00, 	//....*@@@@@+........+@@@@%....*@@@@%.........@@@@@%....
0x00, 0x00, 0x3f, 0xff, 0xff, 0x70, 0x00, 0x00, 0x00, 0x06, 0xff, 0xff, 0x60, 0x00, 0x04, 0xff, 0xff, 0xe0, 0x00, 0x00, 0x00, 0x00, 0xff, 0xff, 0xf7, 0x00, 0x00, 	//....+@@@@@*........*@@@@*....+@@@@@.........@@@@@*....
0x00, 0x00, 0x0f, 0xff, 0xff, 0xa0, 0x00, 0x00, 0x00, 0x0a, 0xff, 0xff, 0x20, 0x00, 0x00, 0xff, 0xff, 0xf3, 0x00, 0x00, 0x00, 0x03, 0xff, 0xff, 0xf3, 0x00, 0x00, 	//.....@@@@@%........%@@@@+.....@@@@@+.......+@@@@@+....
0x00, 0x00, 0x0c, 0xff, 0xff, 0xd0, 0x00, 0x00, 0x00, 0x0e, 0xff, 0xfe, 0x00, 0x00, 0x00, 0xcf, 0xff, 0xf7, 0x00, 0x00, 0x00, 0x06, 0xff, 0xff, 0xf0, 0x00, 0x00, 	//.....@@@@@@........@@@@@......@@@@@*.......*@@@@@.....
0x00, 0x00, 0x09, 0xff, 0xff, 0xf1, 0x00, 0x00, 0x00, 0x2f, 0xff, 0xfa, 0x00, 0x00, 0x00, 0x8f, 0xff, 0xfb, 0x00, 0x00, 0x00, 0x09, 0xff, 0xff, 0xd0, 0x00, 0x00, 	//.....%@@@@@+......+@@@@%......*@@@@%.......%@@@@@.....
0x00, 0x00, 0x06, 0xff, 0xff, 0xf4, 0x00, 0x00, 0x00, 0x6f, 0xff, 0xf6, 0x00, 0x00, 0x00, 0x4f, 0xff, 0xff, 0x00, 0x00, 0x00, 0x0d, 0xff, 0xff, 0x90, 0x00, 0x00, 	//.....*@@@@@+......*@@@@*......+@@@@@.......@@@@@%.....
0x00, 0x00, 0x02, 0xff, 0xff, 0xf7, 0x00, 0x00, 0x00, 0xaf, 0xff, 0xf2, 0x00, 0x00, 0x00, 0x0f, 0xff, 0xff, 0x30, 0x00, 0x00, 0x0f, 0xff, 0xff, 0x60, 0x00, 0x00, 	//.....+@@@@@*......%@@@@+.......@@@@@+......@@@@@*.....
0x00, 0x00, 0x00, 0xff, 0xff, 0xfa, 0x00, 0x00, 0x00, 0xef, 0xff, 0xe0, 0x00, 0x00, 0x00, 0x0c, 0xff, 0xff, 0x70, 0x00, 0x00, 0x3f, 0xff, 0xff, 0x30, 0x00, 0x00, 	//......@@@@@%......@@@@@........@@@@@*.....+@@@@@+.....
0x00, 0x00, 0x00, 0xbf, 0xff, 0xfd, 0x00, 0x00, 0x02, 0xff, 0xff, 0xa0, 0x00, 0x00, 0x00, 0x08, 0xff, 0xff, 0xb0, 0x00, 0x00, 0x6f, 0xff, 0xff, 0x00, 0x00, 0x00, 	//......%@@@@@.....+@@@@%........*@@@@%.....*@@@@@......
0x00, 0x00, 0x00, 0x8f, 0xff, 0xff, 0x00, 0x00, 0x05, 0xff, 0xff, 0x60, 0x00, 0x00, 0x00, 0x04, 0xff, 0xff, 0xe0, 0x00, 0x00, 0x8f, 0xff, 0xfc, 0x00, 0x00, 0x00, 	//......*@@@@@.....+@@@@*........+@@@@@.....*@@@@@......
0x00, 0x00, 0x00, 0x5f, 0xff, 0xff, 0x30, 0x00, 0x09, 0xff, 0xff, 0x20, 0x00, 0x00, 0x00, 0x00, 0xff, 0xff, 0xf2, 0x00, 0x00, 0xbf, 0xff, 0xf9, 0x00, 0x00, 0x00, 	//......+@@@@@+....%@@@@+.........@@@@@+....%@@@@%......
0x00, 0x00, 0x00, 0x1f, 0xff, 0xff, 0x60, 0x00, 0x0c, 0xff, 0xfe, 0x00, 0x00, 0x00, 0x00, 0x00, 0xcf, 0xff, 0xf5, 0x00, 0x00, 0xef, 0xff, 0xf6, 0x00, 0x00, 0x00, 	//......+@@@@@*....@@@@@..........@@@@@+....@@@@@*......
0x00, 0x00, 0x00, 0x0e, 0xff, 0xff, 0x80, 0x00, 0x0f, 0xff, 0xfa, 0x00, 0x00, 0x00, 0x00, 0x00, 0x8f, 0xff, 0xf9, 0x00, 0x00, 0xff, 0xff, 0xf2, 0x00, 0x00, 0x00, 	//.......@@@@@*....@@@@%..........*@@@@%....@@@@@+......
0x00, 0x00, 0x00, 0x0b, 0xff, 0xff, 0xb0, 0x00, 0x3f, 0xff, 0xf6, 0x00, 0x00, 0x00, 0x00, 0x00, 0x4f, 0xff, 0xfc, 0x00, 0x03, 0xff, 0xff, 0xf0, 0x00, 0x00, 0x00, 	//.......%@@@@%...+@@@@*..........+@@@@@...+@@@@@.......
0x00, 0x00, 0x00, 0x07, 0xff, 0xff, 0xe0, 0x00, 0x7f, 0xff, 0xf2, 0x00, 0x00, 0x00, 0x00, 0x00, 0x0f, 0xff, 0xff, 0x00, 0x06, 0xff, 0xff, 0xc0, 0x00, 0x00, 0x00, 	//.......*@@@@@...*@@@@+...........@@@@@...*@@@@@.......
0x00, 0x00, 0x00, 0x04, 0xff, 0xff, 0xf1, 0x00, 0xaf, 0xff, 0xe0, 0x00, 0x00, 0x00, 0x00, 0x00, 0x0c, 0xff, 0xff, 0x30, 0x09, 0xff, 0xff, 0x80, 0x00, 0x00, 0x00, 	//.......+@@@@@+..%@@@@............@@@@@+..%@@@@*.......
0x00, 0x00, 0x00, 0x01, 0xff, 0xff, 0xf4, 0x00, 0xef, 0xff, 0xb0, 0x00, 0x00, 0x00, 0x00, 0x00, 0x08, 0xff, 0xff, 0x70, 0x0b, 0xff, 0xff, 0x50, 0x00, 0x00, 0x00, 	//.......+@@@@@+..@@@@%............*@@@@*..%@@@@+.......
0x00, 0x00, 0x00, 0x00, 0xdf, 0xff, 0xf7, 0x01, 0xff, 0xff, 0x70, 0x00, 0x00, 0x00, 0x00, 0x00, 0x04, 0xff, 0xff, 0xa0, 0x0e, 0xff, 0xff, 0x20, 0x00, 0x00, 0x00, 	//........@@@@@*.+@@@@*............+@@@@%..@@@@@+.......
0x00, 0x00, 0x00, 0x00, 0xaf, 0xff, 0xfa, 0x05, 0xff, 0xff, 0x30, 0x00, 0x00, 0x00, 0x00, 0x00, 0x00, 0xff, 0xff, 0xd0, 0x1f, 0xff, 0xfe, 0x00, 0x00, 0x00, 0x00, 	//........%@@@@%.+@@@@+.............@@@@@.+@@@@@........
0x00, 0x00, 0x00, 0x00, 0x6f, 0xff, 0xfd, 0x08, 0xff, 0xff, 0x00, 0x00, 0x00, 0x00, 0x00, 0x00, 0x00, 0xcf, 0xff, 0xf1, 0x3f, 0xff, 0xfb, 0x00, 0x00, 0x00, 0x00, 	//........*@@@@@.*@@@@..............@@@@@++@@@@%........
0x00, 0x00, 0x00, 0x00, 0x3f, 0xff, 0xff, 0x0c, 0xff, 0xfb, 0x00, 0x00, 0x00, 0x00, 0x00, 0x00, 0x00, 0x8f, 0xff, 0xf4, 0x6f, 0xff, 0xf8, 0x00, 0x00, 0x00, 0x00, 	//........+@@@@@.@@@@%..............*@@@@+*@@@@*........
0x00, 0x00, 0x00, 0x00, 0x0f, 0xff, 0xff, 0x3f, 0xff, 0xf7, 0x00, 0x00, 0x00, 0x00, 0x00, 0x00, 0x00, 0x4f, 0xff, 0xf8, 0x9f, 0xff, 0xf5, 0x00, 0x00, 0x00, 0x00, 	//.........@@@@@+@@@@*..............+@@@@*%@@@@+........
0x00, 0x00, 0x00, 0x00, 0x0c, 0xff, 0xff, 0xaf, 0xff, 0xf3, 0x00, 0x00, 0x00, 0x00, 0x00, 0x00, 0x00, 0x0f, 0xff, 0xfc, 0xcf, 0xff, 0xf1, 0x00, 0x00, 0x00, 0x00, 	//.........@@@@@%@@@@+...............@@@@@@@@@@+........
0x00, 0x00, 0x00, 0x00, 0x09, 0xff, 0xff, 0xff, 0xff, 0xf0, 0x00, 0x00, 0x00, 0x00, 0x00, 0x00, 0x00, 0x0c, 0xff, 0xff, 0xff, 0xff, 0xe0, 0x00, 0x00, 0x00, 0x00, 	//.........%@@@@@@@@@................@@@@@@@@@@.........
0x00, 0x00, 0x00, 0x00, 0x05, 0xff, 0xff, 0xff, 0xff, 0xb0, 0x00, 0x00, 0x00, 0x00, 0x00, 0x00, 0x00, 0x08, 0xff, 0xff, 0xff, 0xff, 0xb0, 0x00, 0x00, 0x00, 0x00, 	//.........+@@@@@@@@%................*@@@@@@@@%.........
0x00, 0x00, 0x00, 0x00, 0x02, 0xff, 0xff, 0xff, 0xff, 0x70, 0x00, 0x00, 0x00, 0x00, 0x00, 0x00, 0x00, 0x04, 0xff, 0xff, 0xff, 0xff, 0x70, 0x00, 0x00, 0x00, 0x00, 	//.........+@@@@@@@@*................+@@@@@@@@*.........
0x00, 0x00, 0x00, 0x00, 0x00, 0xff, 0xff, 0xff, 0xff, 0x30, 0x00, 0x00, 0x00, 0x00, 0x00, 0x00, 0x00, 0x00, 0xff, 0xff, 0xff, 0xff, 0x40, 0x00, 0x00, 0x00, 0x00, 	//..........@@@@@@@@+.................@@@@@@@@+.........
0x00, 0x00, 0x00, 0x00, 0x00, 0xbf, 0xff, 0xff, 0xff, 0x00, 0x00, 0x00, 0x00, 0x00, 0x00, 0x00, 0x00, 0x00, 0xcf, 0xff, 0xff, 0xff, 0x10, 0x00, 0x00, 0x00, 0x00, 	//..........%@@@@@@@..................@@@@@@@@+.........
0x00, 0x00, 0x00, 0x00, 0x00, 0x8f, 0xff, 0xff, 0xfb, 0x00, 0x00, 0x00, 0x00, 0x00, 0x00, 0x00, 0x00, 0x00, 0x8f, 0xff, 0xff, 0xfe, 0x00, 0x00, 0x00, 0x00, 0x00, 	//..........*@@@@@@%..................*@@@@@@@..........


/* X */
0x0b, 0xff, 0xff, 0xfc, 0x00, 0x00, 0x00, 0x00, 0x00, 0x00, 0x00, 0x00, 0x00, 0x0c, 0xff, 0xff, 0xf6, 0x00, 	//.%@@@@@@...................@@@@@@*..
0x03, 0xff, 0xff, 0xff, 0x40, 0x00, 0x00, 0x00, 0x00, 0x00, 0x00, 0x00, 0x00, 0x5f, 0xff, 0xff, 0xd0, 0x00, 	//.+@@@@@@+.................+@@@@@@...
0x00, 0x9f, 0xff, 0xff, 0xd0, 0x00, 0x00, 0x00, 0x00, 0x00, 0x00, 0x00, 0x00, 0xdf, 0xff, 0xff, 0x40, 0x00, 	//..%@@@@@@.................@@@@@@+...
0x00, 0x1f, 0xff, 0xff, 0xf5, 0x00, 0x00, 0x00, 0x00, 0x00, 0x00, 0x00, 0x05, 0xff, 0xff, 0xfb, 0x00, 0x00, 	//..+@@@@@@+...............+@@@@@%....
0x00, 0x07, 0xff, 0xff, 0xfd, 0x00, 0x00, 0x00, 0x00, 0x00, 0x00, 0x00, 0x0d, 0xff, 0xff, 0xf2, 0x00, 0x00, 	//...*@@@@@@...............@@@@@@+....
0x00, 0x00, 0xef, 0xff, 0xff, 0x60, 0x00, 0x00, 0x00, 0x00, 0x00, 0x00, 0x6f, 0xff, 0xff, 0x90, 0x00, 0x00, 	//....@@@@@@*.............*@@@@@%.....
0x00, 0x00, 0x5f, 0xff, 0xff, 0xe0, 0x00, 0x00, 0x00, 0x00, 0x00, 0x00, 0xef, 0xff, 0xff, 0x10, 0x00, 0x00, 	//....+@@@@@@.............@@@@@@+.....
0x00, 0x00, 0x0c, 0xff, 0xff, 0xf8, 0x00, 0x00, 0x00, 0x00, 0x00, 0x07, 0xff, 0xff, 0xf8, 0x00, 0x00, 0x00, 	//.....@@@@@@*...........*@@@@@*......
0x00, 0x00, 0x03, 0xff, 0xff, 0xff, 0x10, 0x00, 0x00, 0x00, 0x00, 0x0e, 0xff, 0xff, 0xe0, 0x00, 0x00, 0x00, 	//.....+@@@@@@+..........@@@@@@.......
0x00, 0x00, 0x00, 0xaf, 0xff, 0xff, 0x90, 0x00, 0x00, 0x00, 0x00, 0x7f, 0xff, 0xff, 0x60, 0x00, 0x00, 0x00, 	//......%@@@@@%.........*@@@@@*.......
0x00, 0x00, 0x00, 0x2f, 0xff, 0xff, 0xf2, 0x00, 0x00, 0x00, 0x01, 0xff, 0xff, 0xfd, 0x00, 0x00, 0x00, 0x00, 	//......+@@@@@@+.......+@@@@@@........
0x00, 0x00, 0x00, 0x08, 0xff, 0xff, 0xfa, 0x00, 0x00, 0x00, 0x08, 0xff, 0xff, 0xf4, 0x00, 0x00, 0x00, 0x00, 	//.......*@@@@@%.......*@@@@@+........
0x00, 0x00, 0x00, 0x00, 0xef, 0xff, 0xff, 0x20, 0x00, 0x00, 0x1f, 0xff, 0xff, 0xb0, 0x00, 0x00, 0x00, 0x00, 	//........@@@@@@+.....+@@@@@%.........
0x00, 0x00, 0x00, 0x00, 0x6f, 0xff, 0xff, 0xb0, 0x00, 0x00, 0x8f, 0xff, 0xff, 0x20, 0x00, 0x00, 0x00, 0x00, 	//........*@@@@@%.....*@@@@@+.........
0x00, 0x00, 0x00, 0x00, 0x0d, 0xff, 0xff, 0xf3, 0x00, 0x01, 0xff, 0xff, 0xf9, 0x00, 0x00, 0x00, 0x00, 0x00, 	//.........@@@@@@+...+@@@@@%..........
0x00, 0x00, 0x00, 0x00, 0x04, 0xff, 0xff, 0xfc, 0x00, 0x08, 0xff, 0xff, 0xf1, 0x00, 0x00, 0x00, 0x00, 0x00, 	//.........+@@@@@@...*@@@@@+..........
0x00, 0x00, 0x00, 0x00, 0x00, 0xbf, 0xff, 0xff, 0x40, 0x0f, 0xff, 0xff, 0x80, 0x00, 0x00, 0x00, 0x00, 0x00, 	//..........%@@@@@+..@@@@@*...........
0x00, 0x00, 0x00, 0x00, 0x00, 0x2f, 0xff, 0xff, 0xd0, 0x7f, 0xff, 0xfe, 0x00, 0x00, 0x00, 0x00, 0x00, 0x00, 	//..........+@@@@@@.*@@@@@............
0x00, 0x00, 0x00, 0x00, 0x00, 0x09, 0xff, 0xff, 0xf6, 0xef, 0xff, 0xf6, 0x00, 0x00, 0x00, 0x00, 0x00, 0x00, 	//...........%@@@@@*@@@@@*............
0x00, 0x00, 0x00, 0x00, 0x00, 0x01, 0xff, 0xff, 0xff, 0xff, 0xff, 0xd0, 0x00, 0x00, 0x00, 0x00, 0x00, 0x00, 	//...........+@@@@@@@@@@@.............
0x00, 0x00, 0x00, 0x00, 0x00, 0x00, 0x7f, 0xff, 0xff, 0xff, 0xff, 0x40, 0x00, 0x00, 0x00, 0x00, 0x00, 0x00, 	//............*@@@@@@@@@+.............
0x00, 0x00, 0x00, 0x00, 0x00, 0x00, 0x0d, 0xff, 0xff, 0xff, 0xfb, 0x00, 0x00, 0x00, 0x00, 0x00, 0x00, 0x00, 	//.............@@@@@@@@%..............
0x00, 0x00, 0x00, 0x00, 0x00, 0x00, 0x06, 0xff, 0xff, 0xff, 0xf2, 0x00, 0x00, 0x00, 0x00, 0x00, 0x00, 0x00, 	//.............*@@@@@@@+..............
0x00, 0x00, 0x00, 0x00, 0x00, 0x00, 0x0a, 0xff, 0xff, 0xff, 0xf2, 0x00, 0x00, 0x00, 0x00, 0x00, 0x00, 0x00, 	//.............%@@@@@@@+..............
0x00, 0x00, 0x00, 0x00, 0x00, 0x00, 0x3f, 0xff, 0xff, 0xff, 0xfb, 0x00, 0x00, 0x00, 0x00, 0x00, 0x00, 0x00, 	//............+@@@@@@@@%..............
0x00, 0x00, 0x00, 0x00, 0x00, 0x00, 0xcf, 0xff, 0xff, 0xff, 0xff, 0x40, 0x00, 0x00, 0x00, 0x00, 0x00, 0x00, 	//............@@@@@@@@@@+.............
0x00, 0x00, 0x00, 0x00, 0x00, 0x05, 0xff, 0xff, 0xef, 0xff, 0xff, 0xd0, 0x00, 0x00, 0x00, 0x00, 0x00, 0x00, 	//...........+@@@@@@@@@@@.............
0x00, 0x00, 0x00, 0x00, 0x00, 0x0e, 0xff, 0xff, 0x77, 0xff, 0xff, 0xf7, 0x00, 0x00, 0x00, 0x00, 0x00, 0x00, 	//...........@@@@@**@@@@@*............
0x00, 0x00, 0x00, 0x00, 0x00, 0x7f, 0xff, 0xfe, 0x00, 0xef, 0xff, 0xfe, 0x10, 0x00, 0x00, 0x00, 0x00, 0x00, 	//..........*@@@@@..@@@@@@+...........
0x00, 0x00, 0x00, 0x00, 0x01, 0xff, 0xff, 0xf7, 0x00, 0x6f, 0xff, 0xff, 0x90, 0x00, 0x00, 0x00, 0x00, 0x00, 	//.........+@@@@@*..*@@@@@%...........
0x00, 0x00, 0x00, 0x00, 0x09, 0xff, 0xff, 0xe0, 0x00, 0x0d, 0xff, 0xff, 0xf2, 0x00, 0x00, 0x00, 0x00, 0x00, 	//.........%@@@@@....@@@@@@+..........
0x00, 0x00, 0x00, 0x00, 0x3f, 0xff, 0xff, 0x70, 0x00, 0x05, 0xff, 0xff, 0xfb, 0x00, 0x00, 0x00, 0x00, 0x00, 	//........+@@@@@*....+@@@@@%..........
0x00, 0x00, 0x00, 0x00, 0xbf, 0xff, 0xfe, 0x00, 0x00, 0x00, 0xcf, 0xff, 0xff, 0x40, 0x00, 0x00, 0x00, 0x00, 	//........%@@@@@......@@@@@@+.........
0x00, 0x00, 0x00, 0x04, 0xff, 0xff, 0xf7, 0x00, 0x00, 0x00, 0x4f, 0xff, 0xff, 0xd0, 0x00, 0x00, 0x00, 0x00, 	//.......+@@@@@*......+@@@@@@.........
0x00, 0x00, 0x00, 0x0d, 0xff, 0xff, 0xe0, 0x00, 0x00, 0x00, 0x0c, 0xff, 0xff, 0xf7, 0x00, 0x00, 0x00, 0x00, 	//.......@@@@@@........@@@@@@*........
0x00, 0x00, 0x00, 0x6f, 0xff, 0xff, 0x70, 0x00, 0x00, 0x00, 0x03, 0xff, 0xff, 0xff, 0x10, 0x00, 0x00, 0x00, 	//......*@@@@@*........+@@@@@@+.......
0x00, 0x00, 0x01, 0xef, 0xff, 0xfe, 0x00, 0x00, 0x00, 0x00, 0x00, 0xaf, 0xff, 0xff, 0x90, 0x00, 0x00, 0x00, 	//.....+@@@@@@..........%@@@@@%.......
0x00, 0x00, 0x09, 0xff, 0xff, 0xf6, 0x00, 0x00, 0x00, 0x00, 0x00, 0x2f, 0xff, 0xff, 0xf3, 0x00, 0x00, 0x00, 	//.....%@@@@@*..........+@@@@@@+......
0x00, 0x00, 0x2f, 0xff, 0xff, 0xd0, 0x00, 0x00, 0x00, 0x00, 0x00, 0x08, 0xff, 0xff, 0xfc, 0x00, 0x00, 0x00, 	//....+@@@@@@............*@@@@@@......
0x00, 0x00, 0xbf, 0xff, 0xff, 0x50, 0x00, 0x00, 0x00, 0x00, 0x00, 0x01, 0xef, 0xff, 0xff, 0x50, 0x00, 0x00, 	//....%@@@@@+............+@@@@@@+.....
0x00, 0x04, 0xff, 0xff, 0xfc, 0x00, 0x00, 0x00, 0x00, 0x00, 0x00, 0x00, 0x7f, 0xff, 0xff, 0xd0, 0x00, 0x00, 	//...+@@@@@@..............*@@@@@@.....
0x00, 0x0c, 0xff, 0xff, 0xf4, 0x00, 0x00, 0x00, 0x00, 0x00, 0x00, 0x00, 0x0e, 0xff, 0xff, 0xf7, 0x00, 0x00, 	//...@@@@@@+...............@@@@@@*....
0x00, 0x6f, 0xff, 0xff, 0xb0, 0x00, 0x00, 0x00, 0x00, 0x00, 0x00, 0x00, 0x05, 0xff, 0xff, 0xff, 0x10, 0x00, 	//..*@@@@@%................+@@@@@@+...
0x00, 0xef, 0xff, 0xff, 0x30, 0x00, 0x00, 0x00, 0x00, 0x00, 0x00, 0x00, 0x00, 0xcf, 0xff, 0xff, 0xa0, 0x00, 	//..@@@@@@+.................@@@@@@%...
0x08, 0xff, 0xff, 0xfa, 0x00, 0x00, 0x00, 0x00, 0x00, 0x00, 0x00, 0x00, 0x00, 0x4f, 0xff, 0xff, 0xf3, 0x00, 	//.*@@@@@%..................+@@@@@@+..
0x1f, 0xff, 0xff, 0xf2, 0x00, 0x00, 0x00, 0x00, 0x00, 0x00, 0x00, 0x00, 0x00, 0x0b, 0xff, 0xff, 0xfc, 0x00, 	//+@@@@@@+...................%@@@@@@..
0xaf, 0xff, 0xff, 0x90, 0x00, 0x00, 0x00, 0x00, 0x00, 0x00, 0x00, 0x00, 0x00, 0x02, 0xff, 0xff, 0xff, 0x50, 	//%@@@@@%....................+@@@@@@+.


/* Y */
0x0d, 0xff, 0xff, 0xf6, 0x00, 0x00, 0x00, 0x00, 0x00, 0x00, 0x00, 0x00, 0x00, 0x00, 0x5f, 0xff, 0xff, 0xc0, 	//.@@@@@@*....................+@@@@@@.
0x05, 0xff, 0xff, 0xfd, 0x00, 0x00, 0x00, 0x00, 0x00, 0x00, 0x00, 0x00, 0x00, 0x00, 0xcf, 0xff, 0xff, 0x40, 	//.+@@@@@@....................@@@@@@+.
0x00, 0xdf, 0xff, 0xff, 0x50, 0x00, 0x00, 0x00, 0x00, 0x00, 0x00, 0x00, 0x00, 0x03, 0xff, 0xff, 0xfc, 0x00, 	//..@@@@@@+..................+@@@@@@..
0x00, 0x5f, 0xff, 0xff, 0xc0, 0x00, 0x00, 0x00, 0x00, 0x00, 0x00, 0x00, 0x00, 0x0b, 0xff, 0xff, 0xf4, 0x00, 	//..+@@@@@@..................%@@@@@+..
0x00, 0x0d, 0xff, 0xff, 0xf4, 0x00, 0x00, 0x00, 0x00, 0x00, 0x00, 0x00, 0x00, 0x2f, 0xff, 0xff, 0xd0, 0x00, 	//...@@@@@@+................+@@@@@@...
0x00, 0x06, 0xff, 0xff, 0xfb, 0x00, 0x00, 0x00, 0x00, 0x00, 0x00, 0x00, 0x00, 0x9f, 0xff, 0xff, 0x50, 0x00, 	//...*@@@@@%................%@@@@@+...
0x00, 0x00, 0xef, 0xff, 0xff, 0x20, 0x00, 0x00, 0x00, 0x00, 0x00, 0x00, 0x01, 0xff, 0xff, 0xfd, 0x00, 0x00, 	//....@@@@@@+..............+@@@@@@....
0x00, 0x00, 0x6f, 0xff, 0xff, 0xa0, 0x00, 0x00, 0x00, 0x00, 0x00, 0x00, 0x08, 0xff, 0xff, 0xf5, 0x00, 0x00, 	//....*@@@@@%..............*@@@@@+....
0x00, 0x00, 0x0e, 0xff, 0xff, 0xf1, 0x00, 0x00, 0x00, 0x00, 0x00, 0x00, 0x0e, 0xff, 0xff, 0xd0, 0x00, 0x00, 	//.....@@@@@@+.............@@@@@@.....
0x00, 0x00, 0x06, 0xff, 0xff, 0xf8, 0x00, 0x00, 0x00, 0x00, 0x00, 0x00, 0x6f, 0xff, 0xff, 0x50, 0x00, 0x00, 	//.....*@@@@@*............*@@@@@+.....
0x00, 0x00, 0x00, 0xef, 0xff, 0xff, 0x00, 0x00, 0x00, 0x00, 0x00, 0x00, 0xdf, 0xff, 0xfd, 0x00, 0x00, 0x00, 	//......@@@@@@............@@@@@@......
0x00, 0x00, 0x00, 0x7f, 0xff, 0xff, 0x70, 0x00, 0x00, 0x00, 0x00, 0x05, 0xff, 0xff, 0xf6, 0x00, 0x00, 0x00, 	//......*@@@@@*..........+@@@@@*......
0x00, 0x00, 0x00, 0x0e, 0xff, 0xff, 0xe0, 0x00, 0x00, 0x00, 0x00, 0x0c, 0xff, 0xff, 0xd0, 0x00, 0x00, 0x00, 	//.......@@@@@@..........@@@@@@.......
0x00, 0x00, 0x00, 0x07, 0xff, 0xff, 0xf6, 0x00, 0x00, 0x00, 0x00, 0x3f, 0xff, 0xff, 0x60, 0x00, 0x00, 0x00, 	//.......*@@@@@*........+@@@@@*.......
0x00, 0x00, 0x00, 0x00, 0xef, 0xff, 0xfd, 0x00, 0x00, 0x00, 0x00, 0xaf, 0xff, 0xfe, 0x00, 0x00, 0x00, 0x00, 	//........@@@@@@........%@@@@@........
0x00, 0x00, 0x00, 0x00, 0x8f, 0xff, 0xff, 0x40, 0x00, 0x00, 0x02, 0xff, 0xff, 0xf6, 0x00, 0x00, 0x00, 0x00, 	//........*@@@@@+......+@@@@@*........
0x00, 0x00, 0x00, 0x00, 0x1f, 0xff, 0xff, 0xb0, 0x00, 0x00, 0x09, 0xff, 0xff, 0xe0, 0x00, 0x00, 0x00, 0x00, 	//........+@@@@@%......%@@@@@.........
0x00, 0x00, 0x00, 0x00, 0x08, 0xff, 0xff, 0xf2, 0x00, 0x00, 0x1f, 0xff, 0xff, 0x60, 0x00, 0x00, 0x00, 0x00, 	//.........*@@@@@+....+@@@@@*.........
0x00, 0x00, 0x00, 0x00, 0x01, 0xff, 0xff, 0xf9, 0x00, 0x00, 0x8f, 0xff, 0xfe, 0x00, 0x00, 0x00, 0x00, 0x00, 	//.........+@@@@@%....*@@@@@..........
0x00, 0x00, 0x00, 0x00, 0x00, 0x8f, 0xff, 0xff, 0x10, 0x00, 0xef, 0xff, 0xf7, 0x00, 0x00, 0x00, 0x00, 0x00, 	//..........*@@@@@+...@@@@@*..........
0x00, 0x00, 0x00, 0x00, 0x00, 0x1f, 0xff, 0xff, 0x70, 0x06, 0xff, 0xff, 0xe0, 0x00, 0x00, 0x00, 0x00, 0x00, 	//..........+@@@@@*..*@@@@@...........
0x00, 0x00, 0x00, 0x00, 0x00, 0x09, 0xff, 0xff, 0xe0, 0x0e, 0xff, 0xff, 0x70, 0x00, 0x00, 0x00, 0x00, 0x00, 	//...........%@@@@@..@@@@@*...........
0x00, 0x00, 0x00, 0x00, 0x00, 0x01, 0xff, 0xff, 0xf6, 0x5f, 0xff, 0xfe, 0x00, 0x00, 0x00, 0x00, 0x00, 0x00, 	//...........+@@@@@*+@@@@@............
0x00, 0x00, 0x00, 0x00, 0x00, 0x00, 0x9f, 0xff, 0xfd, 0xdf, 0xff, 0xf7, 0x00, 0x00, 0x00, 0x00, 0x00, 0x00, 	//............%@@@@@@@@@@*............
0x00, 0x00, 0x00, 0x00, 0x00, 0x00, 0x1f, 0xff, 0xff, 0xff, 0xff, 0xf0, 0x00, 0x00, 0x00, 0x00, 0x00, 0x00, 	//............+@@@@@@@@@@.............
0x00, 0x00, 0x00, 0x00, 0x00, 0x00, 0x09, 0xff, 0xff, 0xff, 0xff, 0x80, 0x00, 0x00, 0x00, 0x00, 0x00, 0x00, 	//.............%@@@@@@@@*.............
0x00, 0x00, 0x00, 0x00, 0x00, 0x00, 0x02, 0xff, 0xff, 0xff, 0xff, 0x10, 0x00, 0x00, 0x00, 0x00, 0x00, 0x00, 	//.............+@@@@@@@@+.............
0x00, 0x00, 0x00, 0x00, 0x00, 0x00, 0x00, 0xaf, 0xff, 0xff, 0xf8, 0x00, 0x00, 0x00, 0x00, 0x00, 0x00, 0x00, 	//..............%@@@@@@*..............
0x00, 0x00, 0x00, 0x00, 0x00, 0x00, 0x00, 0x2f, 0xff, 0xff, 0xf1, 0x00, 0x00, 0x00, 0x00, 0x00, 0x00, 0x00, 	//..............+@@@@@@+..............
0x00, 0x00, 0x00, 0x00, 0x00, 0x00, 0x00, 0x0f, 0xff, 0xff, 0xe0, 0x00, 0x00, 0x00, 0x00, 0x00, 0x00, 0x00, 	//...............@@@@@@...............
0x00, 0x00, 0x00, 0x00, 0x00, 0x00, 0x00, 0x0f, 0xff, 0xff, 0xe0, 0x00, 0x00, 0x00, 0x00, 0x00, 0x00, 0x00, 	//...............@@@@@@...............
0x00, 0x00, 0x00, 0x00, 0x00, 0x00, 0x00, 0x0f, 0xff, 0xff, 0xe0, 0x00, 0x00, 0x00, 0x00, 0x00, 0x00, 0x00, 	//...............@@@@@@...............
0x00, 0x00, 0x00, 0x00, 0x00, 0x00, 0x00, 0x0f, 0xff, 0xff, 0xe0, 0x00, 0x00, 0x00, 0x00, 0x00, 0x00, 0x00, 	//...............@@@@@@...............
0x00, 0x00, 0x00, 0x00, 0x00, 0x00, 0x00, 0x0f, 0xff, 0xff, 0xe0, 0x00, 0x00, 0x00, 0x00, 0x00, 0x00, 0x00, 	//...............@@@@@@...............
0x00, 0x00, 0x00, 0x00, 0x00, 0x00, 0x00, 0x0f, 0xff, 0xff, 0xe0, 0x00, 0x00, 0x00, 0x00, 0x00, 0x00, 0x00, 	//...............@@@@@@...............
0x00, 0x00, 0x00, 0x00, 0x00, 0x00, 0x00, 0x0f, 0xff, 0xff, 0xe0, 0x00, 0x00, 0x00, 0x00, 0x00, 0x00, 0x00, 	//...............@@@@@@...............
0x00, 0x00, 0x00, 0x00, 0x00, 0x00, 0x00, 0x0f, 0xff, 0xff, 0xe0, 0x00, 0x00, 0x00, 0x00, 0x00, 0x00, 0x00, 	//...............@@@@@@...............
0x00, 0x00, 0x00, 0x00, 0x00, 0x00, 0x00, 0x0f, 0xff, 0xff, 0xe0, 0x00, 0x00, 0x00, 0x00, 0x00, 0x00, 0x00, 	//...............@@@@@@...............
0x00, 0x00, 0x00, 0x00, 0x00, 0x00, 0x00, 0x0f, 0xff, 0xff, 0xe0, 0x00, 0x00, 0x00, 0x00, 0x00, 0x00, 0x00, 	//...............@@@@@@...............
0x00, 0x00, 0x00, 0x00, 0x00, 0x00, 0x00, 0x0f, 0xff, 0xff, 0xe0, 0x00, 0x00, 0x00, 0x00, 0x00, 0x00, 0x00, 	//...............@@@@@@...............
0x00, 0x00, 0x00, 0x00, 0x00, 0x00, 0x00, 0x0f, 0xff, 0xff, 0xe0, 0x00, 0x00, 0x00, 0x00, 0x00, 0x00, 0x00, 	//...............@@@@@@...............
0x00, 0x00, 0x00, 0x00, 0x00, 0x00, 0x00, 0x0f, 0xff, 0xff, 0xe0, 0x00, 0x00, 0x00, 0x00, 0x00, 0x00, 0x00, 	//...............@@@@@@...............
0x00, 0x00, 0x00, 0x00, 0x00, 0x00, 0x00, 0x0f, 0xff, 0xff, 0xe0, 0x00, 0x00, 0x00, 0x00, 0x00, 0x00, 0x00, 	//...............@@@@@@...............
0x00, 0x00, 0x00, 0x00, 0x00, 0x00, 0x00, 0x0f, 0xff, 0xff, 0xe0, 0x00, 0x00, 0x00, 0x00, 0x00, 0x00, 0x00, 	//...............@@@@@@...............
0x00, 0x00, 0x00, 0x00, 0x00, 0x00, 0x00, 0x0f, 0xff, 0xff, 0xe0, 0x00, 0x00, 0x00, 0x00, 0x00, 0x00, 0x00, 	//...............@@@@@@...............
0x00, 0x00, 0x00, 0x00, 0x00, 0x00, 0x00, 0x0f, 0xff, 0xff, 0xe0, 0x00, 0x00, 0x00, 0x00, 0x00, 0x00, 0x00, 	//...............@@@@@@...............
0x00, 0x00, 0x00, 0x00, 0x00, 0x00, 0x00, 0x0f, 0xff, 0xff, 0xe0, 0x00, 0x00, 0x00, 0x00, 0x00, 0x00, 0x00, 	//...............@@@@@@...............


/* Z */
0x00, 0x8f, 0xff, 0xff, 0xff, 0xff, 0xff, 0xff, 0xff, 0xff, 0xff, 0xff, 0xff, 0xff, 0xff, 0xff, 0x30, 	//..*@@@@@@@@@@@@@@@@@@@@@@@@@@@@@+.
0x00, 0x8f, 0xff, 0xff, 0xff, 0xff, 0xff, 0xff, 0xff, 0xff, 0xff, 0xff, 0xff, 0xff, 0xff, 0xff, 0x30, 	//..*@@@@@@@@@@@@@@@@@@@@@@@@@@@@@+.
0x00, 0x8f, 0xff, 0xff, 0xff, 0xff, 0xff, 0xff, 0xff, 0xff, 0xff, 0xff, 0xff, 0xff, 0xff, 0xff, 0x30, 	//..*@@@@@@@@@@@@@@@@@@@@@@@@@@@@@+.
0x00, 0x8f, 0xff, 0xff, 0xff, 0xff, 0xff, 0xff, 0xff, 0xff, 0xff, 0xff, 0xff, 0xff, 0xff, 0xff, 0x20, 	//..*@@@@@@@@@@@@@@@@@@@@@@@@@@@@@+.
0x00, 0x8f, 0xff, 0xff, 0xff, 0xff, 0xff, 0xff, 0xff, 0xff, 0xff, 0xff, 0xff, 0xff, 0xff, 0xf9, 0x00, 	//..*@@@@@@@@@@@@@@@@@@@@@@@@@@@@%..
0x00, 0x00, 0x00, 0x00, 0x00, 0x00, 0x00, 0x00, 0x00, 0x00, 0x00, 0x00, 0x5f, 0xff, 0xff, 0xe1, 0x00, 	//........................+@@@@@@+..
0x00, 0x00, 0x00, 0x00, 0x00, 0x00, 0x00, 0x00, 0x00, 0x00, 0x00, 0x01, 0xef, 0xff, 0xff, 0x50, 0x00, 	//.......................+@@@@@@+...
0x00, 0x00, 0x00, 0x00, 0x00, 0x00, 0x00, 0x00, 0x00, 0x00, 0x00, 0x0a, 0xff, 0xff, 0xfb, 0x00, 0x00, 	//.......................%@@@@@%....
0x00, 0x00, 0x00, 0x00, 0x00, 0x00, 0x00, 0x00, 0x00, 0x00, 0x00, 0x4f, 0xff, 0xff, 0xf1, 0x00, 0x00, 	//......................+@@@@@@+....
0x00, 0x00, 0x00, 0x00, 0x00, 0x00, 0x00, 0x00, 0x00, 0x00, 0x00, 0xef, 0xff, 0xff, 0x60, 0x00, 0x00, 	//......................@@@@@@*.....
0x00, 0x00, 0x00, 0x00, 0x00, 0x00, 0x00, 0x00, 0x00, 0x00, 0x09, 0xff, 0xff, 0xfc, 0x00, 0x00, 0x00, 	//.....................%@@@@@@......
0x00, 0x00, 0x00, 0x00, 0x00, 0x00, 0x00, 0x00, 0x00, 0x00, 0x3f, 0xff, 0xff, 0xf2, 0x00, 0x00, 0x00, 	//....................+@@@@@@+......
0x00, 0x00, 0x00, 0x00, 0x00, 0x00, 0x00, 0x00, 0x00, 0x00, 0xdf, 0xff, 0xff, 0x70, 0x00, 0x00, 0x00, 	//....................@@@@@@*.......
0x00, 0x00, 0x00, 0x00, 0x00, 0x00, 0x00, 0x00, 0x00, 0x08, 0xff, 0xff, 0xfc, 0x00, 0x00, 0x00, 0x00, 	//...................*@@@@@@........
0x00, 0x00, 0x00, 0x00, 0x00, 0x00, 0x00, 0x00, 0x00, 0x3f, 0xff, 0xff, 0xf3, 0x00, 0x00, 0x00, 0x00, 	//..................+@@@@@@+........
0x00, 0x00, 0x00, 0x00, 0x00, 0x00, 0x00, 0x00, 0x00, 0xcf, 0xff, 0xff, 0x80, 0x00, 0x00, 0x00, 0x00, 	//..................@@@@@@*.........
0x00, 0x00, 0x00, 0x00, 0x00, 0x00, 0x00, 0x00, 0x07, 0xff, 0xff, 0xfd, 0x00, 0x00, 0x00, 0x00, 0x00, 	//.................*@@@@@@..........
0x00, 0x00, 0x00, 0x00, 0x00, 0x00, 0x00, 0x00, 0x2f, 0xff, 0xff, 0xf4, 0x00, 0x00, 0x00, 0x00, 0x00, 	//................+@@@@@@+..........
0x00, 0x00, 0x00, 0x00, 0x00, 0x00, 0x00, 0x00, 0xbf, 0xff, 0xff, 0x90, 0x00, 0x00, 0x00, 0x00, 0x00, 	//................%@@@@@%...........
0x00, 0x00, 0x00, 0x00, 0x00, 0x00, 0x00, 0x06, 0xff, 0xff, 0xfe, 0x00, 0x00, 0x00, 0x00, 0x00, 0x00, 	//...............*@@@@@@............
0x00, 0x00, 0x00, 0x00, 0x00, 0x00, 0x00, 0x1e, 0xff, 0xff, 0xf5, 0x00, 0x00, 0x00, 0x00, 0x00, 0x00, 	//..............+@@@@@@+............
0x00, 0x00, 0x00, 0x00, 0x00, 0x00, 0x00, 0xaf, 0xff, 0xff, 0xa0, 0x00, 0x00, 0x00, 0x00, 0x00, 0x00, 	//..............%@@@@@%.............
0x00, 0x00, 0x00, 0x00, 0x00, 0x00, 0x05, 0xff, 0xff, 0xfe, 0x10, 0x00, 0x00, 0x00, 0x00, 0x00, 0x00, 	//.............+@@@@@@+.............
0x00, 0x00, 0x00, 0x00, 0x00, 0x00, 0x1e, 0xff, 0xff, 0xf6, 0x00, 0x00, 0x00, 0x00, 0x00, 0x00, 0x00, 	//............+@@@@@@*..............
0x00, 0x00, 0x00, 0x00, 0x00, 0x00, 0x9f, 0xff, 0xff, 0xb0, 0x00, 0x00, 0x00, 0x00, 0x00, 0x00, 0x00, 	//............%@@@@@%...............
0x00, 0x00, 0x00, 0x00, 0x00, 0x04, 0xff, 0xff, 0xff, 0x20, 0x00, 0x00, 0x00, 0x00, 0x00, 0x00, 0x00, 	//...........+@@@@@@+...............
0x00, 0x00, 0x00, 0x00, 0x00, 0x0d, 0xff, 0xff, 0xf7, 0x00, 0x00, 0x00, 0x00, 0x00, 0x00, 0x00, 0x00, 	//...........@@@@@@*................
0x00, 0x00, 0x00, 0x00, 0x00, 0x8f, 0xff, 0xff, 0xc0, 0x00, 0x00, 0x00, 0x00, 0x00, 0x00, 0x00, 0x00, 	//..........*@@@@@@.................
0x00, 0x00, 0x00, 0x00, 0x03, 0xff, 0xff, 0xff, 0x20, 0x00, 0x00, 0x00, 0x00, 0x00, 0x00, 0x00, 0x00, 	//.........+@@@@@@+.................
0x00, 0x00, 0x00, 0x00, 0x0d, 0xff, 0xff, 0xf8, 0x00, 0x00, 0x00, 0x00, 0x00, 0x00, 0x00, 0x00, 0x00, 	//.........@@@@@@*..................
0x00, 0x00, 0x00, 0x00, 0x7f, 0xff, 0xff, 0xd0, 0x00, 0x00, 0x00, 0x00, 0x00, 0x00, 0x00, 0x00, 0x00, 	//........*@@@@@@...................
0x00, 0x00, 0x00, 0x02, 0xff, 0xff, 0xff, 0x30, 0x00, 0x00, 0x00, 0x00, 0x00, 0x00, 0x00, 0x00, 0x00, 	//.......+@@@@@@+...................
0x00, 0x00, 0x00, 0x0c, 0xff, 0xff, 0xf9, 0x00, 0x00, 0x00, 0x00, 0x00, 0x00, 0x00, 0x00, 0x00, 0x00, 	//.......@@@@@@%....................
0x00, 0x00, 0x00, 0x6f, 0xff, 0xff, 0xe0, 0x00, 0x00, 0x00, 0x00, 0x00, 0x00, 0x00, 0x00, 0x00, 0x00, 	//......*@@@@@@.....................
0x00, 0x00, 0x01, 0xff, 0xff, 0xff, 0x40, 0x00, 0x00, 0x00, 0x00, 0x00, 0x00, 0x00, 0x00, 0x00, 0x00, 	//.....+@@@@@@+.....................
0x00, 0x00, 0x0b, 0xff, 0xff, 0xfa, 0x00, 0x00, 0x00, 0x00, 0x00, 0x00, 0x00, 0x00, 0x00, 0x00, 0x00, 	//.....%@@@@@%......................
0x00, 0x00, 0x5f, 0xff, 0xff, 0xe1, 0x00, 0x00, 0x00, 0x00, 0x00, 0x00, 0x00, 0x00, 0x00, 0x00, 0x00, 	//....+@@@@@@+......................
0x00, 0x01, 0xef, 0xff, 0xff, 0x50, 0x00, 0x00, 0x00, 0x00, 0x00, 0x00, 0x00, 0x00, 0x00, 0x00, 0x00, 	//...+@@@@@@+.......................
0x00, 0x0a, 0xff, 0xff, 0xfb, 0x00, 0x00, 0x00, 0x00, 0x00, 0x00, 0x00, 0x00, 0x00, 0x00, 0x00, 0x00, 	//...%@@@@@%........................
0x00, 0x4f, 0xff, 0xff, 0xf1, 0x00, 0x00, 0x00, 0x00, 0x00, 0x00, 0x00, 0x00, 0x00, 0x00, 0x00, 0x00, 	//..+@@@@@@+........................
0x00, 0xef, 0xff, 0xff, 0x60, 0x00, 0x00, 0x00, 0x00, 0x00, 0x00, 0x00, 0x00, 0x00, 0x00, 0x00, 0x00, 	//..@@@@@@*.........................
0x09, 0xff, 0xff, 0xfc, 0x00, 0x00, 0x00, 0x00, 0x00, 0x00, 0x00, 0x00, 0x00, 0x00, 0x00, 0x00, 0x00, 	//.%@@@@@@..........................
0x3f, 0xff, 0xff, 0xff, 0xff, 0xff, 0xff, 0xff, 0xff, 0xff, 0xff, 0xff, 0xff, 0xff, 0xff, 0xff, 0x90, 	//+@@@@@@@@@@@@@@@@@@@@@@@@@@@@@@@%.
0xcf, 0xff, 0xff, 0xff, 0xff, 0xff, 0xff, 0xff, 0xff, 0xff, 0xff, 0xff, 0xff, 0xff, 0xff, 0xff, 0x90, 	//@@@@@@@@@@@@@@@@@@@@@@@@@@@@@@@@%.
0xcf, 0xff, 0xff, 0xff, 0xff, 0xff, 0xff, 0xff, 0xff, 0xff, 0xff, 0xff, 0xff, 0xff, 0xff, 0xff, 0x90, 	//@@@@@@@@@@@@@@@@@@@@@@@@@@@@@@@@%.
0xcf, 0xff, 0xff, 0xff, 0xff, 0xff, 0xff, 0xff, 0xff, 0xff, 0xff, 0xff, 0xff, 0xff, 0xff, 0xff, 0x90, 	//@@@@@@@@@@@@@@@@@@@@@@@@@@@@@@@@%.
0xcf, 0xff, 0xff, 0xff, 0xff, 0xff, 0xff, 0xff, 0xff, 0xff, 0xff, 0xff, 0xff, 0xff, 0xff, 0xff, 0x90, 	//@@@@@@@@@@@@@@@@@@@@@@@@@@@@@@@@%.


/* [ */
0x16, 0x66, 0x66, 0x66, 0x66, 0x66, 0x62, 	//+************+
0x3f, 0xff, 0xff, 0xff, 0xff, 0xff, 0xf7, 	//+@@@@@@@@@@@@*
0x3f, 0xff, 0xff, 0xff, 0xff, 0xff, 0xf7, 	//+@@@@@@@@@@@@*
0x3f, 0xff, 0xff, 0xff, 0xff, 0xff, 0xf7, 	//+@@@@@@@@@@@@*
0x3f, 0xff, 0xf1, 0x00, 0x00, 0x00, 0x00, 	//+@@@@+........
0x3f, 0xff, 0xf1, 0x00, 0x00, 0x00, 0x00, 	//+@@@@+........
0x3f, 0xff, 0xf1, 0x00, 0x00, 0x00, 0x00, 	//+@@@@+........
0x3f, 0xff, 0xf1, 0x00, 0x00, 0x00, 0x00, 	//+@@@@+........
0x3f, 0xff, 0xf1, 0x00, 0x00, 0x00, 0x00, 	//+@@@@+........
0x3f, 0xff, 0xf1, 0x00, 0x00, 0x00, 0x00, 	//+@@@@+........
0x3f, 0xff, 0xf1, 0x00, 0x00, 0x00, 0x00, 	//+@@@@+........
0x3f, 0xff, 0xf1, 0x00, 0x00, 0x00, 0x00, 	//+@@@@+........
0x3f, 0xff, 0xf1, 0x00, 0x00, 0x00, 0x00, 	//+@@@@+........
0x3f, 0xff, 0xf1, 0x00, 0x00, 0x00, 0x00, 	//+@@@@+........
0x3f, 0xff, 0xf1, 0x00, 0x00, 0x00, 0x00, 	//+@@@@+........
0x3f, 0xff, 0xf1, 0x00, 0x00, 0x00, 0x00, 	//+@@@@+........
0x3f, 0xff, 0xf1, 0x00, 0x00, 0x00, 0x00, 	//+@@@@+........
0x3f, 0xff, 0xf1, 0x00, 0x00, 0x00, 0x00, 	//+@@@@+........
0x3f, 0xff, 0xf1, 0x00, 0x00, 0x00, 0x00, 	//+@@@@+........
0x3f, 0xff, 0xf1, 0x00, 0x00, 0x00, 0x00, 	//+@@@@+........
0x3f, 0xff, 0xf1, 0x00, 0x00, 0x00, 0x00, 	//+@@@@+........
0x3f, 0xff, 0xf1, 0x00, 0x00, 0x00, 0x00, 	//+@@@@+........
0x3f, 0xff, 0xf1, 0x00, 0x00, 0x00, 0x00, 	//+@@@@+........
0x3f, 0xff, 0xf1, 0x00, 0x00, 0x00, 0x00, 	//+@@@@+........
0x3f, 0xff, 0xf1, 0x00, 0x00, 0x00, 0x00, 	//+@@@@+........
0x3f, 0xff, 0xf1, 0x00, 0x00, 0x00, 0x00, 	//+@@@@+........
0x3f, 0xff, 0xf1, 0x00, 0x00, 0x00, 0x00, 	//+@@@@+........
0x3f, 0xff, 0xf1, 0x00, 0x00, 0x00, 0x00, 	//+@@@@+........
0x3f, 0xff, 0xf1, 0x00, 0x00, 0x00, 0x00, 	//+@@@@+........
0x3f, 0xff, 0xf1, 0x00, 0x00, 0x00, 0x00, 	//+@@@@+........
0x3f, 0xff, 0xf1, 0x00, 0x00, 0x00, 0x00, 	//+@@@@+........
0x3f, 0xff, 0xf1, 0x00, 0x00, 0x00, 0x00, 	//+@@@@+........
0x3f, 0xff, 0xf1, 0x00, 0x00, 0x00, 0x00, 	//+@@@@+........
0x3f, 0xff, 0xf1, 0x00, 0x00, 0x00, 0x00, 	//+@@@@+........
0x3f, 0xff, 0xf1, 0x00, 0x00, 0x00, 0x00, 	//+@@@@+........
0x3f, 0xff, 0xf1, 0x00, 0x00, 0x00, 0x00, 	//+@@@@+........
0x3f, 0xff, 0xf1, 0x00, 0x00, 0x00, 0x00, 	//+@@@@+........
0x3f, 0xff, 0xf1, 0x00, 0x00, 0x00, 0x00, 	//+@@@@+........
0x3f, 0xff, 0xf1, 0x00, 0x00, 0x00, 0x00, 	//+@@@@+........
0x3f, 0xff, 0xf1, 0x00, 0x00, 0x00, 0x00, 	//+@@@@+........
0x3f, 0xff, 0xf1, 0x00, 0x00, 0x00, 0x00, 	//+@@@@+........
0x3f, 0xff, 0xf1, 0x00, 0x00, 0x00, 0x00, 	//+@@@@+........
0x3f, 0xff, 0xf1, 0x00, 0x00, 0x00, 0x00, 	//+@@@@+........
0x3f, 0xff, 0xf1, 0x00, 0x00, 0x00, 0x00, 	//+@@@@+........
0x3f, 0xff, 0xf1, 0x00, 0x00, 0x00, 0x00, 	//+@@@@+........
0x3f, 0xff, 0xf1, 0x00, 0x00, 0x00, 0x00, 	//+@@@@+........
0x3f, 0xff, 0xf1, 0x00, 0x00, 0x00, 0x00, 	//+@@@@+........
0x3f, 0xff, 0xf1, 0x00, 0x00, 0x00, 0x00, 	//+@@@@+........
0x3f, 0xff, 0xf1, 0x00, 0x00, 0x00, 0x00, 	//+@@@@+........
0x3f, 0xff, 0xf1, 0x00, 0x00, 0x00, 0x00, 	//+@@@@+........
0x3f, 0xff, 0xf1, 0x00, 0x00, 0x00, 0x00, 	//+@@@@+........
0x3f, 0xff, 0xf1, 0x00, 0x00, 0x00, 0x00, 	//+@@@@+........
0x3f, 0xff, 0xf1, 0x00, 0x00, 0x00, 0x00, 	//+@@@@+........
0x3f, 0xff, 0xf1, 0x00, 0x00, 0x00, 0x00, 	//+@@@@+........
0x3f, 0xff, 0xf1, 0x00, 0x00, 0x00, 0x00, 	//+@@@@+........
0x3f, 0xff, 0xf1, 0x00, 0x00, 0x00, 0x00, 	//+@@@@+........
0x3f, 0xff, 0xf1, 0x00, 0x00, 0x00, 0x00, 	//+@@@@+........
0x3f, 0xff, 0xf1, 0x00, 0x00, 0x00, 0x00, 	//+@@@@+........
0x3f, 0xff, 0xf6, 0x44, 0x44, 0x44, 0x42, 	//+@@@@*++++++++
0x3f, 0xff, 0xff, 0xff, 0xff, 0xff, 0xf7, 	//+@@@@@@@@@@@@*
0x3f, 0xff, 0xff, 0xff, 0xff, 0xff, 0xf7, 	//+@@@@@@@@@@@@*
0x3f, 0xff, 0xff, 0xff, 0xff, 0xff, 0xf7, 	//+@@@@@@@@@@@@*


/* \ */
0x0e, 0xff, 0xf5, 0x00, 0x00, 0x00, 0x00, 0x00, 0x00, 0x00, 0x00, 0x00, 0x00, 	//.@@@@+....................
0x09, 0xff, 0xfa, 0x00, 0x00, 0x00, 0x00, 0x00, 0x00, 0x00, 0x00, 0x00, 0x00, 	//.%@@@%....................
0x04, 0xff, 0xfe, 0x00, 0x00, 0x00, 0x00, 0x00, 0x00, 0x00, 0x00, 0x00, 0x00, 	//.+@@@@....................
0x00, 0xff, 0xff, 0x30, 0x00, 0x00, 0x00, 0x00, 0x00, 0x00, 0x00, 0x00, 0x00, 	//..@@@@+...................
0x00, 0xaf, 0xff, 0x80, 0x00, 0x00, 0x00, 0x00, 0x00, 0x00, 0x00, 0x00, 0x00, 	//..%@@@*...................
0x00, 0x5f, 0xff, 0xd0, 0x00, 0x00, 0x00, 0x00, 0x00, 0x00, 0x00, 0x00, 0x00, 	//..+@@@@...................
0x00, 0x1f, 0xff, 0xf2, 0x00, 0x00, 0x00, 0x00, 0x00, 0x00, 0x00, 0x00, 0x00, 	//..+@@@@+..................
0x00, 0x0b, 0xff, 0xf7, 0x00, 0x00, 0x00, 0x00, 0x00, 0x00, 0x00, 0x00, 0x00, 	//...%@@@*..................
0x00, 0x06, 0xff, 0xfc, 0x00, 0x00, 0x00, 0x00, 0x00, 0x00, 0x00, 0x00, 0x00, 	//...*@@@@..................
0x00, 0x02, 0xff, 0xff, 0x10, 0x00, 0x00, 0x00, 0x00, 0x00, 0x00, 0x00, 0x00, 	//...+@@@@+.................
0x00, 0x00, 0xdf, 0xff, 0x60, 0x00, 0x00, 0x00, 0x00, 0x00, 0x00, 0x00, 0x00, 	//....@@@@*.................
0x00, 0x00, 0x8f, 0xff, 0xb0, 0x00, 0x00, 0x00, 0x00, 0x00, 0x00, 0x00, 0x00, 	//....*@@@%.................
0x00, 0x00, 0x3f, 0xff, 0xf0, 0x00, 0x00, 0x00, 0x00, 0x00, 0x00, 0x00, 0x00, 	//....+@@@@.................
0x00, 0x00, 0x0e, 0xff, 0xf5, 0x00, 0x00, 0x00, 0x00, 0x00, 0x00, 0x00, 0x00, 	//.....@@@@+................
0x00, 0x00, 0x09, 0xff, 0xfa, 0x00, 0x00, 0x00, 0x00, 0x00, 0x00, 0x00, 0x00, 	//.....%@@@%................
0x00, 0x00, 0x04, 0xff, 0xfe, 0x00, 0x00, 0x00, 0x00, 0x00, 0x00, 0x00, 0x00, 	//.....+@@@@................
0x00, 0x00, 0x00, 0xff, 0xff, 0x30, 0x00, 0x00, 0x00, 0x00, 0x00, 0x00, 0x00, 	//......@@@@+...............
0x00, 0x00, 0x00, 0xaf, 0xff, 0x80, 0x00, 0x00, 0x00, 0x00, 0x00, 0x00, 0x00, 	//......%@@@*...............
0x00, 0x00, 0x00, 0x5f, 0xff, 0xd0, 0x00, 0x00, 0x00, 0x00, 0x00, 0x00, 0x00, 	//......+@@@@...............
0x00, 0x00, 0x00, 0x1f, 0xff, 0xf2, 0x00, 0x00, 0x00, 0x00, 0x00, 0x00, 0x00, 	//......+@@@@+..............
0x00, 0x00, 0x00, 0x0b, 0xff, 0xf7, 0x00, 0x00, 0x00, 0x00, 0x00, 0x00, 0x00, 	//.......%@@@*..............
0x00, 0x00, 0x00, 0x07, 0xff, 0xfc, 0x00, 0x00, 0x00, 0x00, 0x00, 0x00, 0x00, 	//.......*@@@@..............
0x00, 0x00, 0x00, 0x02, 0xff, 0xff, 0x10, 0x00, 0x00, 0x00, 0x00, 0x00, 0x00, 	//.......+@@@@+.............
0x00, 0x00, 0x00, 0x00, 0xdf, 0xff, 0x60, 0x00, 0x00, 0x00, 0x00, 0x00, 0x00, 	//........@@@@*.............
0x00, 0x00, 0x00, 0x00, 0x8f, 0xff, 0xb0, 0x00, 0x00, 0x00, 0x00, 0x00, 0x00, 	//........*@@@%.............
0x00, 0x00, 0x00, 0x00, 0x3f, 0xff, 0xf0, 0x00, 0x00, 0x00, 0x00, 0x00, 0x00, 	//........+@@@@.............
0x00, 0x00, 0x00, 0x00, 0x0e, 0xff, 0xf5, 0x00, 0x00, 0x00, 0x00, 0x00, 0x00, 	//.........@@@@+............
0x00, 0x00, 0x00, 0x00, 0x09, 0xff, 0xf9, 0x00, 0x00, 0x00, 0x00, 0x00, 0x00, 	//.........%@@@%............
0x00, 0x00, 0x00, 0x00, 0x04, 0xff, 0xfe, 0x00, 0x00, 0x00, 0x00, 0x00, 0x00, 	//.........+@@@@............
0x00, 0x00, 0x00, 0x00, 0x00, 0xff, 0xff, 0x30, 0x00, 0x00, 0x00, 0x00, 0x00, 	//..........@@@@+...........
0x00, 0x00, 0x00, 0x00, 0x00, 0xaf, 0xff, 0x80, 0x00, 0x00, 0x00, 0x00, 0x00, 	//..........%@@@*...........
0x00, 0x00, 0x00, 0x00, 0x00, 0x5f, 0xff, 0xd0, 0x00, 0x00, 0x00, 0x00, 0x00, 	//..........+@@@@...........
0x00, 0x00, 0x00, 0x00, 0x00, 0x1f, 0xff, 0xf2, 0x00, 0x00, 0x00, 0x00, 0x00, 	//..........+@@@@+..........
0x00, 0x00, 0x00, 0x00, 0x00, 0x0c, 0xff, 0xf7, 0x00, 0x00, 0x00, 0x00, 0x00, 	//...........@@@@*..........
0x00, 0x00, 0x00, 0x00, 0x00, 0x07, 0xff, 0xfc, 0x00, 0x00, 0x00, 0x00, 0x00, 	//...........*@@@@..........
0x00, 0x00, 0x00, 0x00, 0x00, 0x02, 0xff, 0xff, 0x10, 0x00, 0x00, 0x00, 0x00, 	//...........+@@@@+.........
0x00, 0x00, 0x00, 0x00, 0x00, 0x00, 0xdf, 0xff, 0x60, 0x00, 0x00, 0x00, 0x00, 	//............@@@@*.........
0x00, 0x00, 0x00, 0x00, 0x00, 0x00, 0x8f, 0xff, 0xb0, 0x00, 0x00, 0x00, 0x00, 	//............*@@@%.........
0x00, 0x00, 0x00, 0x00, 0x00, 0x00, 0x3f, 0xff, 0xf0, 0x00, 0x00, 0x00, 0x00, 	//............+@@@@.........
0x00, 0x00, 0x00, 0x00, 0x00, 0x00, 0x0e, 0xff, 0xf4, 0x00, 0x00, 0x00, 0x00, 	//.............@@@@+........
0x00, 0x00, 0x00, 0x00, 0x00, 0x00, 0x09, 0xff, 0xf9, 0x00, 0x00, 0x00, 0x00, 	//.............%@@@%........
0x00, 0x00, 0x00, 0x00, 0x00, 0x00, 0x04, 0xff, 0xfe, 0x00, 0x00, 0x00, 0x00, 	//.............+@@@@........
0x00, 0x00, 0x00, 0x00, 0x00, 0x00, 0x00, 0xff, 0xff, 0x30, 0x00, 0x00, 0x00, 	//..............@@@@+.......
0x00, 0x00, 0x00, 0x00, 0x00, 0x00, 0x00, 0xaf, 0xff, 0x80, 0x00, 0x00, 0x00, 	//..............%@@@*.......
0x00, 0x00, 0x00, 0x00, 0x00, 0x00, 0x00, 0x5f, 0xff, 0xd0, 0x00, 0x00, 0x00, 	//..............+@@@@.......
0x00, 0x00, 0x00, 0x00, 0x00, 0x00, 0x00, 0x1f, 0xff, 0xf2, 0x00, 0x00, 0x00, 	//..............+@@@@+......
0x00, 0x00, 0x00, 0x00, 0x00, 0x00, 0x00, 0x0c, 0xff, 0xf7, 0x00, 0x00, 0x00, 	//...............@@@@*......
0x00, 0x00, 0x00, 0x00, 0x00, 0x00, 0x00, 0x07, 0xff, 0xfc, 0x00, 0x00, 0x00, 	//...............*@@@@......
0x00, 0x00, 0x00, 0x00, 0x00, 0x00, 0x00, 0x02, 0xff, 0xff, 0x10, 0x00, 0x00, 	//...............+@@@@+.....
0x00, 0x00, 0x00, 0x00, 0x00, 0x00, 0x00, 0x00, 0xdf, 0xff, 0x60, 0x00, 0x00, 	//................@@@@*.....
0x00, 0x00, 0x00, 0x00, 0x00, 0x00, 0x00, 0x00, 0x8f, 0xff, 0xb0, 0x00, 0x00, 	//................*@@@%.....
0x00, 0x00, 0x00, 0x00, 0x00, 0x00, 0x00, 0x00, 0x3f, 0xff, 0xf0, 0x00, 0x00, 	//................+@@@@.....
0x00, 0x00, 0x00, 0x00, 0x00, 0x00, 0x00, 0x00, 0x0e, 0xff, 0xf4, 0x00, 0x00, 	//.................@@@@+....
0x00, 0x00, 0x00, 0x00, 0x00, 0x00, 0x00, 0x00, 0x09, 0xff, 0xf9, 0x00, 0x00, 	//.................%@@@%....
0x00, 0x00, 0x00, 0x00, 0x00, 0x00, 0x00, 0x00, 0x04, 0xff, 0xfe, 0x00, 0x00, 	//.................+@@@@....
0x00, 0x00, 0x00, 0x00, 0x00, 0x00, 0x00, 0x00, 0x00, 0xff, 0xff, 0x30, 0x00, 	//..................@@@@+...
0x00, 0x00, 0x00, 0x00, 0x00, 0x00, 0x00, 0x00, 0x00, 0xaf, 0xff, 0x80, 0x00, 	//..................%@@@*...
0x00, 0x00, 0x00, 0x00, 0x00, 0x00, 0x00, 0x00, 0x00, 0x6f, 0xff, 0xd0, 0x00, 	//..................*@@@@...
0x00, 0x00, 0x00, 0x00, 0x00, 0x00, 0x00, 0x00, 0x00, 0x1f, 0xff, 0xf2, 0x00, 	//..................+@@@@+..
0x00, 0x00, 0x00, 0x00, 0x00, 0x00, 0x00, 0x00, 0x00, 0x0c, 0xff, 0xf7, 0x00, 	//...................@@@@*..
0x00, 0x00, 0x00, 0x00, 0x00, 0x00, 0x00, 0x00, 0x00, 0x07, 0xff, 0xfc, 0x00, 	//...................*@@@@..
0x00, 0x00, 0x00, 0x00, 0x00, 0x00, 0x00, 0x00, 0x00, 0x02, 0xff, 0xff, 0x10, 	//...................+@@@@+.
0x00, 0x00, 0x00, 0x00, 0x00, 0x00, 0x00, 0x00, 0x00, 0x00, 0x44, 0x44, 0x10, 	//....................+++++.


/* ] */
0x56, 0x66, 0x66, 0x66, 0x66, 0x66, 0x50, 	//+***********+.
0xdf, 0xff, 0xff, 0xff, 0xff, 0xff, 0xe0, 	//@@@@@@@@@@@@@.
0xdf, 0xff, 0xff, 0xff, 0xff, 0xff, 0xe0, 	//@@@@@@@@@@@@@.
0xdf, 0xff, 0xff, 0xff, 0xff, 0xff, 0xe0, 	//@@@@@@@@@@@@@.
0x00, 0x00, 0x00, 0x00, 0x8f, 0xff, 0xe0, 	//........*@@@@.
0x00, 0x00, 0x00, 0x00, 0x8f, 0xff, 0xe0, 	//........*@@@@.
0x00, 0x00, 0x00, 0x00, 0x8f, 0xff, 0xe0, 	//........*@@@@.
0x00, 0x00, 0x00, 0x00, 0x8f, 0xff, 0xe0, 	//........*@@@@.
0x00, 0x00, 0x00, 0x00, 0x8f, 0xff, 0xe0, 	//........*@@@@.
0x00, 0x00, 0x00, 0x00, 0x8f, 0xff, 0xe0, 	//........*@@@@.
0x00, 0x00, 0x00, 0x00, 0x8f, 0xff, 0xe0, 	//........*@@@@.
0x00, 0x00, 0x00, 0x00, 0x8f, 0xff, 0xe0, 	//........*@@@@.
0x00, 0x00, 0x00, 0x00, 0x8f, 0xff, 0xe0, 	//........*@@@@.
0x00, 0x00, 0x00, 0x00, 0x8f, 0xff, 0xe0, 	//........*@@@@.
0x00, 0x00, 0x00, 0x00, 0x8f, 0xff, 0xe0, 	//........*@@@@.
0x00, 0x00, 0x00, 0x00, 0x8f, 0xff, 0xe0, 	//........*@@@@.
0x00, 0x00, 0x00, 0x00, 0x8f, 0xff, 0xe0, 	//........*@@@@.
0x00, 0x00, 0x00, 0x00, 0x8f, 0xff, 0xe0, 	//........*@@@@.
0x00, 0x00, 0x00, 0x00, 0x8f, 0xff, 0xe0, 	//........*@@@@.
0x00, 0x00, 0x00, 0x00, 0x8f, 0xff, 0xe0, 	//........*@@@@.
0x00, 0x00, 0x00, 0x00, 0x8f, 0xff, 0xe0, 	//........*@@@@.
0x00, 0x00, 0x00, 0x00, 0x8f, 0xff, 0xe0, 	//........*@@@@.
0x00, 0x00, 0x00, 0x00, 0x8f, 0xff, 0xe0, 	//........*@@@@.
0x00, 0x00, 0x00, 0x00, 0x8f, 0xff, 0xe0, 	//........*@@@@.
0x00, 0x00, 0x00, 0x00, 0x8f, 0xff, 0xe0, 	//........*@@@@.
0x00, 0x00, 0x00, 0x00, 0x8f, 0xff, 0xe0, 	//........*@@@@.
0x00, 0x00, 0x00, 0x00, 0x8f, 0xff, 0xe0, 	//........*@@@@.
0x00, 0x00, 0x00, 0x00, 0x8f, 0xff, 0xe0, 	//........*@@@@.
0x00, 0x00, 0x00, 0x00, 0x8f, 0xff, 0xe0, 	//........*@@@@.
0x00, 0x00, 0x00, 0x00, 0x8f, 0xff, 0xe0, 	//........*@@@@.
0x00, 0x00, 0x00, 0x00, 0x8f, 0xff, 0xe0, 	//........*@@@@.
0x00, 0x00, 0x00, 0x00, 0x8f, 0xff, 0xe0, 	//........*@@@@.
0x00, 0x00, 0x00, 0x00, 0x8f, 0xff, 0xe0, 	//........*@@@@.
0x00, 0x00, 0x00, 0x00, 0x8f, 0xff, 0xe0, 	//........*@@@@.
0x00, 0x00, 0x00, 0x00, 0x8f, 0xff, 0xe0, 	//........*@@@@.
0x00, 0x00, 0x00, 0x00, 0x8f, 0xff, 0xe0, 	//........*@@@@.
0x00, 0x00, 0x00, 0x00, 0x8f, 0xff, 0xe0, 	//........*@@@@.
0x00, 0x00, 0x00, 0x00, 0x8f, 0xff, 0xe0, 	//........*@@@@.
0x00, 0x00, 0x00, 0x00, 0x8f, 0xff, 0xe0, 	//........*@@@@.
0x00, 0x00, 0x00, 0x00, 0x8f, 0xff, 0xe0, 	//........*@@@@.
0x00, 0x00, 0x00, 0x00, 0x8f, 0xff, 0xe0, 	//........*@@@@.
0x00, 0x00, 0x00, 0x00, 0x8f, 0xff, 0xe0, 	//........*@@@@.
0x00, 0x00, 0x00, 0x00, 0x8f, 0xff, 0xe0, 	//........*@@@@.
0x00, 0x00, 0x00, 0x00, 0x8f, 0xff, 0xe0, 	//........*@@@@.
0x00, 0x00, 0x00, 0x00, 0x8f, 0xff, 0xe0, 	//........*@@@@.
0x00, 0x00, 0x00, 0x00, 0x8f, 0xff, 0xe0, 	//........*@@@@.
0x00, 0x00, 0x00, 0x00, 0x8f, 0xff, 0xe0, 	//........*@@@@.
0x00, 0x00, 0x00, 0x00, 0x8f, 0xff, 0xe0, 	//........*@@@@.
0x00, 0x00, 0x00, 0x00, 0x8f, 0xff, 0xe0, 	//........*@@@@.
0x00, 0x00, 0x00, 0x00, 0x8f, 0xff, 0xe0, 	//........*@@@@.
0x00, 0x00, 0x00, 0x00, 0x8f, 0xff, 0xe0, 	//........*@@@@.
0x00, 0x00, 0x00, 0x00, 0x8f, 0xff, 0xe0, 	//........*@@@@.
0x00, 0x00, 0x00, 0x00, 0x8f, 0xff, 0xe0, 	//........*@@@@.
0x00, 0x00, 0x00, 0x00, 0x8f, 0xff, 0xe0, 	//........*@@@@.
0x00, 0x00, 0x00, 0x00, 0x8f, 0xff, 0xe0, 	//........*@@@@.
0x00, 0x00, 0x00, 0x00, 0x8f, 0xff, 0xe0, 	//........*@@@@.
0x00, 0x00, 0x00, 0x00, 0x8f, 0xff, 0xe0, 	//........*@@@@.
0x00, 0x00, 0x00, 0x00, 0x8f, 0xff, 0xe0, 	//........*@@@@.
0x44, 0x44, 0x44, 0x44, 0xaf, 0xff, 0xe0, 	//++++++++%@@@@.
0xdf, 0xff, 0xff, 0xff, 0xff, 0xff, 0xe0, 	//@@@@@@@@@@@@@.
0xdf, 0xff, 0xff, 0xff, 0xff, 0xff, 0xe0, 	//@@@@@@@@@@@@@.
0xdf, 0xff, 0xff, 0xff, 0xff, 0xff, 0xe0, 	//@@@@@@@@@@@@@.


/* ^ */
0x00, 0x00, 0x00, 0x00, 0x00, 0x1f, 0xff, 0xff, 0x80, 0x00, 0x00, 0x00, 0x00, 0x00, 	//..........+@@@@@*...........
0x00, 0x00, 0x00, 0x00, 0x00, 0x6f, 0xff, 0xff, 0xe0, 0x00, 0x00, 0x00, 0x00, 0x00, 	//..........*@@@@@@...........
0x00, 0x00, 0x00, 0x00, 0x00, 0xdf, 0xff, 0xff, 0xf5, 0x00, 0x00, 0x00, 0x00, 0x00, 	//..........@@@@@@@+..........
0x00, 0x00, 0x00, 0x00, 0x03, 0xff, 0xff, 0xff, 0xfb, 0x00, 0x00, 0x00, 0x00, 0x00, 	//.........+@@@@@@@%..........
0x00, 0x00, 0x00, 0x00, 0x09, 0xff, 0xff, 0xff, 0xff, 0x10, 0x00, 0x00, 0x00, 0x00, 	//.........%@@@@@@@@+.........
0x00, 0x00, 0x00, 0x00, 0x0f, 0xff, 0xfc, 0xff, 0xff, 0x80, 0x00, 0x00, 0x00, 0x00, 	//.........@@@@@@@@@*.........
0x00, 0x00, 0x00, 0x00, 0x6f, 0xff, 0xf3, 0xbf, 0xff, 0xe0, 0x00, 0x00, 0x00, 0x00, 	//........*@@@@+%@@@@.........
0x00, 0x00, 0x00, 0x00, 0xcf, 0xff, 0xd0, 0x5f, 0xff, 0xf4, 0x00, 0x00, 0x00, 0x00, 	//........@@@@@.+@@@@+........
0x00, 0x00, 0x00, 0x02, 0xff, 0xff, 0x70, 0x0f, 0xff, 0xfa, 0x00, 0x00, 0x00, 0x00, 	//.......+@@@@*..@@@@%........
0x00, 0x00, 0x00, 0x08, 0xff, 0xff, 0x20, 0x09, 0xff, 0xff, 0x10, 0x00, 0x00, 0x00, 	//.......*@@@@+..%@@@@+.......
0x00, 0x00, 0x00, 0x0e, 0xff, 0xfc, 0x00, 0x03, 0xff, 0xff, 0x70, 0x00, 0x00, 0x00, 	//.......@@@@@...+@@@@*.......
0x00, 0x00, 0x00, 0x5f, 0xff, 0xf6, 0x00, 0x00, 0xdf, 0xff, 0xd0, 0x00, 0x00, 0x00, 	//......+@@@@*....@@@@@.......
0x00, 0x00, 0x00, 0xbf, 0xff, 0xf0, 0x00, 0x00, 0x8f, 0xff, 0xf4, 0x00, 0x00, 0x00, 	//......%@@@@.....*@@@@+......
0x00, 0x00, 0x02, 0xff, 0xff, 0xa0, 0x00, 0x00, 0x2f, 0xff, 0xfa, 0x00, 0x00, 0x00, 	//.....+@@@@%.....+@@@@%......
0x00, 0x00, 0x08, 0xff, 0xff, 0x40, 0x00, 0x00, 0x0c, 0xff, 0xff, 0x10, 0x00, 0x00, 	//.....*@@@@+......@@@@@+.....
0x00, 0x00, 0x0e, 0xff, 0xfe, 0x00, 0x00, 0x00, 0x06, 0xff, 0xff, 0x60, 0x00, 0x00, 	//.....@@@@@.......*@@@@*.....
0x00, 0x00, 0x4f, 0xff, 0xf8, 0x00, 0x00, 0x00, 0x00, 0xff, 0xff, 0xd0, 0x00, 0x00, 	//....+@@@@*........@@@@@.....
0x00, 0x00, 0xaf, 0xff, 0xf2, 0x00, 0x00, 0x00, 0x00, 0xaf, 0xff, 0xf3, 0x00, 0x00, 	//....%@@@@+........%@@@@+....
0x00, 0x01, 0xff, 0xff, 0xc0, 0x00, 0x00, 0x00, 0x00, 0x4f, 0xff, 0xf9, 0x00, 0x00, 	//...+@@@@@.........+@@@@%....
0x00, 0x07, 0xff, 0xff, 0x60, 0x00, 0x00, 0x00, 0x00, 0x0e, 0xff, 0xff, 0x00, 0x00, 	//...*@@@@*..........@@@@@....
0x00, 0x0d, 0xff, 0xff, 0x10, 0x00, 0x00, 0x00, 0x00, 0x08, 0xff, 0xff, 0x60, 0x00, 	//...@@@@@+..........*@@@@*...
0x00, 0x3f, 0xff, 0xfa, 0x00, 0x00, 0x00, 0x00, 0x00, 0x02, 0xff, 0xff, 0xc0, 0x00, 	//..+@@@@%...........+@@@@@...
0x00, 0xaf, 0xff, 0xf5, 0x00, 0x00, 0x00, 0x00, 0x00, 0x00, 0xcf, 0xff, 0xf3, 0x00, 	//..%@@@@+............@@@@@+..
0x01, 0xff, 0xff, 0xe0, 0x00, 0x00, 0x00, 0x00, 0x00, 0x00, 0x6f, 0xff, 0xf9, 0x00, 	//.+@@@@@.............*@@@@%..
0x06, 0xff, 0xff, 0x90, 0x00, 0x00, 0x00, 0x00, 0x00, 0x00, 0x1f, 0xff, 0xff, 0x00, 	//.*@@@@%.............+@@@@@..
0x0d, 0xff, 0xff, 0x30, 0x00, 0x00, 0x00, 0x00, 0x00, 0x00, 0x0b, 0xff, 0xff, 0x50, 	//.@@@@@+..............%@@@@+.
0x3f, 0xff, 0xfd, 0x00, 0x00, 0x00, 0x00, 0x00, 0x00, 0x00, 0x05, 0xff, 0xff, 0xc0, 	//+@@@@@...............+@@@@@.
0x5a, 0xaa, 0xa5, 0x00, 0x00, 0x00, 0x00, 0x00, 0x00, 0x00, 0x00, 0xaa, 0xaa, 0xa0, 	//+%%%%+................%%%%%.


/* _ */
0x2d, 0xdd, 0xdd, 0xdd, 0xdd, 0xdd, 0xdd, 0xdd, 0xdd, 0xdd, 0xdd, 0xdd, 0xdd, 0xdd, 0xdd, 0xdd, 0xdd, 0xb0, 	//+@@@@@@@@@@@@@@@@@@@@@@@@@@@@@@@@@%.
0x2f, 0xff, 0xff, 0xff, 0xff, 0xff, 0xff, 0xff, 0xff, 0xff, 0xff, 0xff, 0xff, 0xff, 0xff, 0xff, 0xff, 0xd0, 	//+@@@@@@@@@@@@@@@@@@@@@@@@@@@@@@@@@@.
0x2f, 0xff, 0xff, 0xff, 0xff, 0xff, 0xff, 0xff, 0xff, 0xff, 0xff, 0xff, 0xff, 0xff, 0xff, 0xff, 0xff, 0xd0, 	//+@@@@@@@@@@@@@@@@@@@@@@@@@@@@@@@@@@.
0x2f, 0xff, 0xff, 0xff, 0xff, 0xff, 0xff, 0xff, 0xff, 0xff, 0xff, 0xff, 0xff, 0xff, 0xff, 0xff, 0xff, 0xd0, 	//+@@@@@@@@@@@@@@@@@@@@@@@@@@@@@@@@@@.


/* ` */
0x00, 0x02, 0x80, 0x00, 0x00, 0x00, 0x00, 0x00, 	//...+*...........
0x00, 0x3e, 0xf6, 0x00, 0x00, 0x00, 0x00, 0x00, 	//..+@@*..........
0x04, 0xff, 0xff, 0x40, 0x00, 0x00, 0x00, 0x00, 	//.+@@@@+.........
0x4f, 0xff, 0xff, 0xf2, 0x00, 0x00, 0x00, 0x00, 	//+@@@@@@+........
0x5f, 0xff, 0xff, 0xfe, 0x10, 0x00, 0x00, 0x00, 	//+@@@@@@@+.......
0x04, 0xff, 0xff, 0xff, 0xc0, 0x00, 0x00, 0x00, 	//.+@@@@@@@.......
0x00, 0x4f, 0xff, 0xff, 0xfa, 0x00, 0x00, 0x00, 	//..+@@@@@@%......
0x00, 0x04, 0xff, 0xff, 0xff, 0x80, 0x00, 0x00, 	//...+@@@@@@*.....
0x00, 0x00, 0x4f, 0xff, 0xff, 0xf6, 0x00, 0x00, 	//....+@@@@@@*....
0x00, 0x00, 0x03, 0xff, 0xff, 0xff, 0x40, 0x00, 	//.....+@@@@@@+...
0x00, 0x00, 0x00, 0x3f, 0xff, 0xff, 0xe2, 0x00, 	//......+@@@@@@+..
0x00, 0x00, 0x00, 0x03, 0xff, 0xff, 0xfd, 0x10, 	//.......+@@@@@@+.
0x00, 0x00, 0x00, 0x00, 0x3e, 0xff, 0xfd, 0x10, 	//........+@@@@@+.
0x00, 0x00, 0x00, 0x00, 0x03, 0xef, 0xd1, 0x00, 	//.........+@@@+..
0x00, 0x00, 0x00, 0x00, 0x00, 0x2b, 0x10, 0x00, 	//..........+%+...


/* a */
0x00, 0x00, 0x00, 0x00, 0x00, 0x37, 0xab, 0xdf, 0xfd, 0xc8, 0x30, 0x00, 0x00, 0x00, 	//..........+*%%@@@@@*+.......
0x00, 0x00, 0x00, 0x03, 0x9e, 0xff, 0xff, 0xff, 0xff, 0xff, 0xfd, 0x40, 0x00, 0x00, 	//.......+%@@@@@@@@@@@@@+.....
0x00, 0x00, 0x04, 0xcf, 0xff, 0xff, 0xff, 0xff, 0xff, 0xff, 0xff, 0xf9, 0x00, 0x00, 	//.....+@@@@@@@@@@@@@@@@@%....
0x00, 0x03, 0xcf, 0xff, 0xff, 0xff, 0xff, 0xff, 0xff, 0xff, 0xff, 0xff, 0xa0, 0x00, 	//...+@@@@@@@@@@@@@@@@@@@@%...
0x00, 0x7f, 0xff, 0xff, 0xff, 0xff, 0xff, 0xee, 0xff, 0xff, 0xff, 0xff, 0xf6, 0x00, 	//..*@@@@@@@@@@@@@@@@@@@@@@*..
0x00, 0x3f, 0xff, 0xff, 0xff, 0xa5, 0x20, 0x00, 0x04, 0xbf, 0xff, 0xff, 0xff, 0x10, 	//..+@@@@@@@%++....+%@@@@@@@+.
0x00, 0x0b, 0xff, 0xfd, 0x60, 0x00, 0x00, 0x00, 0x00, 0x06, 0xff, 0xff, 0xff, 0x80, 	//...%@@@@*..........*@@@@@@*.
0x00, 0x02, 0xfe, 0x60, 0x00, 0x00, 0x00, 0x00, 0x00, 0x00, 0x7f, 0xff, 0xff, 0xd0, 	//...+@@*.............*@@@@@@.
0x00, 0x00, 0x51, 0x00, 0x00, 0x00, 0x00, 0x00, 0x00, 0x00, 0x0f, 0xff, 0xff, 0xf3, 	//....++...............@@@@@@+
0x00, 0x00, 0x00, 0x00, 0x00, 0x00, 0x00, 0x00, 0x00, 0x00, 0x09, 0xff, 0xff, 0xf6, 	//.....................%@@@@@*
0x00, 0x00, 0x00, 0x00, 0x00, 0x00, 0x00, 0x00, 0x00, 0x00, 0x04, 0xff, 0xff, 0xf9, 	//.....................+@@@@@%
0x00, 0x00, 0x00, 0x00, 0x00, 0x00, 0x00, 0x00, 0x00, 0x00, 0x02, 0xff, 0xff, 0xfb, 	//.....................+@@@@@%
0x00, 0x00, 0x00, 0x00, 0x00, 0x00, 0x00, 0x00, 0x00, 0x00, 0x00, 0xff, 0xff, 0xfc, 	//......................@@@@@@
0x00, 0x00, 0x00, 0x00, 0x00, 0x00, 0x00, 0x00, 0x00, 0x00, 0x02, 0xff, 0xff, 0xfd, 	//.....................+@@@@@@
0x00, 0x00, 0x00, 0x00, 0x00, 0x00, 0x00, 0x03, 0x69, 0xce, 0xff, 0xff, 0xff, 0xfe, 	//...............+*%@@@@@@@@@@
0x00, 0x00, 0x00, 0x00, 0x00, 0x03, 0x8c, 0xff, 0xff, 0xff, 0xff, 0xff, 0xff, 0xfe, 	//...........+*@@@@@@@@@@@@@@@
0x00, 0x00, 0x00, 0x00, 0x39, 0xef, 0xff, 0xff, 0xff, 0xff, 0xff, 0xff, 0xff, 0xfe, 	//........+%@@@@@@@@@@@@@@@@@@
0x00, 0x00, 0x00, 0x3b, 0xff, 0xff, 0xff, 0xff, 0xff, 0xff, 0xfd, 0xff, 0xff, 0xfe, 	//......+%@@@@@@@@@@@@@@@@@@@@
0x00, 0x00, 0x0a, 0xff, 0xff, 0xff, 0xff, 0xfe, 0xb7, 0x42, 0x00, 0xef, 0xff, 0xfe, 	//.....%@@@@@@@@@@%*++..@@@@@@
0x00, 0x02, 0xdf, 0xff, 0xff, 0xff, 0xd7, 0x20, 0x00, 0x00, 0x00, 0xef, 0xff, 0xfe, 	//...+@@@@@@@@@*+.......@@@@@@
0x00, 0x1d, 0xff, 0xff, 0xff, 0xb3, 0x00, 0x00, 0x00, 0x00, 0x00, 0xef, 0xff, 0xfe, 	//..+@@@@@@@%+..........@@@@@@
0x00, 0xbf, 0xff, 0xff, 0xe4, 0x00, 0x00, 0x00, 0x00, 0x00, 0x00, 0xef, 0xff, 0xfe, 	//..%@@@@@@+............@@@@@@
0x03, 0xff, 0xff, 0xfe, 0x20, 0x00, 0x00, 0x00, 0x00, 0x00, 0x00, 0xef, 0xff, 0xfe, 	//.+@@@@@@+.............@@@@@@
0x0a, 0xff, 0xff, 0xf4, 0x00, 0x00, 0x00, 0x00, 0x00, 0x00, 0x00, 0xef, 0xff, 0xfe, 	//.%@@@@@+..............@@@@@@
0x0f, 0xff, 0xff, 0xc0, 0x00, 0x00, 0x00, 0x00, 0x00, 0x00, 0x00, 0xef, 0xff, 0xfe, 	//.@@@@@@...............@@@@@@
0x1f, 0xff, 0xff, 0x80, 0x00, 0x00, 0x00, 0x00, 0x00, 0x00, 0x00, 0xef, 0xff, 0xfe, 	//+@@@@@*...............@@@@@@
0x3f, 0xff, 0xff, 0x70, 0x00, 0x00, 0x00, 0x00, 0x00, 0x00, 0x00, 0xef, 0xff, 0xfe, 	//+@@@@@*...............@@@@@@
0x2f, 0xff, 0xff, 0x80, 0x00, 0x00, 0x00, 0x00, 0x00, 0x00, 0x00, 0xff, 0xff, 0xfe, 	//+@@@@@*...............@@@@@@
0x1f, 0xff, 0xff, 0xb0, 0x00, 0x00, 0x00, 0x00, 0x00, 0x00, 0x2d, 0xff, 0xff, 0xfe, 	//+@@@@@%.............+@@@@@@@
0x0f, 0xff, 0xff, 0xf2, 0x00, 0x00, 0x00, 0x00, 0x00, 0x04, 0xef, 0xff, 0xff, 0xfe, 	//.@@@@@@+...........+@@@@@@@@
0x0a, 0xff, 0xff, 0xfc, 0x00, 0x00, 0x00, 0x00, 0x01, 0xaf, 0xff, 0xff, 0xff, 0xfe, 	//.%@@@@@@.........+%@@@@@@@@@
0x05, 0xff, 0xff, 0xff, 0xd5, 0x00, 0x00, 0x03, 0x9f, 0xff, 0xff, 0xff, 0xff, 0xfe, 	//.+@@@@@@@+.....+%@@@@@@@@@@@
0x00, 0xcf, 0xff, 0xff, 0xff, 0xfd, 0xcd, 0xff, 0xff, 0xff, 0xfa, 0x6f, 0xff, 0xfe, 	//..@@@@@@@@@@@@@@@@@@@%*@@@@@
0x00, 0x2f, 0xff, 0xff, 0xff, 0xff, 0xff, 0xff, 0xff, 0xff, 0x60, 0x3f, 0xff, 0xfe, 	//..+@@@@@@@@@@@@@@@@@*.+@@@@@
0x00, 0x04, 0xef, 0xff, 0xff, 0xff, 0xff, 0xff, 0xff, 0xb2, 0x00, 0x1f, 0xff, 0xfe, 	//...+@@@@@@@@@@@@@@%+..+@@@@@
0x00, 0x00, 0x1b, 0xff, 0xff, 0xff, 0xff, 0xff, 0xb4, 0x00, 0x00, 0x0f, 0xff, 0xfe, 	//....+%@@@@@@@@@@%+.....@@@@@
0x00, 0x00, 0x00, 0x28, 0xce, 0xfe, 0xca, 0x61, 0x00, 0x00, 0x00, 0x00, 0x00, 0x00, 	//......+*@@@@@%*+............


/* b */
0x04, 0x44, 0x44, 0x30, 0x00, 0x00, 0x00, 0x00, 0x00, 0x00, 0x00, 0x00, 0x00, 0x00, 0x00, 0x00, 	//.++++++.........................
0x1f, 0xff, 0xff, 0xc0, 0x00, 0x00, 0x00, 0x00, 0x00, 0x00, 0x00, 0x00, 0x00, 0x00, 0x00, 0x00, 	//+@@@@@@.........................
0x1f, 0xff, 0xff, 0xc0, 0x00, 0x00, 0x00, 0x00, 0x00, 0x00, 0x00, 0x00, 0x00, 0x00, 0x00, 0x00, 	//+@@@@@@.........................
0x1f, 0xff, 0xff, 0xc0, 0x00, 0x00, 0x00, 0x00, 0x00, 0x00, 0x00, 0x00, 0x00, 0x00, 0x00, 0x00, 	//+@@@@@@.........................
0x1f, 0xff, 0xff, 0xc0, 0x00, 0x00, 0x00, 0x00, 0x00, 0x00, 0x00, 0x00, 0x00, 0x00, 0x00, 0x00, 	//+@@@@@@.........................
0x1f, 0xff, 0xff, 0xc0, 0x00, 0x00, 0x00, 0x00, 0x00, 0x00, 0x00, 0x00, 0x00, 0x00, 0x00, 0x00, 	//+@@@@@@.........................
0x1f, 0xff, 0xff, 0xc0, 0x00, 0x00, 0x00, 0x00, 0x00, 0x00, 0x00, 0x00, 0x00, 0x00, 0x00, 0x00, 	//+@@@@@@.........................
0x1f, 0xff, 0xff, 0xc0, 0x00, 0x00, 0x00, 0x00, 0x00, 0x00, 0x00, 0x00, 0x00, 0x00, 0x00, 0x00, 	//+@@@@@@.........................
0x1f, 0xff, 0xff, 0xc0, 0x00, 0x00, 0x00, 0x00, 0x00, 0x00, 0x00, 0x00, 0x00, 0x00, 0x00, 0x00, 	//+@@@@@@.........................
0x1f, 0xff, 0xff, 0xc0, 0x00, 0x00, 0x00, 0x00, 0x00, 0x00, 0x00, 0x00, 0x00, 0x00, 0x00, 0x00, 	//+@@@@@@.........................
0x1f, 0xff, 0xff, 0xc0, 0x00, 0x00, 0x00, 0x00, 0x00, 0x00, 0x00, 0x00, 0x00, 0x00, 0x00, 0x00, 	//+@@@@@@.........................
0x1f, 0xff, 0xff, 0xc0, 0x00, 0x00, 0x00, 0x00, 0x00, 0x00, 0x00, 0x00, 0x00, 0x00, 0x00, 0x00, 	//+@@@@@@.........................
0x1f, 0xff, 0xff, 0xc0, 0x00, 0x00, 0x00, 0x00, 0x00, 0x00, 0x00, 0x00, 0x00, 0x00, 0x00, 0x00, 	//+@@@@@@.........................
0x1f, 0xff, 0xff, 0xc0, 0x00, 0x00, 0x00, 0x00, 0x00, 0x00, 0x00, 0x00, 0x00, 0x00, 0x00, 0x00, 	//+@@@@@@.........................
0x1f, 0xff, 0xff, 0xc0, 0x00, 0x00, 0x00, 0x00, 0x00, 0x00, 0x00, 0x00, 0x00, 0x00, 0x00, 0x00, 	//+@@@@@@.........................
0x1f, 0xff, 0xff, 0xb0, 0x00, 0x00, 0x00, 0x00, 0x00, 0x00, 0x00, 0x00, 0x00, 0x00, 0x00, 0x00, 	//+@@@@@%.........................
0x1f, 0xff, 0xff, 0xb0, 0x00, 0x00, 0x03, 0x9b, 0xdf, 0xec, 0xa5, 0x00, 0x00, 0x00, 0x00, 0x00, 	//+@@@@@%......+%%@@@@%+..........
0x1f, 0xff, 0xff, 0xa0, 0x00, 0x06, 0xdf, 0xff, 0xff, 0xff, 0xff, 0xfa, 0x10, 0x00, 0x00, 0x00, 	//+@@@@@%....*@@@@@@@@@@@%+.......
0x1f, 0xff, 0xff, 0x90, 0x04, 0xdf, 0xff, 0xff, 0xff, 0xff, 0xff, 0xff, 0xe5, 0x00, 0x00, 0x00, 	//+@@@@@%..+@@@@@@@@@@@@@@@+......
0x1f, 0xff, 0xff, 0x90, 0x9f, 0xff, 0xff, 0xff, 0xff, 0xff, 0xff, 0xff, 0xff, 0x60, 0x00, 0x00, 	//+@@@@@%.%@@@@@@@@@@@@@@@@@*.....
0x1f, 0xff, 0xff, 0xad, 0xff, 0xff, 0xff, 0xff, 0xff, 0xff, 0xff, 0xff, 0xff, 0xf5, 0x00, 0x00, 	//+@@@@@%@@@@@@@@@@@@@@@@@@@@+....
0x1f, 0xff, 0xff, 0xff, 0xff, 0xff, 0xc6, 0x20, 0x01, 0x49, 0xff, 0xff, 0xff, 0xff, 0x10, 0x00, 	//+@@@@@@@@@@@@*+..++%@@@@@@@@+...
0x1f, 0xff, 0xff, 0xff, 0xff, 0xd3, 0x00, 0x00, 0x00, 0x00, 0x2c, 0xff, 0xff, 0xff, 0xa0, 0x00, 	//+@@@@@@@@@@+........+@@@@@@@%...
0x1f, 0xff, 0xff, 0xff, 0xf7, 0x00, 0x00, 0x00, 0x00, 0x00, 0x00, 0xbf, 0xff, 0xff, 0xf3, 0x00, 	//+@@@@@@@@*............%@@@@@@+..
0x1f, 0xff, 0xff, 0xff, 0x40, 0x00, 0x00, 0x00, 0x00, 0x00, 0x00, 0x1e, 0xff, 0xff, 0xfa, 0x00, 	//+@@@@@@@+.............+@@@@@@%..
0x1f, 0xff, 0xff, 0xe2, 0x00, 0x00, 0x00, 0x00, 0x00, 0x00, 0x00, 0x06, 0xff, 0xff, 0xff, 0x00, 	//+@@@@@@+...............*@@@@@@..
0x1f, 0xff, 0xff, 0xc0, 0x00, 0x00, 0x00, 0x00, 0x00, 0x00, 0x00, 0x00, 0xef, 0xff, 0xff, 0x50, 	//+@@@@@@.................@@@@@@+.
0x1f, 0xff, 0xff, 0xc0, 0x00, 0x00, 0x00, 0x00, 0x00, 0x00, 0x00, 0x00, 0xaf, 0xff, 0xff, 0x80, 	//+@@@@@@.................%@@@@@*.
0x1f, 0xff, 0xff, 0xc0, 0x00, 0x00, 0x00, 0x00, 0x00, 0x00, 0x00, 0x00, 0x5f, 0xff, 0xff, 0xb0, 	//+@@@@@@.................+@@@@@%.
0x1f, 0xff, 0xff, 0xc0, 0x00, 0x00, 0x00, 0x00, 0x00, 0x00, 0x00, 0x00, 0x2f, 0xff, 0xff, 0xe0, 	//+@@@@@@.................+@@@@@@.
0x1f, 0xff, 0xff, 0xc0, 0x00, 0x00, 0x00, 0x00, 0x00, 0x00, 0x00, 0x00, 0x0f, 0xff, 0xff, 0xf1, 	//+@@@@@@..................@@@@@@+
0x1f, 0xff, 0xff, 0xc0, 0x00, 0x00, 0x00, 0x00, 0x00, 0x00, 0x00, 0x00, 0x0e, 0xff, 0xff, 0xf2, 	//+@@@@@@..................@@@@@@+
0x1f, 0xff, 0xff, 0xc0, 0x00, 0x00, 0x00, 0x00, 0x00, 0x00, 0x00, 0x00, 0x0d, 0xff, 0xff, 0xf3, 	//+@@@@@@..................@@@@@@+
0x1f, 0xff, 0xff, 0xc0, 0x00, 0x00, 0x00, 0x00, 0x00, 0x00, 0x00, 0x00, 0x0d, 0xff, 0xff, 0xf4, 	//+@@@@@@..................@@@@@@+
0x1f, 0xff, 0xff, 0xc0, 0x00, 0x00, 0x00, 0x00, 0x00, 0x00, 0x00, 0x00, 0x0d, 0xff, 0xff, 0xf3, 	//+@@@@@@..................@@@@@@+
0x1f, 0xff, 0xff, 0xc0, 0x00, 0x00, 0x00, 0x00, 0x00, 0x00, 0x00, 0x00, 0x0e, 0xff, 0xff, 0xf2, 	//+@@@@@@..................@@@@@@+
0x1f, 0xff, 0xff, 0xc0, 0x00, 0x00, 0x00, 0x00, 0x00, 0x00, 0x00, 0x00, 0x0f, 0xff, 0xff, 0xf1, 	//+@@@@@@..................@@@@@@+
0x1f, 0xff, 0xff, 0xc0, 0x00, 0x00, 0x00, 0x00, 0x00, 0x00, 0x00, 0x00, 0x1f, 0xff, 0xff, 0xf0, 	//+@@@@@@.................+@@@@@@.
0x1f, 0xff, 0xff, 0xc0, 0x00, 0x00, 0x00, 0x00, 0x00, 0x00, 0x00, 0x00, 0x4f, 0xff, 0xff, 0xe0, 	//+@@@@@@.................+@@@@@@.
0x1f, 0xff, 0xff, 0xc0, 0x00, 0x00, 0x00, 0x00, 0x00, 0x00, 0x00, 0x00, 0x7f, 0xff, 0xff, 0xa0, 	//+@@@@@@.................*@@@@@%.
0x1f, 0xff, 0xff, 0xc0, 0x00, 0x00, 0x00, 0x00, 0x00, 0x00, 0x00, 0x00, 0xcf, 0xff, 0xff, 0x60, 	//+@@@@@@.................@@@@@@*.
0x1f, 0xff, 0xff, 0xc0, 0x00, 0x00, 0x00, 0x00, 0x00, 0x00, 0x00, 0x02, 0xff, 0xff, 0xff, 0x20, 	//+@@@@@@................+@@@@@@+.
0x1f, 0xff, 0xff, 0xc0, 0x00, 0x00, 0x00, 0x00, 0x00, 0x00, 0x00, 0x08, 0xff, 0xff, 0xfd, 0x00, 	//+@@@@@@................*@@@@@@..
0x1f, 0xff, 0xff, 0xc0, 0x00, 0x00, 0x00, 0x00, 0x00, 0x00, 0x00, 0x2f, 0xff, 0xff, 0xf6, 0x00, 	//+@@@@@@...............+@@@@@@*..
0x1f, 0xff, 0xff, 0xe1, 0x00, 0x00, 0x00, 0x00, 0x00, 0x00, 0x00, 0xcf, 0xff, 0xff, 0xe0, 0x00, 	//+@@@@@@+..............@@@@@@@...
0x1f, 0xff, 0xff, 0xfe, 0x40, 0x00, 0x00, 0x00, 0x00, 0x00, 0x0a, 0xff, 0xff, 0xff, 0x70, 0x00, 	//+@@@@@@@+............%@@@@@@*...
0x1f, 0xff, 0xff, 0xff, 0xf9, 0x10, 0x00, 0x00, 0x00, 0x02, 0xcf, 0xff, 0xff, 0xfc, 0x00, 0x00, 	//+@@@@@@@@%+........+@@@@@@@@....
0x1f, 0xff, 0xff, 0xff, 0xff, 0xfa, 0x51, 0x00, 0x14, 0x9f, 0xff, 0xff, 0xff, 0xf2, 0x00, 0x00, 	//+@@@@@@@@@@%++..++%@@@@@@@@+....
0x1f, 0xff, 0xff, 0xcf, 0xff, 0xff, 0xff, 0xff, 0xff, 0xff, 0xff, 0xff, 0xff, 0x40, 0x00, 0x00, 	//+@@@@@@@@@@@@@@@@@@@@@@@@@+.....
0x1f, 0xff, 0xfe, 0x08, 0xff, 0xff, 0xff, 0xff, 0xff, 0xff, 0xff, 0xff, 0xe3, 0x00, 0x00, 0x00, 	//+@@@@@.*@@@@@@@@@@@@@@@@@+......
0x1f, 0xff, 0xfc, 0x00, 0x4e, 0xff, 0xff, 0xff, 0xff, 0xff, 0xff, 0xfc, 0x20, 0x00, 0x00, 0x00, 	//+@@@@@..+@@@@@@@@@@@@@@@+.......
0x1f, 0xff, 0xf9, 0x00, 0x00, 0x7e, 0xff, 0xff, 0xff, 0xff, 0xfd, 0x50, 0x00, 0x00, 0x00, 0x00, 	//+@@@@%....*@@@@@@@@@@@+.........
0x00, 0x00, 0x00, 0x00, 0x00, 0x00, 0x49, 0xce, 0xfd, 0xb8, 0x30, 0x00, 0x00, 0x00, 0x00, 0x00, 	//............+%@@@@%*+...........


/* c */
0x00, 0x00, 0x00, 0x00, 0x00, 0x00, 0x59, 0xcd, 0xff, 0xdb, 0x83, 0x00, 0x00, 0x00, 	//............+%@@@@@%*+......
0x00, 0x00, 0x00, 0x00, 0x02, 0xaf, 0xff, 0xff, 0xff, 0xff, 0xff, 0xe6, 0x00, 0x00, 	//.........+%@@@@@@@@@@@@*....
0x00, 0x00, 0x00, 0x01, 0x9f, 0xff, 0xff, 0xff, 0xff, 0xff, 0xff, 0xff, 0xd3, 0x00, 	//.......+%@@@@@@@@@@@@@@@@+..
0x00, 0x00, 0x00, 0x3e, 0xff, 0xff, 0xff, 0xff, 0xff, 0xff, 0xff, 0xff, 0xff, 0x60, 	//......+@@@@@@@@@@@@@@@@@@@*.
0x00, 0x00, 0x04, 0xff, 0xff, 0xff, 0xff, 0xff, 0xff, 0xff, 0xff, 0xff, 0xff, 0xc0, 	//.....+@@@@@@@@@@@@@@@@@@@@@.
0x00, 0x00, 0x3f, 0xff, 0xff, 0xff, 0xfb, 0x52, 0x00, 0x14, 0x9f, 0xff, 0xff, 0x20, 	//....+@@@@@@@@%++..++%@@@@@+.
0x00, 0x01, 0xef, 0xff, 0xff, 0xfc, 0x20, 0x00, 0x00, 0x00, 0x01, 0xaf, 0xf5, 0x00, 	//...+@@@@@@@@+........+%@@+..
0x00, 0x0b, 0xff, 0xff, 0xff, 0x90, 0x00, 0x00, 0x00, 0x00, 0x00, 0x07, 0x80, 0x00, 	//...%@@@@@@%............**...
0x00, 0x4f, 0xff, 0xff, 0xfa, 0x00, 0x00, 0x00, 0x00, 0x00, 0x00, 0x00, 0x00, 0x00, 	//..+@@@@@@%..................
0x00, 0xbf, 0xff, 0xff, 0xd0, 0x00, 0x00, 0x00, 0x00, 0x00, 0x00, 0x00, 0x00, 0x00, 	//..%@@@@@@...................
0x03, 0xff, 0xff, 0xff, 0x30, 0x00, 0x00, 0x00, 0x00, 0x00, 0x00, 0x00, 0x00, 0x00, 	//.+@@@@@@+...................
0x08, 0xff, 0xff, 0xfc, 0x00, 0x00, 0x00, 0x00, 0x00, 0x00, 0x00, 0x00, 0x00, 0x00, 	//.*@@@@@@....................
0x0d, 0xff, 0xff, 0xf5, 0x00, 0x00, 0x00, 0x00, 0x00, 0x00, 0x00, 0x00, 0x00, 0x00, 	//.@@@@@@+....................
0x1f, 0xff, 0xff, 0xf0, 0x00, 0x00, 0x00, 0x00, 0x00, 0x00, 0x00, 0x00, 0x00, 0x00, 	//+@@@@@@.....................
0x5f, 0xff, 0xff, 0xc0, 0x00, 0x00, 0x00, 0x00, 0x00, 0x00, 0x00, 0x00, 0x00, 0x00, 	//+@@@@@@.....................
0x6f, 0xff, 0xff, 0x90, 0x00, 0x00, 0x00, 0x00, 0x00, 0x00, 0x00, 0x00, 0x00, 0x00, 	//*@@@@@%.....................
0x8f, 0xff, 0xff, 0x70, 0x00, 0x00, 0x00, 0x00, 0x00, 0x00, 0x00, 0x00, 0x00, 0x00, 	//*@@@@@*.....................
0x9f, 0xff, 0xff, 0x60, 0x00, 0x00, 0x00, 0x00, 0x00, 0x00, 0x00, 0x00, 0x00, 0x00, 	//%@@@@@*.....................
0xaf, 0xff, 0xff, 0x50, 0x00, 0x00, 0x00, 0x00, 0x00, 0x00, 0x00, 0x00, 0x00, 0x00, 	//%@@@@@+.....................
0x9f, 0xff, 0xff, 0x60, 0x00, 0x00, 0x00, 0x00, 0x00, 0x00, 0x00, 0x00, 0x00, 0x00, 	//%@@@@@*.....................
0x8f, 0xff, 0xff, 0x70, 0x00, 0x00, 0x00, 0x00, 0x00, 0x00, 0x00, 0x00, 0x00, 0x00, 	//*@@@@@*.....................
0x7f, 0xff, 0xff, 0x80, 0x00, 0x00, 0x00, 0x00, 0x00, 0x00, 0x00, 0x00, 0x00, 0x00, 	//*@@@@@*.....................
0x6f, 0xff, 0xff, 0xb0, 0x00, 0x00, 0x00, 0x00, 0x00, 0x00, 0x00, 0x00, 0x00, 0x00, 	//*@@@@@%.....................
0x2f, 0xff, 0xff, 0xf0, 0x00, 0x00, 0x00, 0x00, 0x00, 0x00, 0x00, 0x00, 0x00, 0x00, 	//+@@@@@@.....................
0x0e, 0xff, 0xff, 0xf4, 0x00, 0x00, 0x00, 0x00, 0x00, 0x00, 0x00, 0x00, 0x00, 0x00, 	//.@@@@@@+....................
0x0a, 0xff, 0xff, 0xfa, 0x00, 0x00, 0x00, 0x00, 0x00, 0x00, 0x00, 0x00, 0x00, 0x00, 	//.%@@@@@%....................
0x06, 0xff, 0xff, 0xff, 0x10, 0x00, 0x00, 0x00, 0x00, 0x00, 0x00, 0x00, 0x00, 0x00, 	//.*@@@@@@+...................
0x00, 0xef, 0xff, 0xff, 0xb0, 0x00, 0x00, 0x00, 0x00, 0x00, 0x00, 0x00, 0x00, 0x00, 	//..@@@@@@%...................
0x00, 0x7f, 0xff, 0xff, 0xf6, 0x00, 0x00, 0x00, 0x00, 0x00, 0x00, 0x00, 0x01, 0x00, 	//..*@@@@@@*...............+..
0x00, 0x1e, 0xff, 0xff, 0xff, 0x60, 0x00, 0x00, 0x00, 0x00, 0x00, 0x01, 0xbd, 0x00, 	//..+@@@@@@@*............+%@..
0x00, 0x04, 0xff, 0xff, 0xff, 0xf9, 0x00, 0x00, 0x00, 0x00, 0x00, 0x6e, 0xff, 0x70, 	//...+@@@@@@@%..........*@@@*.
0x00, 0x00, 0x8f, 0xff, 0xff, 0xff, 0xe8, 0x30, 0x00, 0x02, 0x8d, 0xff, 0xff, 0xf2, 	//....*@@@@@@@@*+....+*@@@@@@+
0x00, 0x00, 0x0a, 0xff, 0xff, 0xff, 0xff, 0xff, 0xee, 0xff, 0xff, 0xff, 0xff, 0xf9, 	//.....%@@@@@@@@@@@@@@@@@@@@@%
0x00, 0x00, 0x00, 0x8f, 0xff, 0xff, 0xff, 0xff, 0xff, 0xff, 0xff, 0xff, 0xff, 0xa0, 	//......*@@@@@@@@@@@@@@@@@@@%.
0x00, 0x00, 0x00, 0x05, 0xdf, 0xff, 0xff, 0xff, 0xff, 0xff, 0xff, 0xff, 0xd5, 0x00, 	//.......+@@@@@@@@@@@@@@@@@+..
0x00, 0x00, 0x00, 0x00, 0x06, 0xef, 0xff, 0xff, 0xff, 0xff, 0xff, 0xd6, 0x00, 0x00, 	//.........*@@@@@@@@@@@@@*....
0x00, 0x00, 0x00, 0x00, 0x00, 0x02, 0x7b, 0xce, 0xfe, 0xdb, 0x72, 0x00, 0x00, 0x00, 	//...........+*%@@@@@%*+......


/* d */
0x00, 0x00, 0x00, 0x00, 0x00, 0x00, 0x00, 0x00, 0x00, 0x00, 0x00, 0x00, 0x04, 0x44, 0x44, 0x30, 	//.........................++++++.
0x00, 0x00, 0x00, 0x00, 0x00, 0x00, 0x00, 0x00, 0x00, 0x00, 0x00, 0x00, 0x1f, 0xff, 0xff, 0xc0, 	//........................+@@@@@@.
0x00, 0x00, 0x00, 0x00, 0x00, 0x00, 0x00, 0x00, 0x00, 0x00, 0x00, 0x00, 0x1f, 0xff, 0xff, 0xc0, 	//........................+@@@@@@.
0x00, 0x00, 0x00, 0x00, 0x00, 0x00, 0x00, 0x00, 0x00, 0x00, 0x00, 0x00, 0x1f, 0xff, 0xff, 0xc0, 	//........................+@@@@@@.
0x00, 0x00, 0x00, 0x00, 0x00, 0x00, 0x00, 0x00, 0x00, 0x00, 0x00, 0x00, 0x1f, 0xff, 0xff, 0xc0, 	//........................+@@@@@@.
0x00, 0x00, 0x00, 0x00, 0x00, 0x00, 0x00, 0x00, 0x00, 0x00, 0x00, 0x00, 0x1f, 0xff, 0xff, 0xc0, 	//........................+@@@@@@.
0x00, 0x00, 0x00, 0x00, 0x00, 0x00, 0x00, 0x00, 0x00, 0x00, 0x00, 0x00, 0x1f, 0xff, 0xff, 0xc0, 	//........................+@@@@@@.
0x00, 0x00, 0x00, 0x00, 0x00, 0x00, 0x00, 0x00, 0x00, 0x00, 0x00, 0x00, 0x1f, 0xff, 0xff, 0xc0, 	//........................+@@@@@@.
0x00, 0x00, 0x00, 0x00, 0x00, 0x00, 0x00, 0x00, 0x00, 0x00, 0x00, 0x00, 0x1f, 0xff, 0xff, 0xc0, 	//........................+@@@@@@.
0x00, 0x00, 0x00, 0x00, 0x00, 0x00, 0x00, 0x00, 0x00, 0x00, 0x00, 0x00, 0x1f, 0xff, 0xff, 0xc0, 	//........................+@@@@@@.
0x00, 0x00, 0x00, 0x00, 0x00, 0x00, 0x00, 0x00, 0x00, 0x00, 0x00, 0x00, 0x1f, 0xff, 0xff, 0xc0, 	//........................+@@@@@@.
0x00, 0x00, 0x00, 0x00, 0x00, 0x00, 0x00, 0x00, 0x00, 0x00, 0x00, 0x00, 0x1f, 0xff, 0xff, 0xc0, 	//........................+@@@@@@.
0x00, 0x00, 0x00, 0x00, 0x00, 0x00, 0x00, 0x00, 0x00, 0x00, 0x00, 0x00, 0x1f, 0xff, 0xff, 0xc0, 	//........................+@@@@@@.
0x00, 0x00, 0x00, 0x00, 0x00, 0x00, 0x00, 0x00, 0x00, 0x00, 0x00, 0x00, 0x1f, 0xff, 0xff, 0xc0, 	//........................+@@@@@@.
0x00, 0x00, 0x00, 0x00, 0x00, 0x00, 0x00, 0x00, 0x00, 0x00, 0x00, 0x00, 0x1f, 0xff, 0xff, 0xc0, 	//........................+@@@@@@.
0x00, 0x00, 0x00, 0x00, 0x00, 0x00, 0x00, 0x00, 0x00, 0x00, 0x00, 0x00, 0x0f, 0xff, 0xff, 0xc0, 	//.........................@@@@@@.
0x00, 0x00, 0x00, 0x00, 0x00, 0x05, 0xac, 0xef, 0xec, 0xa4, 0x00, 0x00, 0x0f, 0xff, 0xff, 0xc0, 	//...........+%@@@@@%+.....@@@@@@.
0x00, 0x00, 0x00, 0x00, 0x09, 0xff, 0xff, 0xff, 0xff, 0xff, 0xe7, 0x00, 0x0e, 0xff, 0xff, 0xc0, 	//.........%@@@@@@@@@@@*...@@@@@@.
0x00, 0x00, 0x00, 0x05, 0xef, 0xff, 0xff, 0xff, 0xff, 0xff, 0xff, 0xd3, 0x0d, 0xff, 0xff, 0xc0, 	//.......+@@@@@@@@@@@@@@@+.@@@@@@.
0x00, 0x00, 0x00, 0x8f, 0xff, 0xff, 0xff, 0xff, 0xff, 0xff, 0xff, 0xff, 0x7d, 0xff, 0xff, 0xc0, 	//......*@@@@@@@@@@@@@@@@@*@@@@@@.
0x00, 0x00, 0x09, 0xff, 0xff, 0xff, 0xff, 0xff, 0xff, 0xff, 0xff, 0xff, 0xff, 0xff, 0xff, 0xc0, 	//.....%@@@@@@@@@@@@@@@@@@@@@@@@@.
0x00, 0x00, 0x7f, 0xff, 0xff, 0xff, 0xe8, 0x30, 0x00, 0x26, 0xcf, 0xff, 0xff, 0xff, 0xff, 0xc0, 	//....*@@@@@@@@*+...+*@@@@@@@@@@@.
0x00, 0x02, 0xff, 0xff, 0xff, 0xfa, 0x00, 0x00, 0x00, 0x00, 0x04, 0xcf, 0xff, 0xff, 0xff, 0xc0, 	//...+@@@@@@@%.........+@@@@@@@@@.
0x00, 0x0d, 0xff, 0xff, 0xff, 0x70, 0x00, 0x00, 0x00, 0x00, 0x00, 0x08, 0xff, 0xff, 0xff, 0xc0, 	//...@@@@@@@*............*@@@@@@@.
0x00, 0x5f, 0xff, 0xff, 0xf8, 0x00, 0x00, 0x00, 0x00, 0x00, 0x00, 0x00, 0x6f, 0xff, 0xff, 0xc0, 	//..+@@@@@@*..............*@@@@@@.
0x00, 0xcf, 0xff, 0xff, 0xd0, 0x00, 0x00, 0x00, 0x00, 0x00, 0x00, 0x00, 0x1f, 0xff, 0xff, 0xc0, 	//..@@@@@@@...............+@@@@@@.
0x03, 0xff, 0xff, 0xff, 0x30, 0x00, 0x00, 0x00, 0x00, 0x00, 0x00, 0x00, 0x1f, 0xff, 0xff, 0xc0, 	//.+@@@@@@+...............+@@@@@@.
0x08, 0xff, 0xff, 0xfc, 0x00, 0x00, 0x00, 0x00, 0x00, 0x00, 0x00, 0x00, 0x1f, 0xff, 0xff, 0xc0, 	//.*@@@@@@................+@@@@@@.
0x0d, 0xff, 0xff, 0xf6, 0x00, 0x00, 0x00, 0x00, 0x00, 0x00, 0x00, 0x00, 0x1f, 0xff, 0xff, 0xc0, 	//.@@@@@@*................+@@@@@@.
0x1f, 0xff, 0xff, 0xf1, 0x00, 0x00, 0x00, 0x00, 0x00, 0x00, 0x00, 0x00, 0x1f, 0xff, 0xff, 0xc0, 	//+@@@@@@+................+@@@@@@.
0x4f, 0xff, 0xff, 0xd0, 0x00, 0x00, 0x00, 0x00, 0x00, 0x00, 0x00, 0x00, 0x1f, 0xff, 0xff, 0xc0, 	//+@@@@@@.................+@@@@@@.
0x6f, 0xff, 0xff, 0xa0, 0x00, 0x00, 0x00, 0x00, 0x00, 0x00, 0x00, 0x00, 0x1f, 0xff, 0xff, 0xc0, 	//*@@@@@%.................+@@@@@@.
0x7f, 0xff, 0xff, 0x80, 0x00, 0x00, 0x00, 0x00, 0x00, 0x00, 0x00, 0x00, 0x1f, 0xff, 0xff, 0xc0, 	//*@@@@@*.................+@@@@@@.
0x8f, 0xff, 0xff, 0x70, 0x00, 0x00, 0x00, 0x00, 0x00, 0x00, 0x00, 0x00, 0x1f, 0xff, 0xff, 0xc0, 	//*@@@@@*.................+@@@@@@.
0x9f, 0xff, 0xff, 0x60, 0x00, 0x00, 0x00, 0x00, 0x00, 0x00, 0x00, 0x00, 0x1f, 0xff, 0xff, 0xc0, 	//%@@@@@*.................+@@@@@@.
0x8f, 0xff, 0xff, 0x70, 0x00, 0x00, 0x00, 0x00, 0x00, 0x00, 0x00, 0x00, 0x1f, 0xff, 0xff, 0xc0, 	//*@@@@@*.................+@@@@@@.
0x7f, 0xff, 0xff, 0x80, 0x00, 0x00, 0x00, 0x00, 0x00, 0x00, 0x00, 0x00, 0x1f, 0xff, 0xff, 0xc0, 	//*@@@@@*.................+@@@@@@.
0x6f, 0xff, 0xff, 0x90, 0x00, 0x00, 0x00, 0x00, 0x00, 0x00, 0x00, 0x00, 0x1f, 0xff, 0xff, 0xc0, 	//*@@@@@%.................+@@@@@@.
0x5f, 0xff, 0xff, 0xb0, 0x00, 0x00, 0x00, 0x00, 0x00, 0x00, 0x00, 0x00, 0x1f, 0xff, 0xff, 0xc0, 	//+@@@@@%.................+@@@@@@.
0x2f, 0xff, 0xff, 0xe0, 0x00, 0x00, 0x00, 0x00, 0x00, 0x00, 0x00, 0x00, 0x1f, 0xff, 0xff, 0xc0, 	//+@@@@@@.................+@@@@@@.
0x0f, 0xff, 0xff, 0xf2, 0x00, 0x00, 0x00, 0x00, 0x00, 0x00, 0x00, 0x00, 0x1f, 0xff, 0xff, 0xc0, 	//.@@@@@@+................+@@@@@@.
0x0c, 0xff, 0xff, 0xf7, 0x00, 0x00, 0x00, 0x00, 0x00, 0x00, 0x00, 0x00, 0x1f, 0xff, 0xff, 0xc0, 	//.@@@@@@*................+@@@@@@.
0x08, 0xff, 0xff, 0xfd, 0x00, 0x00, 0x00, 0x00, 0x00, 0x00, 0x00, 0x00, 0x1f, 0xff, 0xff, 0xc0, 	//.*@@@@@@................+@@@@@@.
0x02, 0xff, 0xff, 0xff, 0x50, 0x00, 0x00, 0x00, 0x00, 0x00, 0x00, 0x00, 0x6f, 0xff, 0xff, 0xc0, 	//.+@@@@@@+...............*@@@@@@.
0x00, 0xcf, 0xff, 0xff, 0xe1, 0x00, 0x00, 0x00, 0x00, 0x00, 0x00, 0x06, 0xff, 0xff, 0xff, 0xc0, 	//..@@@@@@@+.............*@@@@@@@.
0x00, 0x6f, 0xff, 0xff, 0xfc, 0x00, 0x00, 0x00, 0x00, 0x00, 0x00, 0x7f, 0xff, 0xff, 0xff, 0xc0, 	//..*@@@@@@@............*@@@@@@@@.
0x00, 0x0c, 0xff, 0xff, 0xff, 0xc2, 0x00, 0x00, 0x00, 0x00, 0x2c, 0xff, 0xff, 0xff, 0xff, 0xc0, 	//...@@@@@@@@+........+@@@@@@@@@@.
0x00, 0x02, 0xff, 0xff, 0xff, 0xff, 0xa4, 0x10, 0x01, 0x4a, 0xff, 0xff, 0xff, 0xff, 0xff, 0xc0, 	//...+@@@@@@@@%++..++%@@@@@@@@@@@.
0x00, 0x00, 0x6f, 0xff, 0xff, 0xff, 0xff, 0xff, 0xff, 0xff, 0xff, 0xff, 0xb8, 0xff, 0xff, 0xc0, 	//....*@@@@@@@@@@@@@@@@@@@%*@@@@@.
0x00, 0x00, 0x06, 0xff, 0xff, 0xff, 0xff, 0xff, 0xff, 0xff, 0xff, 0xf9, 0x05, 0xff, 0xff, 0xc0, 	//.....*@@@@@@@@@@@@@@@@@%.+@@@@@.
0x00, 0x00, 0x00, 0x5e, 0xff, 0xff, 0xff, 0xff, 0xff, 0xff, 0xfe, 0x50, 0x03, 0xff, 0xff, 0xc0, 	//......+@@@@@@@@@@@@@@@+..+@@@@@.
0x00, 0x00, 0x00, 0x01, 0x9f, 0xff, 0xff, 0xff, 0xff, 0xfe, 0x80, 0x00, 0x01, 0xff, 0xff, 0xc0, 	//.......+%@@@@@@@@@@@*....+@@@@@.
0x00, 0x00, 0x00, 0x00, 0x00, 0x5a, 0xce, 0xfe, 0xca, 0x50, 0x00, 0x00, 0x00, 0x00, 0x00, 0x00, 	//..........+%@@@@@%+.............


/* e */
0x00, 0x00, 0x00, 0x00, 0x00, 0x02, 0x8b, 0xdf, 0xed, 0xb8, 0x30, 0x00, 0x00, 0x00, 0x00, 	//...........+*%@@@@%*+.........
0x00, 0x00, 0x00, 0x00, 0x05, 0xdf, 0xff, 0xff, 0xff, 0xff, 0xfe, 0x60, 0x00, 0x00, 0x00, 	//.........+@@@@@@@@@@@@*.......
0x00, 0x00, 0x00, 0x02, 0xcf, 0xff, 0xff, 0xff, 0xff, 0xff, 0xff, 0xfc, 0x20, 0x00, 0x00, 	//.......+@@@@@@@@@@@@@@@@+.....
0x00, 0x00, 0x00, 0x4f, 0xff, 0xff, 0xff, 0xff, 0xff, 0xff, 0xff, 0xff, 0xe3, 0x00, 0x00, 	//......+@@@@@@@@@@@@@@@@@@+....
0x00, 0x00, 0x05, 0xff, 0xff, 0xff, 0xff, 0xdb, 0xbd, 0xff, 0xff, 0xff, 0xfe, 0x20, 0x00, 	//.....+@@@@@@@@@%%@@@@@@@@@+...
0x00, 0x00, 0x4f, 0xff, 0xff, 0xfe, 0x61, 0x00, 0x00, 0x05, 0xef, 0xff, 0xff, 0xc0, 0x00, 	//....+@@@@@@@*+.....+@@@@@@@...
0x00, 0x01, 0xef, 0xff, 0xff, 0xa0, 0x00, 0x00, 0x00, 0x00, 0x0a, 0xff, 0xff, 0xf7, 0x00, 	//...+@@@@@@%..........%@@@@@*..
0x00, 0x0b, 0xff, 0xff, 0xf8, 0x00, 0x00, 0x00, 0x00, 0x00, 0x00, 0xbf, 0xff, 0xfe, 0x00, 	//...%@@@@@*............%@@@@@..
0x00, 0x4f, 0xff, 0xff, 0xb0, 0x00, 0x00, 0x00, 0x00, 0x00, 0x00, 0x1f, 0xff, 0xff, 0x50, 	//..+@@@@@%.............+@@@@@+.
0x00, 0xbf, 0xff, 0xff, 0x10, 0x00, 0x00, 0x00, 0x00, 0x00, 0x00, 0x08, 0xff, 0xff, 0xb0, 	//..%@@@@@+..............*@@@@%.
0x03, 0xff, 0xff, 0xf7, 0x00, 0x00, 0x00, 0x00, 0x00, 0x00, 0x00, 0x02, 0xff, 0xff, 0xf0, 	//.+@@@@@*...............+@@@@@.
0x08, 0xff, 0xff, 0xf1, 0x00, 0x00, 0x00, 0x00, 0x00, 0x00, 0x00, 0x00, 0xdf, 0xff, 0xf3, 	//.*@@@@@+................@@@@@+
0x0c, 0xff, 0xff, 0xb0, 0x00, 0x00, 0x00, 0x00, 0x00, 0x00, 0x00, 0x00, 0xaf, 0xff, 0xf6, 	//.@@@@@%.................%@@@@*
0x1f, 0xff, 0xff, 0x60, 0x00, 0x00, 0x00, 0x00, 0x00, 0x00, 0x00, 0x00, 0x8f, 0xff, 0xf8, 	//+@@@@@*.................*@@@@*
0x5f, 0xff, 0xff, 0x30, 0x00, 0x00, 0x00, 0x00, 0x00, 0x00, 0x00, 0x00, 0x7f, 0xff, 0xf9, 	//+@@@@@+.................*@@@@%
0x6f, 0xff, 0xff, 0x32, 0x22, 0x22, 0x22, 0x22, 0x22, 0x22, 0x22, 0x22, 0x7f, 0xff, 0xfa, 	//*@@@@@++++++++++++++++++*@@@@%
0x8f, 0xff, 0xff, 0xff, 0xff, 0xff, 0xff, 0xff, 0xff, 0xff, 0xff, 0xff, 0xff, 0xff, 0xfb, 	//*@@@@@@@@@@@@@@@@@@@@@@@@@@@@%
0x9f, 0xff, 0xff, 0xff, 0xff, 0xff, 0xff, 0xff, 0xff, 0xff, 0xff, 0xff, 0xff, 0xff, 0xfb, 	//%@@@@@@@@@@@@@@@@@@@@@@@@@@@@%
0xaf, 0xff, 0xff, 0xff, 0xff, 0xff, 0xff, 0xff, 0xff, 0xff, 0xff, 0xff, 0xff, 0xff, 0xfa, 	//%@@@@@@@@@@@@@@@@@@@@@@@@@@@@%
0x9f, 0xff, 0xff, 0xff, 0xff, 0xff, 0xff, 0xff, 0xff, 0xff, 0xff, 0xff, 0xff, 0xff, 0xf8, 	//%@@@@@@@@@@@@@@@@@@@@@@@@@@@@*
0x8f, 0xff, 0xff, 0x20, 0x00, 0x00, 0x00, 0x00, 0x00, 0x00, 0x00, 0x00, 0x00, 0x00, 0x00, 	//*@@@@@+.......................
0x7f, 0xff, 0xff, 0x40, 0x00, 0x00, 0x00, 0x00, 0x00, 0x00, 0x00, 0x00, 0x00, 0x00, 0x00, 	//*@@@@@+.......................
0x6f, 0xff, 0xff, 0x60, 0x00, 0x00, 0x00, 0x00, 0x00, 0x00, 0x00, 0x00, 0x00, 0x00, 0x00, 	//*@@@@@*.......................
0x2f, 0xff, 0xff, 0xa0, 0x00, 0x00, 0x00, 0x00, 0x00, 0x00, 0x00, 0x00, 0x00, 0x00, 0x00, 	//+@@@@@%.......................
0x0e, 0xff, 0xff, 0xe0, 0x00, 0x00, 0x00, 0x00, 0x00, 0x00, 0x00, 0x00, 0x00, 0x00, 0x00, 	//.@@@@@@.......................
0x0a, 0xff, 0xff, 0xf4, 0x00, 0x00, 0x00, 0x00, 0x00, 0x00, 0x00, 0x00, 0x00, 0x00, 0x00, 	//.%@@@@@+......................
0x05, 0xff, 0xff, 0xfc, 0x00, 0x00, 0x00, 0x00, 0x00, 0x00, 0x00, 0x00, 0x00, 0x00, 0x00, 	//.+@@@@@@......................
0x00, 0xdf, 0xff, 0xff, 0x50, 0x00, 0x00, 0x00, 0x00, 0x00, 0x00, 0x00, 0x00, 0x00, 0x00, 	//..@@@@@@+.....................
0x00, 0x6f, 0xff, 0xff, 0xf2, 0x00, 0x00, 0x00, 0x00, 0x00, 0x00, 0x00, 0x00, 0x00, 0x00, 	//..*@@@@@@+....................
0x00, 0x0d, 0xff, 0xff, 0xfe, 0x30, 0x00, 0x00, 0x00, 0x00, 0x00, 0x00, 0x01, 0x20, 0x00, 	//...@@@@@@@+..............++...
0x00, 0x02, 0xff, 0xff, 0xff, 0xf6, 0x00, 0x00, 0x00, 0x00, 0x00, 0x00, 0x6e, 0xc0, 0x00, 	//...+@@@@@@@*............*@@...
0x00, 0x00, 0x6f, 0xff, 0xff, 0xff, 0xd6, 0x10, 0x00, 0x00, 0x03, 0x8e, 0xff, 0xf4, 0x00, 	//....*@@@@@@@@*+......+*@@@@+..
0x00, 0x00, 0x07, 0xff, 0xff, 0xff, 0xff, 0xfd, 0xca, 0xbc, 0xff, 0xff, 0xff, 0xfd, 0x00, 	//.....*@@@@@@@@@@@%%@@@@@@@@@..
0x00, 0x00, 0x00, 0x5f, 0xff, 0xff, 0xff, 0xff, 0xff, 0xff, 0xff, 0xff, 0xff, 0xfe, 0x20, 	//......+@@@@@@@@@@@@@@@@@@@@@+.
0x00, 0x00, 0x00, 0x02, 0xbf, 0xff, 0xff, 0xff, 0xff, 0xff, 0xff, 0xff, 0xff, 0x80, 0x00, 	//.......+%@@@@@@@@@@@@@@@@@*...
0x00, 0x00, 0x00, 0x00, 0x04, 0xcf, 0xff, 0xff, 0xff, 0xff, 0xff, 0xfe, 0x71, 0x00, 0x00, 	//.........+@@@@@@@@@@@@@@*+....
0x00, 0x00, 0x00, 0x00, 0x00, 0x01, 0x6a, 0xcd, 0xff, 0xec, 0xa6, 0x20, 0x00, 0x00, 0x00, 	//...........+*%@@@@@@%*+.......


/* f */
0x00, 0x00, 0x00, 0x00, 0x00, 0x27, 0xcd, 0xff, 0xdb, 0x94, 0x00, 	//..........+*@@@@@%%+..
0x00, 0x00, 0x00, 0x00, 0x1a, 0xff, 0xff, 0xff, 0xff, 0xff, 0xa0, 	//........+%@@@@@@@@@@%.
0x00, 0x00, 0x00, 0x02, 0xef, 0xff, 0xff, 0xff, 0xff, 0xff, 0x60, 	//.......+@@@@@@@@@@@@*.
0x00, 0x00, 0x00, 0x1e, 0xff, 0xff, 0xff, 0xff, 0xff, 0xff, 0x10, 	//......+@@@@@@@@@@@@@+.
0x00, 0x00, 0x00, 0x9f, 0xff, 0xff, 0xff, 0xeb, 0xce, 0xfd, 0x00, 	//......%@@@@@@@@%@@@@..
0x00, 0x00, 0x01, 0xff, 0xff, 0xff, 0xd2, 0x00, 0x00, 0x45, 0x00, 	//.....+@@@@@@@+....++..
0x00, 0x00, 0x07, 0xff, 0xff, 0xfd, 0x00, 0x00, 0x00, 0x00, 0x00, 	//.....*@@@@@@..........
0x00, 0x00, 0x0b, 0xff, 0xff, 0xf6, 0x00, 0x00, 0x00, 0x00, 0x00, 	//.....%@@@@@*..........
0x00, 0x00, 0x0e, 0xff, 0xff, 0xf0, 0x00, 0x00, 0x00, 0x00, 0x00, 	//.....@@@@@@...........
0x00, 0x00, 0x0f, 0xff, 0xff, 0xd0, 0x00, 0x00, 0x00, 0x00, 0x00, 	//.....@@@@@@...........
0x00, 0x00, 0x1f, 0xff, 0xff, 0xc0, 0x00, 0x00, 0x00, 0x00, 0x00, 	//....+@@@@@@...........
0x00, 0x00, 0x2f, 0xff, 0xff, 0xa0, 0x00, 0x00, 0x00, 0x00, 0x00, 	//....+@@@@@%...........
0x00, 0x00, 0x2f, 0xff, 0xff, 0xa0, 0x00, 0x00, 0x00, 0x00, 0x00, 	//....+@@@@@%...........
0x00, 0x00, 0x2f, 0xff, 0xff, 0xa0, 0x00, 0x00, 0x00, 0x00, 0x00, 	//....+@@@@@%...........
0x00, 0x00, 0x2f, 0xff, 0xff, 0xa0, 0x00, 0x00, 0x00, 0x00, 0x00, 	//....+@@@@@%...........
0x00, 0x00, 0x2f, 0xff, 0xff, 0xa0, 0x00, 0x00, 0x00, 0x00, 0x00, 	//....+@@@@@%...........
0x00, 0x00, 0x2f, 0xff, 0xff, 0xa0, 0x00, 0x00, 0x00, 0x00, 0x00, 	//....+@@@@@%...........
0x9c, 0xde, 0xff, 0xff, 0xff, 0xff, 0xff, 0xff, 0xff, 0x00, 0x00, 	//%@@@@@@@@@@@@@@@@@....
0xef, 0xff, 0xff, 0xff, 0xff, 0xff, 0xff, 0xff, 0xff, 0x00, 0x00, 	//@@@@@@@@@@@@@@@@@@....
0xef, 0xff, 0xff, 0xff, 0xff, 0xff, 0xff, 0xff, 0xff, 0x00, 0x00, 	//@@@@@@@@@@@@@@@@@@....
0xef, 0xff, 0xff, 0xff, 0xff, 0xff, 0xff, 0xff, 0xff, 0x00, 0x00, 	//@@@@@@@@@@@@@@@@@@....
0xab, 0xbb, 0xcf, 0xff, 0xff, 0xeb, 0xbb, 0xbb, 0xbb, 0x00, 0x00, 	//%%%%@@@@@@@%%%%%%%....
0x00, 0x00, 0x2f, 0xff, 0xff, 0xa0, 0x00, 0x00, 0x00, 0x00, 0x00, 	//....+@@@@@%...........
0x00, 0x00, 0x2f, 0xff, 0xff, 0xa0, 0x00, 0x00, 0x00, 0x00, 0x00, 	//....+@@@@@%...........
0x00, 0x00, 0x2f, 0xff, 0xff, 0xa0, 0x00, 0x00, 0x00, 0x00, 0x00, 	//....+@@@@@%...........
0x00, 0x00, 0x2f, 0xff, 0xff, 0xa0, 0x00, 0x00, 0x00, 0x00, 0x00, 	//....+@@@@@%...........
0x00, 0x00, 0x2f, 0xff, 0xff, 0xa0, 0x00, 0x00, 0x00, 0x00, 0x00, 	//....+@@@@@%...........
0x00, 0x00, 0x2f, 0xff, 0xff, 0xa0, 0x00, 0x00, 0x00, 0x00, 0x00, 	//....+@@@@@%...........
0x00, 0x00, 0x2f, 0xff, 0xff, 0xa0, 0x00, 0x00, 0x00, 0x00, 0x00, 	//....+@@@@@%...........
0x00, 0x00, 0x2f, 0xff, 0xff, 0xa0, 0x00, 0x00, 0x00, 0x00, 0x00, 	//....+@@@@@%...........
0x00, 0x00, 0x2f, 0xff, 0xff, 0xa0, 0x00, 0x00, 0x00, 0x00, 0x00, 	//....+@@@@@%...........
0x00, 0x00, 0x2f, 0xff, 0xff, 0xa0, 0x00, 0x00, 0x00, 0x00, 0x00, 	//....+@@@@@%...........
0x00, 0x00, 0x2f, 0xff, 0xff, 0xa0, 0x00, 0x00, 0x00, 0x00, 0x00, 	//....+@@@@@%...........
0x00, 0x00, 0x2f, 0xff, 0xff, 0xa0, 0x00, 0x00, 0x00, 0x00, 0x00, 	//....+@@@@@%...........
0x00, 0x00, 0x2f, 0xff, 0xff, 0xa0, 0x00, 0x00, 0x00, 0x00, 0x00, 	//....+@@@@@%...........
0x00, 0x00, 0x2f, 0xff, 0xff, 0xa0, 0x00, 0x00, 0x00, 0x00, 0x00, 	//....+@@@@@%...........
0x00, 0x00, 0x2f, 0xff, 0xff, 0xa0, 0x00, 0x00, 0x00, 0x00, 0x00, 	//....+@@@@@%...........
0x00, 0x00, 0x2f, 0xff, 0xff, 0xa0, 0x00, 0x00, 0x00, 0x00, 0x00, 	//....+@@@@@%...........
0x00, 0x00, 0x2f, 0xff, 0xff, 0xa0, 0x00, 0x00, 0x00, 0x00, 0x00, 	//....+@@@@@%...........
0x00, 0x00, 0x2f, 0xff, 0xff, 0xa0, 0x00, 0x00, 0x00, 0x00, 0x00, 	//....+@@@@@%...........
0x00, 0x00, 0x2f, 0xff, 0xff, 0xa0, 0x00, 0x00, 0x00, 0x00, 0x00, 	//....+@@@@@%...........
0x00, 0x00, 0x2f, 0xff, 0xff, 0xa0, 0x00, 0x00, 0x00, 0x00, 0x00, 	//....+@@@@@%...........
0x00, 0x00, 0x2f, 0xff, 0xff, 0xa0, 0x00, 0x00, 0x00, 0x00, 0x00, 	//....+@@@@@%...........
0x00, 0x00, 0x2f, 0xff, 0xff, 0xa0, 0x00, 0x00, 0x00, 0x00, 0x00, 	//....+@@@@@%...........
0x00, 0x00, 0x2f, 0xff, 0xff, 0xa0, 0x00, 0x00, 0x00, 0x00, 0x00, 	//....+@@@@@%...........
0x00, 0x00, 0x2f, 0xff, 0xff, 0xa0, 0x00, 0x00, 0x00, 0x00, 0x00, 	//....+@@@@@%...........
0x00, 0x00, 0x2f, 0xff, 0xff, 0xa0, 0x00, 0x00, 0x00, 0x00, 0x00, 	//....+@@@@@%...........
0x00, 0x00, 0x2f, 0xff, 0xff, 0xa0, 0x00, 0x00, 0x00, 0x00, 0x00, 	//....+@@@@@%...........
0x00, 0x00, 0x2f, 0xff, 0xff, 0xa0, 0x00, 0x00, 0x00, 0x00, 0x00, 	//....+@@@@@%...........
0x00, 0x00, 0x2f, 0xff, 0xff, 0xa0, 0x00, 0x00, 0x00, 0x00, 0x00, 	//....+@@@@@%...........
0x00, 0x00, 0x2f, 0xff, 0xff, 0xa0, 0x00, 0x00, 0x00, 0x00, 0x00, 	//....+@@@@@%...........
0x00, 0x00, 0x2f, 0xff, 0xff, 0xa0, 0x00, 0x00, 0x00, 0x00, 0x00, 	//....+@@@@@%...........


/* g */
0x00, 0x00, 0x00, 0x00, 0x01, 0x6a, 0xde, 0xfe, 0xca, 0x50, 0x00, 0x00, 0x00, 0x00, 0x00, 0x00, 0x00, 	//.........+*%@@@@@%+...............
0x00, 0x00, 0x00, 0x02, 0x9f, 0xff, 0xff, 0xff, 0xff, 0xff, 0xff, 0xff, 0xff, 0xff, 0xff, 0xf8, 0x00, 	//.......+%@@@@@@@@@@@@@@@@@@@@@@*..
0x00, 0x00, 0x00, 0x6f, 0xff, 0xff, 0xff, 0xff, 0xff, 0xff, 0xff, 0xff, 0xff, 0xff, 0xff, 0xf8, 0x00, 	//......*@@@@@@@@@@@@@@@@@@@@@@@@*..
0x00, 0x00, 0x0a, 0xff, 0xff, 0xff, 0xff, 0xff, 0xff, 0xff, 0xff, 0xff, 0xff, 0xff, 0xff, 0xf8, 0x00, 	//.....%@@@@@@@@@@@@@@@@@@@@@@@@@*..
0x00, 0x00, 0x9f, 0xff, 0xff, 0xfe, 0x96, 0x56, 0x9e, 0xff, 0xff, 0xff, 0xff, 0xff, 0xff, 0xf8, 0x00, 	//....%@@@@@@@%*+*%@@@@@@@@@@@@@@*..
0x00, 0x05, 0xff, 0xff, 0xff, 0x80, 0x00, 0x00, 0x00, 0x7f, 0xff, 0xff, 0xd7, 0x77, 0x77, 0x74, 0x00, 	//...+@@@@@@*.......*@@@@@@******+..
0x00, 0x0e, 0xff, 0xff, 0xf6, 0x00, 0x00, 0x00, 0x00, 0x04, 0xff, 0xff, 0xf4, 0x00, 0x00, 0x00, 0x00, 	//...@@@@@@*.........+@@@@@+........
0x00, 0x7f, 0xff, 0xff, 0xb0, 0x00, 0x00, 0x00, 0x00, 0x00, 0x9f, 0xff, 0xfe, 0x00, 0x00, 0x00, 0x00, 	//..*@@@@@%...........%@@@@@........
0x00, 0xcf, 0xff, 0xff, 0x20, 0x00, 0x00, 0x00, 0x00, 0x00, 0x1e, 0xff, 0xff, 0x60, 0x00, 0x00, 0x00, 	//..@@@@@@+...........+@@@@@*.......
0x01, 0xff, 0xff, 0xfa, 0x00, 0x00, 0x00, 0x00, 0x00, 0x00, 0x08, 0xff, 0xff, 0xb0, 0x00, 0x00, 0x00, 	//.+@@@@@%.............*@@@@%.......
0x04, 0xff, 0xff, 0xf6, 0x00, 0x00, 0x00, 0x00, 0x00, 0x00, 0x04, 0xff, 0xff, 0xf0, 0x00, 0x00, 0x00, 	//.+@@@@@*.............+@@@@@.......
0x05, 0xff, 0xff, 0xf4, 0x00, 0x00, 0x00, 0x00, 0x00, 0x00, 0x02, 0xff, 0xff, 0xf2, 0x00, 0x00, 0x00, 	//.+@@@@@+.............+@@@@@+......
0x07, 0xff, 0xff, 0xf3, 0x00, 0x00, 0x00, 0x00, 0x00, 0x00, 0x01, 0xff, 0xff, 0xf3, 0x00, 0x00, 0x00, 	//.*@@@@@+.............+@@@@@+......
0x05, 0xff, 0xff, 0xf3, 0x00, 0x00, 0x00, 0x00, 0x00, 0x00, 0x01, 0xff, 0xff, 0xf3, 0x00, 0x00, 0x00, 	//.+@@@@@+.............+@@@@@+......
0x03, 0xff, 0xff, 0xf5, 0x00, 0x00, 0x00, 0x00, 0x00, 0x00, 0x03, 0xff, 0xff, 0xf1, 0x00, 0x00, 0x00, 	//.+@@@@@+.............+@@@@@+......
0x01, 0xff, 0xff, 0xf9, 0x00, 0x00, 0x00, 0x00, 0x00, 0x00, 0x07, 0xff, 0xff, 0xf0, 0x00, 0x00, 0x00, 	//.+@@@@@%.............*@@@@@.......
0x00, 0xcf, 0xff, 0xfe, 0x10, 0x00, 0x00, 0x00, 0x00, 0x00, 0x0d, 0xff, 0xff, 0xb0, 0x00, 0x00, 0x00, 	//..@@@@@@+............@@@@@%.......
0x00, 0x5f, 0xff, 0xff, 0x90, 0x00, 0x00, 0x00, 0x00, 0x00, 0x7f, 0xff, 0xff, 0x60, 0x00, 0x00, 0x00, 	//..+@@@@@%...........*@@@@@*.......
0x00, 0x0d, 0xff, 0xff, 0xf3, 0x00, 0x00, 0x00, 0x00, 0x02, 0xff, 0xff, 0xfe, 0x00, 0x00, 0x00, 0x00, 	//...@@@@@@+.........+@@@@@@........
0x00, 0x04, 0xff, 0xff, 0xff, 0x40, 0x00, 0x00, 0x00, 0x3e, 0xff, 0xff, 0xf6, 0x00, 0x00, 0x00, 0x00, 	//...+@@@@@@+.......+@@@@@@*........
0x00, 0x00, 0x8f, 0xff, 0xff, 0xfa, 0x40, 0x00, 0x49, 0xff, 0xff, 0xff, 0xa0, 0x00, 0x00, 0x00, 0x00, 	//....*@@@@@@%+...+%@@@@@@%.........
0x00, 0x00, 0x08, 0xff, 0xff, 0xff, 0xff, 0xff, 0xff, 0xff, 0xff, 0xfb, 0x00, 0x00, 0x00, 0x00, 0x00, 	//.....*@@@@@@@@@@@@@@@@@%..........
0x00, 0x00, 0x02, 0xff, 0xff, 0xff, 0xff, 0xff, 0xff, 0xff, 0xff, 0x80, 0x00, 0x00, 0x00, 0x00, 0x00, 	//.....+@@@@@@@@@@@@@@@@*...........
0x00, 0x00, 0x4f, 0xff, 0xfe, 0xff, 0xff, 0xff, 0xff, 0xff, 0xb3, 0x00, 0x00, 0x00, 0x00, 0x00, 0x00, 	//....+@@@@@@@@@@@@@@@%+............
0x00, 0x02, 0xff, 0xff, 0xc0, 0x28, 0xce, 0xfe, 0xdb, 0x62, 0x00, 0x00, 0x00, 0x00, 0x00, 0x00, 0x00, 	//...+@@@@@.+*@@@@@%*+..............
0x00, 0x0c, 0xff, 0xfd, 0x10, 0x00, 0x00, 0x00, 0x00, 0x00, 0x00, 0x00, 0x00, 0x00, 0x00, 0x00, 0x00, 	//...@@@@@+.........................
0x00, 0x4f, 0xff, 0xf7, 0x00, 0x00, 0x00, 0x00, 0x00, 0x00, 0x00, 0x00, 0x00, 0x00, 0x00, 0x00, 0x00, 	//..+@@@@*..........................
0x00, 0x8f, 0xff, 0xf3, 0x00, 0x00, 0x00, 0x00, 0x00, 0x00, 0x00, 0x00, 0x00, 0x00, 0x00, 0x00, 0x00, 	//..*@@@@+..........................
0x00, 0xbf, 0xff, 0xf3, 0x00, 0x00, 0x00, 0x00, 0x00, 0x00, 0x00, 0x00, 0x00, 0x00, 0x00, 0x00, 0x00, 	//..%@@@@+..........................
0x00, 0xaf, 0xff, 0xf6, 0x00, 0x00, 0x00, 0x00, 0x00, 0x00, 0x00, 0x00, 0x00, 0x00, 0x00, 0x00, 0x00, 	//..%@@@@*..........................
0x00, 0x8f, 0xff, 0xfe, 0x10, 0x00, 0x00, 0x00, 0x00, 0x00, 0x00, 0x00, 0x00, 0x00, 0x00, 0x00, 0x00, 	//..*@@@@@+.........................
0x00, 0x3f, 0xff, 0xff, 0xe7, 0x10, 0x00, 0x00, 0x00, 0x00, 0x00, 0x00, 0x00, 0x00, 0x00, 0x00, 0x00, 	//..+@@@@@@*+.......................
0x00, 0x0b, 0xff, 0xff, 0xff, 0xfe, 0xdc, 0xcc, 0xcc, 0xcc, 0xcb, 0xb9, 0x74, 0x00, 0x00, 0x00, 0x00, 	//...%@@@@@@@@@@@@@@@@@%%%*+........
0x00, 0x01, 0xdf, 0xff, 0xff, 0xff, 0xff, 0xff, 0xff, 0xff, 0xff, 0xff, 0xff, 0xfa, 0x20, 0x00, 0x00, 	//...+@@@@@@@@@@@@@@@@@@@@@@@%+.....
0x00, 0x00, 0x0c, 0xff, 0xff, 0xff, 0xff, 0xff, 0xff, 0xff, 0xff, 0xff, 0xff, 0xff, 0xf8, 0x00, 0x00, 	//.....@@@@@@@@@@@@@@@@@@@@@@@@*....
0x00, 0x00, 0x7f, 0xff, 0xff, 0xff, 0xff, 0xff, 0xff, 0xff, 0xff, 0xff, 0xff, 0xff, 0xff, 0x90, 0x00, 	//....*@@@@@@@@@@@@@@@@@@@@@@@@@%...
0x00, 0x0b, 0xff, 0xff, 0x53, 0x9d, 0xef, 0xff, 0xff, 0xff, 0xff, 0xff, 0xff, 0xff, 0xff, 0xf4, 0x00, 	//...%@@@@++%@@@@@@@@@@@@@@@@@@@@+..
0x00, 0xaf, 0xff, 0xf4, 0x00, 0x00, 0x00, 0x00, 0x00, 0x00, 0x12, 0x49, 0xef, 0xff, 0xff, 0xfb, 0x00, 	//..%@@@@+............+++%@@@@@@@%..
0x06, 0xff, 0xff, 0x70, 0x00, 0x00, 0x00, 0x00, 0x00, 0x00, 0x00, 0x00, 0x0b, 0xff, 0xff, 0xff, 0x00, 	//.*@@@@*..................%@@@@@@..
0x0e, 0xff, 0xfe, 0x00, 0x00, 0x00, 0x00, 0x00, 0x00, 0x00, 0x00, 0x00, 0x00, 0xff, 0xff, 0xff, 0x10, 	//.@@@@@....................@@@@@@+.
0x5f, 0xff, 0xf9, 0x00, 0x00, 0x00, 0x00, 0x00, 0x00, 0x00, 0x00, 0x00, 0x00, 0xbf, 0xff, 0xff, 0x20, 	//+@@@@%....................%@@@@@+.
0x9f, 0xff, 0xf6, 0x00, 0x00, 0x00, 0x00, 0x00, 0x00, 0x00, 0x00, 0x00, 0x00, 0x9f, 0xff, 0xff, 0x00, 	//%@@@@*....................%@@@@@..
0xbf, 0xff, 0xf7, 0x00, 0x00, 0x00, 0x00, 0x00, 0x00, 0x00, 0x00, 0x00, 0x00, 0xcf, 0xff, 0xfd, 0x00, 	//%@@@@*....................@@@@@@..
0xaf, 0xff, 0xfa, 0x00, 0x00, 0x00, 0x00, 0x00, 0x00, 0x00, 0x00, 0x00, 0x04, 0xff, 0xff, 0xf7, 0x00, 	//%@@@@%...................+@@@@@*..
0x8f, 0xff, 0xff, 0x20, 0x00, 0x00, 0x00, 0x00, 0x00, 0x00, 0x00, 0x00, 0x1e, 0xff, 0xff, 0xf1, 0x00, 	//*@@@@@+.................+@@@@@@+..
0x3f, 0xff, 0xff, 0xd2, 0x00, 0x00, 0x00, 0x00, 0x00, 0x00, 0x00, 0x03, 0xef, 0xff, 0xff, 0x60, 0x00, 	//+@@@@@@+...............+@@@@@@*...
0x0c, 0xff, 0xff, 0xff, 0x70, 0x00, 0x00, 0x00, 0x00, 0x00, 0x02, 0xaf, 0xff, 0xff, 0xf9, 0x00, 0x00, 	//.@@@@@@@*............+%@@@@@@%....
0x02, 0xef, 0xff, 0xff, 0xff, 0xa6, 0x31, 0x10, 0x12, 0x58, 0xcf, 0xff, 0xff, 0xff, 0x80, 0x00, 0x00, 	//.+@@@@@@@@%*+++.+++*@@@@@@@@*.....
0x00, 0x3e, 0xff, 0xff, 0xff, 0xff, 0xff, 0xff, 0xff, 0xff, 0xff, 0xff, 0xff, 0xe6, 0x00, 0x00, 0x00, 	//..+@@@@@@@@@@@@@@@@@@@@@@@@*......
0x00, 0x01, 0xbf, 0xff, 0xff, 0xff, 0xff, 0xff, 0xff, 0xff, 0xff, 0xff, 0xf9, 0x10, 0x00, 0x00, 0x00, 	//...+%@@@@@@@@@@@@@@@@@@@@%+.......
0x00, 0x00, 0x03, 0xaf, 0xff, 0xff, 0xff, 0xff, 0xff, 0xff, 0xff, 0xd7, 0x10, 0x00, 0x00, 0x00, 0x00, 	//.....+%@@@@@@@@@@@@@@@@*+.........
0x00, 0x00, 0x00, 0x00, 0x48, 0xad, 0xef, 0xff, 0xed, 0xb8, 0x51, 0x00, 0x00, 0x00, 0x00, 0x00, 0x00, 	//........+*%@@@@@@@%*++............


/* h */
0x04, 0x44, 0x44, 0x30, 0x00, 0x00, 0x00, 0x00, 0x00, 0x00, 0x00, 0x00, 0x00, 0x00, 0x00, 	//.++++++.......................
0x1f, 0xff, 0xff, 0xc0, 0x00, 0x00, 0x00, 0x00, 0x00, 0x00, 0x00, 0x00, 0x00, 0x00, 0x00, 	//+@@@@@@.......................
0x1f, 0xff, 0xff, 0xc0, 0x00, 0x00, 0x00, 0x00, 0x00, 0x00, 0x00, 0x00, 0x00, 0x00, 0x00, 	//+@@@@@@.......................
0x1f, 0xff, 0xff, 0xc0, 0x00, 0x00, 0x00, 0x00, 0x00, 0x00, 0x00, 0x00, 0x00, 0x00, 0x00, 	//+@@@@@@.......................
0x1f, 0xff, 0xff, 0xc0, 0x00, 0x00, 0x00, 0x00, 0x00, 0x00, 0x00, 0x00, 0x00, 0x00, 0x00, 	//+@@@@@@.......................
0x1f, 0xff, 0xff, 0xc0, 0x00, 0x00, 0x00, 0x00, 0x00, 0x00, 0x00, 0x00, 0x00, 0x00, 0x00, 	//+@@@@@@.......................
0x1f, 0xff, 0xff, 0xc0, 0x00, 0x00, 0x00, 0x00, 0x00, 0x00, 0x00, 0x00, 0x00, 0x00, 0x00, 	//+@@@@@@.......................
0x1f, 0xff, 0xff, 0xc0, 0x00, 0x00, 0x00, 0x00, 0x00, 0x00, 0x00, 0x00, 0x00, 0x00, 0x00, 	//+@@@@@@.......................
0x1f, 0xff, 0xff, 0xc0, 0x00, 0x00, 0x00, 0x00, 0x00, 0x00, 0x00, 0x00, 0x00, 0x00, 0x00, 	//+@@@@@@.......................
0x1f, 0xff, 0xff, 0xc0, 0x00, 0x00, 0x00, 0x00, 0x00, 0x00, 0x00, 0x00, 0x00, 0x00, 0x00, 	//+@@@@@@.......................
0x1f, 0xff, 0xff, 0xc0, 0x00, 0x00, 0x00, 0x00, 0x00, 0x00, 0x00, 0x00, 0x00, 0x00, 0x00, 	//+@@@@@@.......................
0x1f, 0xff, 0xff, 0xc0, 0x00, 0x00, 0x00, 0x00, 0x00, 0x00, 0x00, 0x00, 0x00, 0x00, 0x00, 	//+@@@@@@.......................
0x1f, 0xff, 0xff, 0xc0, 0x00, 0x00, 0x00, 0x00, 0x00, 0x00, 0x00, 0x00, 0x00, 0x00, 0x00, 	//+@@@@@@.......................
0x1f, 0xff, 0xff, 0xc0, 0x00, 0x00, 0x00, 0x00, 0x00, 0x00, 0x00, 0x00, 0x00, 0x00, 0x00, 	//+@@@@@@.......................
0x1f, 0xff, 0xff, 0xc0, 0x00, 0x00, 0x00, 0x00, 0x00, 0x00, 0x00, 0x00, 0x00, 0x00, 0x00, 	//+@@@@@@.......................
0x1f, 0xff, 0xff, 0xb0, 0x00, 0x00, 0x00, 0x00, 0x00, 0x00, 0x00, 0x00, 0x00, 0x00, 0x00, 	//+@@@@@%.......................
0x1f, 0xff, 0xff, 0xb0, 0x00, 0x00, 0x01, 0x7a, 0xce, 0xfd, 0xc7, 0x20, 0x00, 0x00, 0x00, 	//+@@@@@%......+*%@@@@@*+.......
0x1f, 0xff, 0xff, 0xa0, 0x00, 0x02, 0x9f, 0xff, 0xff, 0xff, 0xff, 0xfa, 0x10, 0x00, 0x00, 	//+@@@@@%....+%@@@@@@@@@@%+.....
0x1f, 0xff, 0xff, 0xa0, 0x00, 0x7f, 0xff, 0xff, 0xff, 0xff, 0xff, 0xff, 0xe2, 0x00, 0x00, 	//+@@@@@%...*@@@@@@@@@@@@@@+....
0x1f, 0xff, 0xff, 0x90, 0x1c, 0xff, 0xff, 0xff, 0xff, 0xff, 0xff, 0xff, 0xfe, 0x10, 0x00, 	//+@@@@@%.+@@@@@@@@@@@@@@@@@+...
0x1f, 0xff, 0xff, 0x82, 0xdf, 0xff, 0xff, 0xff, 0xff, 0xff, 0xff, 0xff, 0xff, 0xa0, 0x00, 	//+@@@@@*+@@@@@@@@@@@@@@@@@@%...
0x1f, 0xff, 0xff, 0xbe, 0xff, 0xff, 0xf9, 0x53, 0x23, 0x7d, 0xff, 0xff, 0xff, 0xf3, 0x00, 	//+@@@@@%@@@@@@%++++*@@@@@@@@+..
0x1f, 0xff, 0xff, 0xff, 0xff, 0xf7, 0x00, 0x00, 0x00, 0x00, 0x8f, 0xff, 0xff, 0xf9, 0x00, 	//+@@@@@@@@@@*........*@@@@@@%..
0x1f, 0xff, 0xff, 0xff, 0xfd, 0x30, 0x00, 0x00, 0x00, 0x00, 0x0a, 0xff, 0xff, 0xfe, 0x00, 	//+@@@@@@@@@+..........%@@@@@@..
0x1f, 0xff, 0xff, 0xff, 0xc1, 0x00, 0x00, 0x00, 0x00, 0x00, 0x02, 0xff, 0xff, 0xff, 0x20, 	//+@@@@@@@@+...........+@@@@@@+.
0x1f, 0xff, 0xff, 0xfc, 0x00, 0x00, 0x00, 0x00, 0x00, 0x00, 0x00, 0xcf, 0xff, 0xff, 0x40, 	//+@@@@@@@..............@@@@@@+.
0x1f, 0xff, 0xff, 0xd0, 0x00, 0x00, 0x00, 0x00, 0x00, 0x00, 0x00, 0x8f, 0xff, 0xff, 0x70, 	//+@@@@@@...............*@@@@@*.
0x1f, 0xff, 0xff, 0xc0, 0x00, 0x00, 0x00, 0x00, 0x00, 0x00, 0x00, 0x6f, 0xff, 0xff, 0x80, 	//+@@@@@@...............*@@@@@*.
0x1f, 0xff, 0xff, 0xc0, 0x00, 0x00, 0x00, 0x00, 0x00, 0x00, 0x00, 0x4f, 0xff, 0xff, 0x90, 	//+@@@@@@...............+@@@@@%.
0x1f, 0xff, 0xff, 0xc0, 0x00, 0x00, 0x00, 0x00, 0x00, 0x00, 0x00, 0x3f, 0xff, 0xff, 0xa0, 	//+@@@@@@...............+@@@@@%.
0x1f, 0xff, 0xff, 0xc0, 0x00, 0x00, 0x00, 0x00, 0x00, 0x00, 0x00, 0x2f, 0xff, 0xff, 0xa0, 	//+@@@@@@...............+@@@@@%.
0x1f, 0xff, 0xff, 0xc0, 0x00, 0x00, 0x00, 0x00, 0x00, 0x00, 0x00, 0x2f, 0xff, 0xff, 0xa0, 	//+@@@@@@...............+@@@@@%.
0x1f, 0xff, 0xff, 0xc0, 0x00, 0x00, 0x00, 0x00, 0x00, 0x00, 0x00, 0x2f, 0xff, 0xff, 0xa0, 	//+@@@@@@...............+@@@@@%.
0x1f, 0xff, 0xff, 0xc0, 0x00, 0x00, 0x00, 0x00, 0x00, 0x00, 0x00, 0x2f, 0xff, 0xff, 0xa0, 	//+@@@@@@...............+@@@@@%.
0x1f, 0xff, 0xff, 0xc0, 0x00, 0x00, 0x00, 0x00, 0x00, 0x00, 0x00, 0x2f, 0xff, 0xff, 0xa0, 	//+@@@@@@...............+@@@@@%.
0x1f, 0xff, 0xff, 0xc0, 0x00, 0x00, 0x00, 0x00, 0x00, 0x00, 0x00, 0x2f, 0xff, 0xff, 0xa0, 	//+@@@@@@...............+@@@@@%.
0x1f, 0xff, 0xff, 0xc0, 0x00, 0x00, 0x00, 0x00, 0x00, 0x00, 0x00, 0x2f, 0xff, 0xff, 0xa0, 	//+@@@@@@...............+@@@@@%.
0x1f, 0xff, 0xff, 0xc0, 0x00, 0x00, 0x00, 0x00, 0x00, 0x00, 0x00, 0x2f, 0xff, 0xff, 0xa0, 	//+@@@@@@...............+@@@@@%.
0x1f, 0xff, 0xff, 0xc0, 0x00, 0x00, 0x00, 0x00, 0x00, 0x00, 0x00, 0x2f, 0xff, 0xff, 0xa0, 	//+@@@@@@...............+@@@@@%.
0x1f, 0xff, 0xff, 0xc0, 0x00, 0x00, 0x00, 0x00, 0x00, 0x00, 0x00, 0x2f, 0xff, 0xff, 0xa0, 	//+@@@@@@...............+@@@@@%.
0x1f, 0xff, 0xff, 0xc0, 0x00, 0x00, 0x00, 0x00, 0x00, 0x00, 0x00, 0x2f, 0xff, 0xff, 0xa0, 	//+@@@@@@...............+@@@@@%.
0x1f, 0xff, 0xff, 0xc0, 0x00, 0x00, 0x00, 0x00, 0x00, 0x00, 0x00, 0x2f, 0xff, 0xff, 0xa0, 	//+@@@@@@...............+@@@@@%.
0x1f, 0xff, 0xff, 0xc0, 0x00, 0x00, 0x00, 0x00, 0x00, 0x00, 0x00, 0x2f, 0xff, 0xff, 0xa0, 	//+@@@@@@...............+@@@@@%.
0x1f, 0xff, 0xff, 0xc0, 0x00, 0x00, 0x00, 0x00, 0x00, 0x00, 0x00, 0x2f, 0xff, 0xff, 0xa0, 	//+@@@@@@...............+@@@@@%.
0x1f, 0xff, 0xff, 0xc0, 0x00, 0x00, 0x00, 0x00, 0x00, 0x00, 0x00, 0x2f, 0xff, 0xff, 0xa0, 	//+@@@@@@...............+@@@@@%.
0x1f, 0xff, 0xff, 0xc0, 0x00, 0x00, 0x00, 0x00, 0x00, 0x00, 0x00, 0x2f, 0xff, 0xff, 0xa0, 	//+@@@@@@...............+@@@@@%.
0x1f, 0xff, 0xff, 0xc0, 0x00, 0x00, 0x00, 0x00, 0x00, 0x00, 0x00, 0x2f, 0xff, 0xff, 0xa0, 	//+@@@@@@...............+@@@@@%.
0x1f, 0xff, 0xff, 0xc0, 0x00, 0x00, 0x00, 0x00, 0x00, 0x00, 0x00, 0x2f, 0xff, 0xff, 0xa0, 	//+@@@@@@...............+@@@@@%.
0x1f, 0xff, 0xff, 0xc0, 0x00, 0x00, 0x00, 0x00, 0x00, 0x00, 0x00, 0x2f, 0xff, 0xff, 0xa0, 	//+@@@@@@...............+@@@@@%.
0x1f, 0xff, 0xff, 0xc0, 0x00, 0x00, 0x00, 0x00, 0x00, 0x00, 0x00, 0x2f, 0xff, 0xff, 0xa0, 	//+@@@@@@...............+@@@@@%.
0x1f, 0xff, 0xff, 0xc0, 0x00, 0x00, 0x00, 0x00, 0x00, 0x00, 0x00, 0x2f, 0xff, 0xff, 0xa0, 	//+@@@@@@...............+@@@@@%.
0x1f, 0xff, 0xff, 0xc0, 0x00, 0x00, 0x00, 0x00, 0x00, 0x00, 0x00, 0x2f, 0xff, 0xff, 0xa0, 	//+@@@@@@...............+@@@@@%.


/* i */
0x00, 0x3c, 0xee, 0xa1, 0x00, 	//..+@@@%+..
0x04, 0xff, 0xff, 0xfe, 0x00, 	//.+@@@@@@..
0x0c, 0xff, 0xff, 0xff, 0x70, 	//.@@@@@@@*.
0x0f, 0xff, 0xff, 0xff, 0xa0, 	//.@@@@@@@%.
0x0e, 0xff, 0xff, 0xff, 0x90, 	//.@@@@@@@%.
0x0a, 0xff, 0xff, 0xff, 0x50, 	//.%@@@@@@+.
0x01, 0xef, 0xff, 0xfa, 0x00, 	//.+@@@@@%..
0x00, 0x07, 0xa9, 0x50, 0x00, 	//...*%%+...
0x00, 0x00, 0x00, 0x00, 0x00, 	//..........
0x00, 0x00, 0x00, 0x00, 0x00, 	//..........
0x00, 0x00, 0x00, 0x00, 0x00, 	//..........
0x00, 0x00, 0x00, 0x00, 0x00, 	//..........
0x00, 0x00, 0x00, 0x00, 0x00, 	//..........
0x00, 0x00, 0x00, 0x00, 0x00, 	//..........
0x00, 0x00, 0x00, 0x00, 0x00, 	//..........
0x01, 0xff, 0xff, 0xfc, 0x00, 	//.+@@@@@@..
0x01, 0xff, 0xff, 0xfc, 0x00, 	//.+@@@@@@..
0x01, 0xff, 0xff, 0xfc, 0x00, 	//.+@@@@@@..
0x01, 0xff, 0xff, 0xfc, 0x00, 	//.+@@@@@@..
0x01, 0xff, 0xff, 0xfc, 0x00, 	//.+@@@@@@..
0x01, 0xff, 0xff, 0xfc, 0x00, 	//.+@@@@@@..
0x01, 0xff, 0xff, 0xfc, 0x00, 	//.+@@@@@@..
0x01, 0xff, 0xff, 0xfc, 0x00, 	//.+@@@@@@..
0x01, 0xff, 0xff, 0xfc, 0x00, 	//.+@@@@@@..
0x01, 0xff, 0xff, 0xfc, 0x00, 	//.+@@@@@@..
0x01, 0xff, 0xff, 0xfc, 0x00, 	//.+@@@@@@..
0x01, 0xff, 0xff, 0xfc, 0x00, 	//.+@@@@@@..
0x01, 0xff, 0xff, 0xfc, 0x00, 	//.+@@@@@@..
0x01, 0xff, 0xff, 0xfc, 0x00, 	//.+@@@@@@..
0x01, 0xff, 0xff, 0xfc, 0x00, 	//.+@@@@@@..
0x01, 0xff, 0xff, 0xfc, 0x00, 	//.+@@@@@@..
0x01, 0xff, 0xff, 0xfc, 0x00, 	//.+@@@@@@..
0x01, 0xff, 0xff, 0xfc, 0x00, 	//.+@@@@@@..
0x01, 0xff, 0xff, 0xfc, 0x00, 	//.+@@@@@@..
0x01, 0xff, 0xff, 0xfc, 0x00, 	//.+@@@@@@..
0x01, 0xff, 0xff, 0xfc, 0x00, 	//.+@@@@@@..
0x01, 0xff, 0xff, 0xfc, 0x00, 	//.+@@@@@@..
0x01, 0xff, 0xff, 0xfc, 0x00, 	//.+@@@@@@..
0x01, 0xff, 0xff, 0xfc, 0x00, 	//.+@@@@@@..
0x01, 0xff, 0xff, 0xfc, 0x00, 	//.+@@@@@@..
0x01, 0xff, 0xff, 0xfc, 0x00, 	//.+@@@@@@..
0x01, 0xff, 0xff, 0xfc, 0x00, 	//.+@@@@@@..
0x01, 0xff, 0xff, 0xfc, 0x00, 	//.+@@@@@@..
0x01, 0xff, 0xff, 0xfc, 0x00, 	//.+@@@@@@..
0x01, 0xff, 0xff, 0xfc, 0x00, 	//.+@@@@@@..
0x01, 0xff, 0xff, 0xfc, 0x00, 	//.+@@@@@@..
0x01, 0xff, 0xff, 0xfc, 0x00, 	//.+@@@@@@..
0x01, 0xff, 0xff, 0xfc, 0x00, 	//.+@@@@@@..
0x01, 0xff, 0xff, 0xfc, 0x00, 	//.+@@@@@@..
0x01, 0xff, 0xff, 0xfc, 0x00, 	//.+@@@@@@..


/* j */
0x00, 0x00, 0x00, 0x00, 0x04, 0xce, 0xe9, 0x10, 	//.........+@@@%+.
0x00, 0x00, 0x00, 0x00, 0x4f, 0xff, 0xff, 0xd0, 	//........+@@@@@@.
0x00, 0x00, 0x00, 0x00, 0xdf, 0xff, 0xff, 0xf7, 	//........@@@@@@@*
0x00, 0x00, 0x00, 0x00, 0xff, 0xff, 0xff, 0xfa, 	//........@@@@@@@%
0x00, 0x00, 0x00, 0x00, 0xff, 0xff, 0xff, 0xf9, 	//........@@@@@@@%
0x00, 0x00, 0x00, 0x00, 0xbf, 0xff, 0xff, 0xf5, 	//........%@@@@@@+
0x00, 0x00, 0x00, 0x00, 0x1e, 0xff, 0xff, 0xa0, 	//........+@@@@@%.
0x00, 0x00, 0x00, 0x00, 0x00, 0x7a, 0x94, 0x00, 	//..........*%%+..
0x00, 0x00, 0x00, 0x00, 0x00, 0x00, 0x00, 0x00, 	//................
0x00, 0x00, 0x00, 0x00, 0x00, 0x00, 0x00, 0x00, 	//................
0x00, 0x00, 0x00, 0x00, 0x00, 0x00, 0x00, 0x00, 	//................
0x00, 0x00, 0x00, 0x00, 0x00, 0x00, 0x00, 0x00, 	//................
0x00, 0x00, 0x00, 0x00, 0x00, 0x00, 0x00, 0x00, 	//................
0x00, 0x00, 0x00, 0x00, 0x00, 0x00, 0x00, 0x00, 	//................
0x00, 0x00, 0x00, 0x00, 0x00, 0x00, 0x00, 0x00, 	//................
0x00, 0x00, 0x00, 0x00, 0x0f, 0xff, 0xff, 0xc0, 	//.........@@@@@@.
0x00, 0x00, 0x00, 0x00, 0x0f, 0xff, 0xff, 0xc0, 	//.........@@@@@@.
0x00, 0x00, 0x00, 0x00, 0x0f, 0xff, 0xff, 0xc0, 	//.........@@@@@@.
0x00, 0x00, 0x00, 0x00, 0x0f, 0xff, 0xff, 0xc0, 	//.........@@@@@@.
0x00, 0x00, 0x00, 0x00, 0x0f, 0xff, 0xff, 0xc0, 	//.........@@@@@@.
0x00, 0x00, 0x00, 0x00, 0x0f, 0xff, 0xff, 0xc0, 	//.........@@@@@@.
0x00, 0x00, 0x00, 0x00, 0x0f, 0xff, 0xff, 0xc0, 	//.........@@@@@@.
0x00, 0x00, 0x00, 0x00, 0x0f, 0xff, 0xff, 0xc0, 	//.........@@@@@@.
0x00, 0x00, 0x00, 0x00, 0x0f, 0xff, 0xff, 0xc0, 	//.........@@@@@@.
0x00, 0x00, 0x00, 0x00, 0x0f, 0xff, 0xff, 0xc0, 	//.........@@@@@@.
0x00, 0x00, 0x00, 0x00, 0x0f, 0xff, 0xff, 0xc0, 	//.........@@@@@@.
0x00, 0x00, 0x00, 0x00, 0x0f, 0xff, 0xff, 0xc0, 	//.........@@@@@@.
0x00, 0x00, 0x00, 0x00, 0x0f, 0xff, 0xff, 0xc0, 	//.........@@@@@@.
0x00, 0x00, 0x00, 0x00, 0x0f, 0xff, 0xff, 0xc0, 	//.........@@@@@@.
0x00, 0x00, 0x00, 0x00, 0x0f, 0xff, 0xff, 0xc0, 	//.........@@@@@@.
0x00, 0x00, 0x00, 0x00, 0x0f, 0xff, 0xff, 0xc0, 	//.........@@@@@@.
0x00, 0x00, 0x00, 0x00, 0x0f, 0xff, 0xff, 0xc0, 	//.........@@@@@@.
0x00, 0x00, 0x00, 0x00, 0x0f, 0xff, 0xff, 0xc0, 	//.........@@@@@@.
0x00, 0x00, 0x00, 0x00, 0x0f, 0xff, 0xff, 0xc0, 	//.........@@@@@@.
0x00, 0x00, 0x00, 0x00, 0x0f, 0xff, 0xff, 0xc0, 	//.........@@@@@@.
0x00, 0x00, 0x00, 0x00, 0x0f, 0xff, 0xff, 0xc0, 	//.........@@@@@@.
0x00, 0x00, 0x00, 0x00, 0x0f, 0xff, 0xff, 0xc0, 	//.........@@@@@@.
0x00, 0x00, 0x00, 0x00, 0x0f, 0xff, 0xff, 0xc0, 	//.........@@@@@@.
0x00, 0x00, 0x00, 0x00, 0x0f, 0xff, 0xff, 0xc0, 	//.........@@@@@@.
0x00, 0x00, 0x00, 0x00, 0x0f, 0xff, 0xff, 0xc0, 	//.........@@@@@@.
0x00, 0x00, 0x00, 0x00, 0x0f, 0xff, 0xff, 0xc0, 	//.........@@@@@@.
0x00, 0x00, 0x00, 0x00, 0x0f, 0xff, 0xff, 0xc0, 	//.........@@@@@@.
0x00, 0x00, 0x00, 0x00, 0x0f, 0xff, 0xff, 0xc0, 	//.........@@@@@@.
0x00, 0x00, 0x00, 0x00, 0x0f, 0xff, 0xff, 0xc0, 	//.........@@@@@@.
0x00, 0x00, 0x00, 0x00, 0x0f, 0xff, 0xff, 0xc0, 	//.........@@@@@@.
0x00, 0x00, 0x00, 0x00, 0x0f, 0xff, 0xff, 0xc0, 	//.........@@@@@@.
0x00, 0x00, 0x00, 0x00, 0x0f, 0xff, 0xff, 0xc0, 	//.........@@@@@@.
0x00, 0x00, 0x00, 0x00, 0x0f, 0xff, 0xff, 0xc0, 	//.........@@@@@@.
0x00, 0x00, 0x00, 0x00, 0x0f, 0xff, 0xff, 0xc0, 	//.........@@@@@@.
0x00, 0x00, 0x00, 0x00, 0x0f, 0xff, 0xff, 0xc0, 	//.........@@@@@@.
0x00, 0x00, 0x00, 0x00, 0x0f, 0xff, 0xff, 0xc0, 	//.........@@@@@@.
0x00, 0x00, 0x00, 0x00, 0x0f, 0xff, 0xff, 0xc0, 	//.........@@@@@@.
0x00, 0x00, 0x00, 0x00, 0x0f, 0xff, 0xff, 0xc0, 	//.........@@@@@@.
0x00, 0x00, 0x00, 0x00, 0x0f, 0xff, 0xff, 0xc0, 	//.........@@@@@@.
0x00, 0x00, 0x00, 0x00, 0x1f, 0xff, 0xff, 0xc0, 	//........+@@@@@@.
0x00, 0x00, 0x00, 0x00, 0x2f, 0xff, 0xff, 0xb0, 	//........+@@@@@%.
0x00, 0x00, 0x00, 0x00, 0x3f, 0xff, 0xff, 0xa0, 	//........+@@@@@%.
0x00, 0x00, 0x00, 0x00, 0x5f, 0xff, 0xff, 0x80, 	//........+@@@@@*.
0x00, 0x00, 0x00, 0x00, 0x9f, 0xff, 0xff, 0x50, 	//........%@@@@@+.
0x00, 0x00, 0x00, 0x01, 0xef, 0xff, 0xff, 0x20, 	//.......+@@@@@@+.
0x02, 0x00, 0x00, 0x1d, 0xff, 0xff, 0xfd, 0x00, 	//.+....+@@@@@@@..
0x0e, 0xfc, 0xbd, 0xff, 0xff, 0xff, 0xf6, 0x00, 	//.@@@%@@@@@@@@*..
0x2f, 0xff, 0xff, 0xff, 0xff, 0xff, 0xc0, 0x00, 	//+@@@@@@@@@@@@...
0x6f, 0xff, 0xff, 0xff, 0xff, 0xfe, 0x10, 0x00, 	//*@@@@@@@@@@@+...
0xbf, 0xff, 0xff, 0xff, 0xff, 0xb1, 0x00, 0x00, 	//%@@@@@@@@@%+....
0x17, 0xbd, 0xef, 0xec, 0x83, 0x00, 0x00, 0x00, 	//+*%@@@@@*+......


/* k */
0x02, 0x22, 0x22, 0x10, 0x00, 0x00, 0x00, 0x00, 0x00, 0x00, 0x00, 0x00, 0x00, 0x00, 0x00, 	//.++++++.......................
0x1f, 0xff, 0xff, 0xa0, 0x00, 0x00, 0x00, 0x00, 0x00, 0x00, 0x00, 0x00, 0x00, 0x00, 0x00, 	//+@@@@@%.......................
0x1f, 0xff, 0xff, 0xa0, 0x00, 0x00, 0x00, 0x00, 0x00, 0x00, 0x00, 0x00, 0x00, 0x00, 0x00, 	//+@@@@@%.......................
0x1f, 0xff, 0xff, 0xa0, 0x00, 0x00, 0x00, 0x00, 0x00, 0x00, 0x00, 0x00, 0x00, 0x00, 0x00, 	//+@@@@@%.......................
0x1f, 0xff, 0xff, 0xa0, 0x00, 0x00, 0x00, 0x00, 0x00, 0x00, 0x00, 0x00, 0x00, 0x00, 0x00, 	//+@@@@@%.......................
0x1f, 0xff, 0xff, 0xa0, 0x00, 0x00, 0x00, 0x00, 0x00, 0x00, 0x00, 0x00, 0x00, 0x00, 0x00, 	//+@@@@@%.......................
0x1f, 0xff, 0xff, 0xa0, 0x00, 0x00, 0x00, 0x00, 0x00, 0x00, 0x00, 0x00, 0x00, 0x00, 0x00, 	//+@@@@@%.......................
0x1f, 0xff, 0xff, 0xa0, 0x00, 0x00, 0x00, 0x00, 0x00, 0x00, 0x00, 0x00, 0x00, 0x00, 0x00, 	//+@@@@@%.......................
0x1f, 0xff, 0xff, 0xa0, 0x00, 0x00, 0x00, 0x00, 0x00, 0x00, 0x00, 0x00, 0x00, 0x00, 0x00, 	//+@@@@@%.......................
0x1f, 0xff, 0xff, 0xa0, 0x00, 0x00, 0x00, 0x00, 0x00, 0x00, 0x00, 0x00, 0x00, 0x00, 0x00, 	//+@@@@@%.......................
0x1f, 0xff, 0xff, 0xa0, 0x00, 0x00, 0x00, 0x00, 0x00, 0x00, 0x00, 0x00, 0x00, 0x00, 0x00, 	//+@@@@@%.......................
0x1f, 0xff, 0xff, 0xa0, 0x00, 0x00, 0x00, 0x00, 0x00, 0x00, 0x00, 0x00, 0x00, 0x00, 0x00, 	//+@@@@@%.......................
0x1f, 0xff, 0xff, 0xa0, 0x00, 0x00, 0x00, 0x00, 0x00, 0x00, 0x00, 0x00, 0x00, 0x00, 0x00, 	//+@@@@@%.......................
0x1f, 0xff, 0xff, 0xa0, 0x00, 0x00, 0x00, 0x00, 0x00, 0x00, 0x00, 0x00, 0x00, 0x00, 0x00, 	//+@@@@@%.......................
0x1f, 0xff, 0xff, 0xa0, 0x00, 0x00, 0x00, 0x00, 0x00, 0x00, 0x00, 0x00, 0x00, 0x00, 0x00, 	//+@@@@@%.......................
0x1f, 0xff, 0xff, 0xa0, 0x00, 0x00, 0x00, 0x00, 0x00, 0x00, 0x00, 0x00, 0x00, 0x00, 0x00, 	//+@@@@@%.......................
0x1f, 0xff, 0xff, 0xa0, 0x00, 0x00, 0x00, 0x00, 0x00, 0x00, 0x00, 0x00, 0x00, 0x00, 0x00, 	//+@@@@@%.......................
0x1f, 0xff, 0xff, 0xa0, 0x00, 0x00, 0x00, 0x00, 0x00, 0x00, 0x0c, 0xff, 0xff, 0xfb, 0x00, 	//+@@@@@%..............@@@@@@%..
0x1f, 0xff, 0xff, 0xa0, 0x00, 0x00, 0x00, 0x00, 0x00, 0x00, 0x9f, 0xff, 0xff, 0xd1, 0x00, 	//+@@@@@%.............%@@@@@@+..
0x1f, 0xff, 0xff, 0xa0, 0x00, 0x00, 0x00, 0x00, 0x00, 0x06, 0xff, 0xff, 0xff, 0x20, 0x00, 	//+@@@@@%............*@@@@@@+...
0x1f, 0xff, 0xff, 0xa0, 0x00, 0x00, 0x00, 0x00, 0x00, 0x3f, 0xff, 0xff, 0xf4, 0x00, 0x00, 	//+@@@@@%...........+@@@@@@+....
0x1f, 0xff, 0xff, 0xa0, 0x00, 0x00, 0x00, 0x00, 0x01, 0xef, 0xff, 0xff, 0x70, 0x00, 0x00, 	//+@@@@@%..........+@@@@@@*.....
0x1f, 0xff, 0xff, 0xa0, 0x00, 0x00, 0x00, 0x00, 0x0c, 0xff, 0xff, 0xfa, 0x00, 0x00, 0x00, 	//+@@@@@%..........@@@@@@%......
0x1f, 0xff, 0xff, 0xa0, 0x00, 0x00, 0x00, 0x00, 0x9f, 0xff, 0xff, 0xc0, 0x00, 0x00, 0x00, 	//+@@@@@%.........%@@@@@@.......
0x1f, 0xff, 0xff, 0xa0, 0x00, 0x00, 0x00, 0x06, 0xff, 0xff, 0xfe, 0x10, 0x00, 0x00, 0x00, 	//+@@@@@%........*@@@@@@+.......
0x1f, 0xff, 0xff, 0xa0, 0x00, 0x00, 0x00, 0x3f, 0xff, 0xff, 0xf3, 0x00, 0x00, 0x00, 0x00, 	//+@@@@@%.......+@@@@@@+........
0x1f, 0xff, 0xff, 0xa0, 0x00, 0x00, 0x01, 0xef, 0xff, 0xff, 0x50, 0x00, 0x00, 0x00, 0x00, 	//+@@@@@%......+@@@@@@+.........
0x1f, 0xff, 0xff, 0xa0, 0x00, 0x00, 0x0c, 0xff, 0xff, 0xf8, 0x00, 0x00, 0x00, 0x00, 0x00, 	//+@@@@@%......@@@@@@*..........
0x1f, 0xff, 0xff, 0xa0, 0x00, 0x00, 0x9f, 0xff, 0xff, 0xb0, 0x00, 0x00, 0x00, 0x00, 0x00, 	//+@@@@@%.....%@@@@@%...........
0x1f, 0xff, 0xff, 0xa0, 0x00, 0x05, 0xff, 0xff, 0xfd, 0x00, 0x00, 0x00, 0x00, 0x00, 0x00, 	//+@@@@@%....+@@@@@@............
0x1f, 0xff, 0xff, 0xa0, 0x00, 0x3f, 0xff, 0xff, 0xe2, 0x00, 0x00, 0x00, 0x00, 0x00, 0x00, 	//+@@@@@%...+@@@@@@+............
0x1f, 0xff, 0xff, 0xa0, 0x01, 0xef, 0xff, 0xff, 0xc0, 0x00, 0x00, 0x00, 0x00, 0x00, 0x00, 	//+@@@@@%..+@@@@@@@.............
0x1f, 0xff, 0xff, 0xa0, 0x0b, 0xff, 0xff, 0xff, 0xf6, 0x00, 0x00, 0x00, 0x00, 0x00, 0x00, 	//+@@@@@%..%@@@@@@@*............
0x1f, 0xff, 0xff, 0xa0, 0x9f, 0xff, 0xff, 0xff, 0xff, 0x10, 0x00, 0x00, 0x00, 0x00, 0x00, 	//+@@@@@%.%@@@@@@@@@+...........
0x1f, 0xff, 0xff, 0xa5, 0xff, 0xff, 0xff, 0xff, 0xff, 0xa0, 0x00, 0x00, 0x00, 0x00, 0x00, 	//+@@@@@%+@@@@@@@@@@%...........
0x1f, 0xff, 0xff, 0xdf, 0xff, 0xff, 0xca, 0xff, 0xff, 0xf4, 0x00, 0x00, 0x00, 0x00, 0x00, 	//+@@@@@@@@@@@@%@@@@@+..........
0x1f, 0xff, 0xff, 0xff, 0xff, 0xfe, 0x11, 0xef, 0xff, 0xfe, 0x00, 0x00, 0x00, 0x00, 0x00, 	//+@@@@@@@@@@@++@@@@@@..........
0x1f, 0xff, 0xff, 0xff, 0xff, 0xf3, 0x00, 0x6f, 0xff, 0xff, 0x90, 0x00, 0x00, 0x00, 0x00, 	//+@@@@@@@@@@+..*@@@@@%.........
0x1f, 0xff, 0xff, 0xff, 0xff, 0x40, 0x00, 0x0c, 0xff, 0xff, 0xf3, 0x00, 0x00, 0x00, 0x00, 	//+@@@@@@@@@+....@@@@@@+........
0x1f, 0xff, 0xff, 0xff, 0xf7, 0x00, 0x00, 0x03, 0xff, 0xff, 0xfc, 0x00, 0x00, 0x00, 0x00, 	//+@@@@@@@@*.....+@@@@@@........
0x1f, 0xff, 0xff, 0xff, 0x90, 0x00, 0x00, 0x00, 0x9f, 0xff, 0xff, 0x70, 0x00, 0x00, 0x00, 	//+@@@@@@@%.......%@@@@@*.......
0x1f, 0xff, 0xff, 0xfb, 0x00, 0x00, 0x00, 0x00, 0x1e, 0xff, 0xff, 0xf1, 0x00, 0x00, 0x00, 	//+@@@@@@%........+@@@@@@+......
0x1f, 0xff, 0xff, 0xd0, 0x00, 0x00, 0x00, 0x00, 0x06, 0xff, 0xff, 0xfb, 0x00, 0x00, 0x00, 	//+@@@@@@..........*@@@@@%......
0x1f, 0xff, 0xff, 0xa0, 0x00, 0x00, 0x00, 0x00, 0x00, 0xcf, 0xff, 0xff, 0x50, 0x00, 0x00, 	//+@@@@@%...........@@@@@@+.....
0x1f, 0xff, 0xff, 0xa0, 0x00, 0x00, 0x00, 0x00, 0x00, 0x3f, 0xff, 0xff, 0xe0, 0x00, 0x00, 	//+@@@@@%...........+@@@@@@.....
0x1f, 0xff, 0xff, 0xa0, 0x00, 0x00, 0x00, 0x00, 0x00, 0x09, 0xff, 0xff, 0xf9, 0x00, 0x00, 	//+@@@@@%............%@@@@@%....
0x1f, 0xff, 0xff, 0xa0, 0x00, 0x00, 0x00, 0x00, 0x00, 0x00, 0xef, 0xff, 0xff, 0x30, 0x00, 	//+@@@@@%.............@@@@@@+...
0x1f, 0xff, 0xff, 0xa0, 0x00, 0x00, 0x00, 0x00, 0x00, 0x00, 0x5f, 0xff, 0xff, 0xd0, 0x00, 	//+@@@@@%.............+@@@@@@...
0x1f, 0xff, 0xff, 0xa0, 0x00, 0x00, 0x00, 0x00, 0x00, 0x00, 0x0c, 0xff, 0xff, 0xf7, 0x00, 	//+@@@@@%..............@@@@@@*..
0x1f, 0xff, 0xff, 0xa0, 0x00, 0x00, 0x00, 0x00, 0x00, 0x00, 0x02, 0xff, 0xff, 0xff, 0x20, 	//+@@@@@%..............+@@@@@@+.
0x1f, 0xff, 0xff, 0xa0, 0x00, 0x00, 0x00, 0x00, 0x00, 0x00, 0x00, 0x8f, 0xff, 0xff, 0xb0, 	//+@@@@@%...............*@@@@@%.
0x1f, 0xff, 0xff, 0xa0, 0x00, 0x00, 0x00, 0x00, 0x00, 0x00, 0x00, 0x0e, 0xff, 0xff, 0xf5, 	//+@@@@@%................@@@@@@+


/* l */
0x1c, 0xcc, 0xcc, 0x90, 0x00, 0x00, 	//+@@@@@%.....
0x1f, 0xff, 0xff, 0xc0, 0x00, 0x00, 	//+@@@@@@.....
0x1f, 0xff, 0xff, 0xc0, 0x00, 0x00, 	//+@@@@@@.....
0x1f, 0xff, 0xff, 0xc0, 0x00, 0x00, 	//+@@@@@@.....
0x1f, 0xff, 0xff, 0xc0, 0x00, 0x00, 	//+@@@@@@.....
0x1f, 0xff, 0xff, 0xc0, 0x00, 0x00, 	//+@@@@@@.....
0x1f, 0xff, 0xff, 0xc0, 0x00, 0x00, 	//+@@@@@@.....
0x1f, 0xff, 0xff, 0xc0, 0x00, 0x00, 	//+@@@@@@.....
0x1f, 0xff, 0xff, 0xc0, 0x00, 0x00, 	//+@@@@@@.....
0x1f, 0xff, 0xff, 0xc0, 0x00, 0x00, 	//+@@@@@@.....
0x1f, 0xff, 0xff, 0xc0, 0x00, 0x00, 	//+@@@@@@.....
0x1f, 0xff, 0xff, 0xc0, 0x00, 0x00, 	//+@@@@@@.....
0x1f, 0xff, 0xff, 0xc0, 0x00, 0x00, 	//+@@@@@@.....
0x1f, 0xff, 0xff, 0xc0, 0x00, 0x00, 	//+@@@@@@.....
0x1f, 0xff, 0xff, 0xc0, 0x00, 0x00, 	//+@@@@@@.....
0x1f, 0xff, 0xff, 0xc0, 0x00, 0x00, 	//+@@@@@@.....
0x1f, 0xff, 0xff, 0xc0, 0x00, 0x00, 	//+@@@@@@.....
0x1f, 0xff, 0xff, 0xc0, 0x00, 0x00, 	//+@@@@@@.....
0x1f, 0xff, 0xff, 0xc0, 0x00, 0x00, 	//+@@@@@@.....
0x1f, 0xff, 0xff, 0xc0, 0x00, 0x00, 	//+@@@@@@.....
0x1f, 0xff, 0xff, 0xc0, 0x00, 0x00, 	//+@@@@@@.....
0x1f, 0xff, 0xff, 0xc0, 0x00, 0x00, 	//+@@@@@@.....
0x1f, 0xff, 0xff, 0xc0, 0x00, 0x00, 	//+@@@@@@.....
0x1f, 0xff, 0xff, 0xc0, 0x00, 0x00, 	//+@@@@@@.....
0x1f, 0xff, 0xff, 0xc0, 0x00, 0x00, 	//+@@@@@@.....
0x1f, 0xff, 0xff, 0xc0, 0x00, 0x00, 	//+@@@@@@.....
0x1f, 0xff, 0xff, 0xc0, 0x00, 0x00, 	//+@@@@@@.....
0x1f, 0xff, 0xff, 0xc0, 0x00, 0x00, 	//+@@@@@@.....
0x1f, 0xff, 0xff, 0xc0, 0x00, 0x00, 	//+@@@@@@.....
0x1f, 0xff, 0xff, 0xc0, 0x00, 0x00, 	//+@@@@@@.....
0x1f, 0xff, 0xff, 0xc0, 0x00, 0x00, 	//+@@@@@@.....
0x1f, 0xff, 0xff, 0xc0, 0x00, 0x00, 	//+@@@@@@.....
0x1f, 0xff, 0xff, 0xc0, 0x00, 0x00, 	//+@@@@@@.....
0x1f, 0xff, 0xff, 0xc0, 0x00, 0x00, 	//+@@@@@@.....
0x1f, 0xff, 0xff, 0xc0, 0x00, 0x00, 	//+@@@@@@.....
0x1f, 0xff, 0xff, 0xc0, 0x00, 0x00, 	//+@@@@@@.....
0x1f, 0xff, 0xff, 0xc0, 0x00, 0x00, 	//+@@@@@@.....
0x1f, 0xff, 0xff, 0xc0, 0x00, 0x00, 	//+@@@@@@.....
0x1f, 0xff, 0xff, 0xc0, 0x00, 0x00, 	//+@@@@@@.....
0x1f, 0xff, 0xff, 0xc0, 0x00, 0x00, 	//+@@@@@@.....
0x1f, 0xff, 0xff, 0xc0, 0x00, 0x00, 	//+@@@@@@.....
0x1f, 0xff, 0xff, 0xc0, 0x00, 0x00, 	//+@@@@@@.....
0x1f, 0xff, 0xff, 0xc0, 0x00, 0x00, 	//+@@@@@@.....
0x1f, 0xff, 0xff, 0xc0, 0x00, 0x00, 	//+@@@@@@.....
0x1f, 0xff, 0xff, 0xc0, 0x00, 0x00, 	//+@@@@@@.....
0x0f, 0xff, 0xff, 0xd0, 0x00, 0x00, 	//.@@@@@@.....
0x0e, 0xff, 0xff, 0xf4, 0x00, 0x00, 	//.@@@@@@+....
0x0b, 0xff, 0xff, 0xff, 0xea, 0x00, 	//.%@@@@@@@%..
0x05, 0xff, 0xff, 0xff, 0xfd, 0x00, 	//.+@@@@@@@@..
0x00, 0xef, 0xff, 0xff, 0xff, 0x00, 	//..@@@@@@@@..
0x00, 0x2d, 0xff, 0xff, 0xff, 0x30, 	//..+@@@@@@@+.
0x00, 0x00, 0x8d, 0xff, 0xeb, 0x30, 	//....*@@@@%+.


/* m */
0x00, 0x00, 0x00, 0x00, 0x00, 0x00, 0x03, 0x9b, 0xef, 0xdb, 0x82, 0x00, 0x00, 0x00, 0x00, 0x00, 0x00, 0x28, 0xbd, 0xfe, 0xc8, 0x30, 0x00, 0x00, 0x00, 	//.............+%%@@@%*+............+*%@@@@*+.......
0x1f, 0xff, 0xfb, 0x00, 0x00, 0x04, 0xcf, 0xff, 0xff, 0xff, 0xff, 0xa2, 0x00, 0x00, 0x00, 0x00, 0x3a, 0xff, 0xff, 0xff, 0xff, 0xfc, 0x20, 0x00, 0x00, 	//+@@@@%.....+@@@@@@@@@@%+........+%@@@@@@@@@@+.....
0x1f, 0xff, 0xfd, 0x00, 0x00, 0x9f, 0xff, 0xff, 0xff, 0xff, 0xff, 0xff, 0x30, 0x00, 0x00, 0x08, 0xff, 0xff, 0xff, 0xff, 0xff, 0xff, 0xf4, 0x00, 0x00, 	//+@@@@@....%@@@@@@@@@@@@@+......*@@@@@@@@@@@@@+....
0x1f, 0xff, 0xff, 0x00, 0x2d, 0xff, 0xff, 0xff, 0xff, 0xff, 0xff, 0xff, 0xe2, 0x00, 0x01, 0xbf, 0xff, 0xff, 0xff, 0xff, 0xff, 0xff, 0xff, 0x30, 0x00, 	//+@@@@@..+@@@@@@@@@@@@@@@@+...+%@@@@@@@@@@@@@@@+...
0x1f, 0xff, 0xff, 0x12, 0xef, 0xff, 0xff, 0xff, 0xff, 0xff, 0xff, 0xff, 0xfb, 0x00, 0x1d, 0xff, 0xff, 0xff, 0xff, 0xff, 0xff, 0xff, 0xff, 0xc0, 0x00, 	//+@@@@@++@@@@@@@@@@@@@@@@@%..+@@@@@@@@@@@@@@@@@@...
0x1f, 0xff, 0xff, 0x6e, 0xff, 0xff, 0xe7, 0x42, 0x36, 0xcf, 0xff, 0xff, 0xff, 0x32, 0xef, 0xff, 0xfe, 0x74, 0x23, 0x6c, 0xff, 0xff, 0xff, 0xf5, 0x00, 	//+@@@@@*@@@@@@*+++*@@@@@@@@++@@@@@@*+++*@@@@@@@@+..
0x1f, 0xff, 0xff, 0xff, 0xff, 0xe6, 0x00, 0x00, 0x00, 0x07, 0xff, 0xff, 0xff, 0xce, 0xff, 0xff, 0x60, 0x00, 0x00, 0x00, 0x6f, 0xff, 0xff, 0xfb, 0x00, 	//+@@@@@@@@@@*.......*@@@@@@@@@@@@*.......*@@@@@@%..
0x1f, 0xff, 0xff, 0xff, 0xfc, 0x20, 0x00, 0x00, 0x00, 0x00, 0x9f, 0xff, 0xff, 0xff, 0xff, 0xd2, 0x00, 0x00, 0x00, 0x00, 0x08, 0xff, 0xff, 0xff, 0x10, 	//+@@@@@@@@@+.........%@@@@@@@@@@+.........*@@@@@@+.
0x1f, 0xff, 0xff, 0xff, 0xb0, 0x00, 0x00, 0x00, 0x00, 0x00, 0x1f, 0xff, 0xff, 0xff, 0xfb, 0x00, 0x00, 0x00, 0x00, 0x00, 0x00, 0xef, 0xff, 0xff, 0x40, 	//+@@@@@@@%...........+@@@@@@@@%............@@@@@@+.
0x1f, 0xff, 0xff, 0xfb, 0x00, 0x00, 0x00, 0x00, 0x00, 0x00, 0x0b, 0xff, 0xff, 0xff, 0xb0, 0x00, 0x00, 0x00, 0x00, 0x00, 0x00, 0xaf, 0xff, 0xff, 0x70, 	//+@@@@@@%.............%@@@@@@%.............%@@@@@*.
0x1f, 0xff, 0xff, 0xd0, 0x00, 0x00, 0x00, 0x00, 0x00, 0x00, 0x06, 0xff, 0xff, 0xfd, 0x00, 0x00, 0x00, 0x00, 0x00, 0x00, 0x00, 0x6f, 0xff, 0xff, 0x90, 	//+@@@@@@..............*@@@@@@..............*@@@@@%.
0x1f, 0xff, 0xff, 0xc0, 0x00, 0x00, 0x00, 0x00, 0x00, 0x00, 0x04, 0xff, 0xff, 0xfc, 0x00, 0x00, 0x00, 0x00, 0x00, 0x00, 0x00, 0x3f, 0xff, 0xff, 0xb0, 	//+@@@@@@..............+@@@@@@..............+@@@@@%.
0x1f, 0xff, 0xff, 0xc0, 0x00, 0x00, 0x00, 0x00, 0x00, 0x00, 0x02, 0xff, 0xff, 0xfc, 0x00, 0x00, 0x00, 0x00, 0x00, 0x00, 0x00, 0x1f, 0xff, 0xff, 0xb0, 	//+@@@@@@..............+@@@@@@..............+@@@@@%.
0x1f, 0xff, 0xff, 0xc0, 0x00, 0x00, 0x00, 0x00, 0x00, 0x00, 0x01, 0xff, 0xff, 0xfc, 0x00, 0x00, 0x00, 0x00, 0x00, 0x00, 0x00, 0x0f, 0xff, 0xff, 0xc0, 	//+@@@@@@..............+@@@@@@...............@@@@@@.
0x1f, 0xff, 0xff, 0xc0, 0x00, 0x00, 0x00, 0x00, 0x00, 0x00, 0x01, 0xff, 0xff, 0xfc, 0x00, 0x00, 0x00, 0x00, 0x00, 0x00, 0x00, 0x0f, 0xff, 0xff, 0xc0, 	//+@@@@@@..............+@@@@@@...............@@@@@@.
0x1f, 0xff, 0xff, 0xc0, 0x00, 0x00, 0x00, 0x00, 0x00, 0x00, 0x00, 0xff, 0xff, 0xfc, 0x00, 0x00, 0x00, 0x00, 0x00, 0x00, 0x00, 0x0f, 0xff, 0xff, 0xc0, 	//+@@@@@@...............@@@@@@...............@@@@@@.
0x1f, 0xff, 0xff, 0xc0, 0x00, 0x00, 0x00, 0x00, 0x00, 0x00, 0x00, 0xff, 0xff, 0xfc, 0x00, 0x00, 0x00, 0x00, 0x00, 0x00, 0x00, 0x0f, 0xff, 0xff, 0xc0, 	//+@@@@@@...............@@@@@@...............@@@@@@.
0x1f, 0xff, 0xff, 0xc0, 0x00, 0x00, 0x00, 0x00, 0x00, 0x00, 0x00, 0xff, 0xff, 0xfc, 0x00, 0x00, 0x00, 0x00, 0x00, 0x00, 0x00, 0x0f, 0xff, 0xff, 0xc0, 	//+@@@@@@...............@@@@@@...............@@@@@@.
0x1f, 0xff, 0xff, 0xc0, 0x00, 0x00, 0x00, 0x00, 0x00, 0x00, 0x00, 0xff, 0xff, 0xfc, 0x00, 0x00, 0x00, 0x00, 0x00, 0x00, 0x00, 0x0f, 0xff, 0xff, 0xc0, 	//+@@@@@@...............@@@@@@...............@@@@@@.
0x1f, 0xff, 0xff, 0xc0, 0x00, 0x00, 0x00, 0x00, 0x00, 0x00, 0x00, 0xff, 0xff, 0xfc, 0x00, 0x00, 0x00, 0x00, 0x00, 0x00, 0x00, 0x0f, 0xff, 0xff, 0xc0, 	//+@@@@@@...............@@@@@@...............@@@@@@.
0x1f, 0xff, 0xff, 0xc0, 0x00, 0x00, 0x00, 0x00, 0x00, 0x00, 0x00, 0xff, 0xff, 0xfc, 0x00, 0x00, 0x00, 0x00, 0x00, 0x00, 0x00, 0x0f, 0xff, 0xff, 0xc0, 	//+@@@@@@...............@@@@@@...............@@@@@@.
0x1f, 0xff, 0xff, 0xc0, 0x00, 0x00, 0x00, 0x00, 0x00, 0x00, 0x00, 0xff, 0xff, 0xfc, 0x00, 0x00, 0x00, 0x00, 0x00, 0x00, 0x00, 0x0f, 0xff, 0xff, 0xc0, 	//+@@@@@@...............@@@@@@...............@@@@@@.
0x1f, 0xff, 0xff, 0xc0, 0x00, 0x00, 0x00, 0x00, 0x00, 0x00, 0x00, 0xff, 0xff, 0xfc, 0x00, 0x00, 0x00, 0x00, 0x00, 0x00, 0x00, 0x0f, 0xff, 0xff, 0xc0, 	//+@@@@@@...............@@@@@@...............@@@@@@.
0x1f, 0xff, 0xff, 0xc0, 0x00, 0x00, 0x00, 0x00, 0x00, 0x00, 0x00, 0xff, 0xff, 0xfc, 0x00, 0x00, 0x00, 0x00, 0x00, 0x00, 0x00, 0x0f, 0xff, 0xff, 0xc0, 	//+@@@@@@...............@@@@@@...............@@@@@@.
0x1f, 0xff, 0xff, 0xc0, 0x00, 0x00, 0x00, 0x00, 0x00, 0x00, 0x00, 0xff, 0xff, 0xfc, 0x00, 0x00, 0x00, 0x00, 0x00, 0x00, 0x00, 0x0f, 0xff, 0xff, 0xc0, 	//+@@@@@@...............@@@@@@...............@@@@@@.
0x1f, 0xff, 0xff, 0xc0, 0x00, 0x00, 0x00, 0x00, 0x00, 0x00, 0x00, 0xff, 0xff, 0xfc, 0x00, 0x00, 0x00, 0x00, 0x00, 0x00, 0x00, 0x0f, 0xff, 0xff, 0xc0, 	//+@@@@@@...............@@@@@@...............@@@@@@.
0x1f, 0xff, 0xff, 0xc0, 0x00, 0x00, 0x00, 0x00, 0x00, 0x00, 0x00, 0xff, 0xff, 0xfc, 0x00, 0x00, 0x00, 0x00, 0x00, 0x00, 0x00, 0x0f, 0xff, 0xff, 0xc0, 	//+@@@@@@...............@@@@@@...............@@@@@@.
0x1f, 0xff, 0xff, 0xc0, 0x00, 0x00, 0x00, 0x00, 0x00, 0x00, 0x00, 0xff, 0xff, 0xfc, 0x00, 0x00, 0x00, 0x00, 0x00, 0x00, 0x00, 0x0f, 0xff, 0xff, 0xc0, 	//+@@@@@@...............@@@@@@...............@@@@@@.
0x1f, 0xff, 0xff, 0xc0, 0x00, 0x00, 0x00, 0x00, 0x00, 0x00, 0x00, 0xff, 0xff, 0xfc, 0x00, 0x00, 0x00, 0x00, 0x00, 0x00, 0x00, 0x0f, 0xff, 0xff, 0xc0, 	//+@@@@@@...............@@@@@@...............@@@@@@.
0x1f, 0xff, 0xff, 0xc0, 0x00, 0x00, 0x00, 0x00, 0x00, 0x00, 0x00, 0xff, 0xff, 0xfc, 0x00, 0x00, 0x00, 0x00, 0x00, 0x00, 0x00, 0x0f, 0xff, 0xff, 0xc0, 	//+@@@@@@...............@@@@@@...............@@@@@@.
0x1f, 0xff, 0xff, 0xc0, 0x00, 0x00, 0x00, 0x00, 0x00, 0x00, 0x00, 0xff, 0xff, 0xfc, 0x00, 0x00, 0x00, 0x00, 0x00, 0x00, 0x00, 0x0f, 0xff, 0xff, 0xc0, 	//+@@@@@@...............@@@@@@...............@@@@@@.
0x1f, 0xff, 0xff, 0xc0, 0x00, 0x00, 0x00, 0x00, 0x00, 0x00, 0x00, 0xff, 0xff, 0xfc, 0x00, 0x00, 0x00, 0x00, 0x00, 0x00, 0x00, 0x0f, 0xff, 0xff, 0xc0, 	//+@@@@@@...............@@@@@@...............@@@@@@.
0x1f, 0xff, 0xff, 0xc0, 0x00, 0x00, 0x00, 0x00, 0x00, 0x00, 0x00, 0xff, 0xff, 0xfc, 0x00, 0x00, 0x00, 0x00, 0x00, 0x00, 0x00, 0x0f, 0xff, 0xff, 0xc0, 	//+@@@@@@...............@@@@@@...............@@@@@@.
0x1f, 0xff, 0xff, 0xc0, 0x00, 0x00, 0x00, 0x00, 0x00, 0x00, 0x00, 0xff, 0xff, 0xfc, 0x00, 0x00, 0x00, 0x00, 0x00, 0x00, 0x00, 0x0f, 0xff, 0xff, 0xc0, 	//+@@@@@@...............@@@@@@...............@@@@@@.
0x1f, 0xff, 0xff, 0xc0, 0x00, 0x00, 0x00, 0x00, 0x00, 0x00, 0x00, 0xff, 0xff, 0xfc, 0x00, 0x00, 0x00, 0x00, 0x00, 0x00, 0x00, 0x0f, 0xff, 0xff, 0xc0, 	//+@@@@@@...............@@@@@@...............@@@@@@.
0x1f, 0xff, 0xff, 0xc0, 0x00, 0x00, 0x00, 0x00, 0x00, 0x00, 0x00, 0xff, 0xff, 0xfc, 0x00, 0x00, 0x00, 0x00, 0x00, 0x00, 0x00, 0x0f, 0xff, 0xff, 0xc0, 	//+@@@@@@...............@@@@@@...............@@@@@@.


/* n */
0x00, 0x00, 0x00, 0x00, 0x00, 0x00, 0x01, 0x7a, 0xce, 0xfd, 0xc7, 0x20, 0x00, 0x00, 0x00, 	//.............+*%@@@@@*+.......
0x1f, 0xff, 0xfb, 0x00, 0x00, 0x02, 0x9f, 0xff, 0xff, 0xff, 0xff, 0xfa, 0x10, 0x00, 0x00, 	//+@@@@%.....+%@@@@@@@@@@%+.....
0x1f, 0xff, 0xfd, 0x00, 0x00, 0x7f, 0xff, 0xff, 0xff, 0xff, 0xff, 0xff, 0xe2, 0x00, 0x00, 	//+@@@@@....*@@@@@@@@@@@@@@+....
0x1f, 0xff, 0xff, 0x00, 0x1c, 0xff, 0xff, 0xff, 0xff, 0xff, 0xff, 0xff, 0xfe, 0x10, 0x00, 	//+@@@@@..+@@@@@@@@@@@@@@@@@+...
0x1f, 0xff, 0xff, 0x12, 0xef, 0xff, 0xff, 0xff, 0xff, 0xff, 0xff, 0xff, 0xff, 0xa0, 0x00, 	//+@@@@@++@@@@@@@@@@@@@@@@@@%...
0x1f, 0xff, 0xff, 0x6e, 0xff, 0xff, 0xf9, 0x53, 0x23, 0x7d, 0xff, 0xff, 0xff, 0xf3, 0x00, 	//+@@@@@*@@@@@@%++++*@@@@@@@@+..
0x1f, 0xff, 0xff, 0xff, 0xff, 0xf7, 0x00, 0x00, 0x00, 0x00, 0x8f, 0xff, 0xff, 0xf9, 0x00, 	//+@@@@@@@@@@*........*@@@@@@%..
0x1f, 0xff, 0xff, 0xff, 0xfd, 0x30, 0x00, 0x00, 0x00, 0x00, 0x0a, 0xff, 0xff, 0xfe, 0x00, 	//+@@@@@@@@@+..........%@@@@@@..
0x1f, 0xff, 0xff, 0xff, 0xc1, 0x00, 0x00, 0x00, 0x00, 0x00, 0x02, 0xff, 0xff, 0xff, 0x20, 	//+@@@@@@@@+...........+@@@@@@+.
0x1f, 0xff, 0xff, 0xfc, 0x00, 0x00, 0x00, 0x00, 0x00, 0x00, 0x00, 0xcf, 0xff, 0xff, 0x40, 	//+@@@@@@@..............@@@@@@+.
0x1f, 0xff, 0xff, 0xd0, 0x00, 0x00, 0x00, 0x00, 0x00, 0x00, 0x00, 0x8f, 0xff, 0xff, 0x70, 	//+@@@@@@...............*@@@@@*.
0x1f, 0xff, 0xff, 0xc0, 0x00, 0x00, 0x00, 0x00, 0x00, 0x00, 0x00, 0x6f, 0xff, 0xff, 0x80, 	//+@@@@@@...............*@@@@@*.
0x1f, 0xff, 0xff, 0xc0, 0x00, 0x00, 0x00, 0x00, 0x00, 0x00, 0x00, 0x4f, 0xff, 0xff, 0x90, 	//+@@@@@@...............+@@@@@%.
0x1f, 0xff, 0xff, 0xc0, 0x00, 0x00, 0x00, 0x00, 0x00, 0x00, 0x00, 0x3f, 0xff, 0xff, 0xa0, 	//+@@@@@@...............+@@@@@%.
0x1f, 0xff, 0xff, 0xc0, 0x00, 0x00, 0x00, 0x00, 0x00, 0x00, 0x00, 0x2f, 0xff, 0xff, 0xa0, 	//+@@@@@@...............+@@@@@%.
0x1f, 0xff, 0xff, 0xc0, 0x00, 0x00, 0x00, 0x00, 0x00, 0x00, 0x00, 0x2f, 0xff, 0xff, 0xa0, 	//+@@@@@@...............+@@@@@%.
0x1f, 0xff, 0xff, 0xc0, 0x00, 0x00, 0x00, 0x00, 0x00, 0x00, 0x00, 0x2f, 0xff, 0xff, 0xa0, 	//+@@@@@@...............+@@@@@%.
0x1f, 0xff, 0xff, 0xc0, 0x00, 0x00, 0x00, 0x00, 0x00, 0x00, 0x00, 0x2f, 0xff, 0xff, 0xa0, 	//+@@@@@@...............+@@@@@%.
0x1f, 0xff, 0xff, 0xc0, 0x00, 0x00, 0x00, 0x00, 0x00, 0x00, 0x00, 0x2f, 0xff, 0xff, 0xa0, 	//+@@@@@@...............+@@@@@%.
0x1f, 0xff, 0xff, 0xc0, 0x00, 0x00, 0x00, 0x00, 0x00, 0x00, 0x00, 0x2f, 0xff, 0xff, 0xa0, 	//+@@@@@@...............+@@@@@%.
0x1f, 0xff, 0xff, 0xc0, 0x00, 0x00, 0x00, 0x00, 0x00, 0x00, 0x00, 0x2f, 0xff, 0xff, 0xa0, 	//+@@@@@@...............+@@@@@%.
0x1f, 0xff, 0xff, 0xc0, 0x00, 0x00, 0x00, 0x00, 0x00, 0x00, 0x00, 0x2f, 0xff, 0xff, 0xa0, 	//+@@@@@@...............+@@@@@%.
0x1f, 0xff, 0xff, 0xc0, 0x00, 0x00, 0x00, 0x00, 0x00, 0x00, 0x00, 0x2f, 0xff, 0xff, 0xa0, 	//+@@@@@@...............+@@@@@%.
0x1f, 0xff, 0xff, 0xc0, 0x00, 0x00, 0x00, 0x00, 0x00, 0x00, 0x00, 0x2f, 0xff, 0xff, 0xa0, 	//+@@@@@@...............+@@@@@%.
0x1f, 0xff, 0xff, 0xc0, 0x00, 0x00, 0x00, 0x00, 0x00, 0x00, 0x00, 0x2f, 0xff, 0xff, 0xa0, 	//+@@@@@@...............+@@@@@%.
0x1f, 0xff, 0xff, 0xc0, 0x00, 0x00, 0x00, 0x00, 0x00, 0x00, 0x00, 0x2f, 0xff, 0xff, 0xa0, 	//+@@@@@@...............+@@@@@%.
0x1f, 0xff, 0xff, 0xc0, 0x00, 0x00, 0x00, 0x00, 0x00, 0x00, 0x00, 0x2f, 0xff, 0xff, 0xa0, 	//+@@@@@@...............+@@@@@%.
0x1f, 0xff, 0xff, 0xc0, 0x00, 0x00, 0x00, 0x00, 0x00, 0x00, 0x00, 0x2f, 0xff, 0xff, 0xa0, 	//+@@@@@@...............+@@@@@%.
0x1f, 0xff, 0xff, 0xc0, 0x00, 0x00, 0x00, 0x00, 0x00, 0x00, 0x00, 0x2f, 0xff, 0xff, 0xa0, 	//+@@@@@@...............+@@@@@%.
0x1f, 0xff, 0xff, 0xc0, 0x00, 0x00, 0x00, 0x00, 0x00, 0x00, 0x00, 0x2f, 0xff, 0xff, 0xa0, 	//+@@@@@@...............+@@@@@%.
0x1f, 0xff, 0xff, 0xc0, 0x00, 0x00, 0x00, 0x00, 0x00, 0x00, 0x00, 0x2f, 0xff, 0xff, 0xa0, 	//+@@@@@@...............+@@@@@%.
0x1f, 0xff, 0xff, 0xc0, 0x00, 0x00, 0x00, 0x00, 0x00, 0x00, 0x00, 0x2f, 0xff, 0xff, 0xa0, 	//+@@@@@@...............+@@@@@%.
0x1f, 0xff, 0xff, 0xc0, 0x00, 0x00, 0x00, 0x00, 0x00, 0x00, 0x00, 0x2f, 0xff, 0xff, 0xa0, 	//+@@@@@@...............+@@@@@%.
0x1f, 0xff, 0xff, 0xc0, 0x00, 0x00, 0x00, 0x00, 0x00, 0x00, 0x00, 0x2f, 0xff, 0xff, 0xa0, 	//+@@@@@@...............+@@@@@%.
0x1f, 0xff, 0xff, 0xc0, 0x00, 0x00, 0x00, 0x00, 0x00, 0x00, 0x00, 0x2f, 0xff, 0xff, 0xa0, 	//+@@@@@@...............+@@@@@%.
0x1f, 0xff, 0xff, 0xc0, 0x00, 0x00, 0x00, 0x00, 0x00, 0x00, 0x00, 0x2f, 0xff, 0xff, 0xa0, 	//+@@@@@@...............+@@@@@%.


/* o */
0x00, 0x00, 0x00, 0x00, 0x00, 0x02, 0x7b, 0xce, 0xfe, 0xca, 0x51, 0x00, 0x00, 0x00, 0x00, 0x00, 0x00, 	//...........+*%@@@@@%++............
0x00, 0x00, 0x00, 0x00, 0x05, 0xdf, 0xff, 0xff, 0xff, 0xff, 0xff, 0xb3, 0x00, 0x00, 0x00, 0x00, 0x00, 	//.........+@@@@@@@@@@@@%+..........
0x00, 0x00, 0x00, 0x03, 0xcf, 0xff, 0xff, 0xff, 0xff, 0xff, 0xff, 0xff, 0x91, 0x00, 0x00, 0x00, 0x00, 	//.......+@@@@@@@@@@@@@@@@%+........
0x00, 0x00, 0x00, 0x5f, 0xff, 0xff, 0xff, 0xff, 0xff, 0xff, 0xff, 0xff, 0xfe, 0x20, 0x00, 0x00, 0x00, 	//......+@@@@@@@@@@@@@@@@@@@+.......
0x00, 0x00, 0x06, 0xff, 0xff, 0xff, 0xff, 0xff, 0xff, 0xff, 0xff, 0xff, 0xff, 0xe4, 0x00, 0x00, 0x00, 	//.....*@@@@@@@@@@@@@@@@@@@@@+......
0x00, 0x00, 0x5f, 0xff, 0xff, 0xff, 0xd7, 0x20, 0x01, 0x38, 0xef, 0xff, 0xff, 0xff, 0x20, 0x00, 0x00, 	//....+@@@@@@@@*+..++*@@@@@@@@+.....
0x00, 0x02, 0xff, 0xff, 0xff, 0xf7, 0x00, 0x00, 0x00, 0x00, 0x09, 0xff, 0xff, 0xff, 0xc0, 0x00, 0x00, 	//...+@@@@@@@*.........%@@@@@@@.....
0x00, 0x0c, 0xff, 0xff, 0xff, 0x30, 0x00, 0x00, 0x00, 0x00, 0x00, 0x6f, 0xff, 0xff, 0xf9, 0x00, 0x00, 	//...@@@@@@@+...........*@@@@@@%....
0x00, 0x5f, 0xff, 0xff, 0xf4, 0x00, 0x00, 0x00, 0x00, 0x00, 0x00, 0x08, 0xff, 0xff, 0xff, 0x10, 0x00, 	//..+@@@@@@+.............*@@@@@@+...
0x00, 0xcf, 0xff, 0xff, 0x90, 0x00, 0x00, 0x00, 0x00, 0x00, 0x00, 0x00, 0xdf, 0xff, 0xff, 0x80, 0x00, 	//..@@@@@@%...............@@@@@@*...
0x04, 0xff, 0xff, 0xff, 0x10, 0x00, 0x00, 0x00, 0x00, 0x00, 0x00, 0x00, 0x3f, 0xff, 0xff, 0xf1, 0x00, 	//.+@@@@@@+...............+@@@@@@+..
0x09, 0xff, 0xff, 0xf9, 0x00, 0x00, 0x00, 0x00, 0x00, 0x00, 0x00, 0x00, 0x0c, 0xff, 0xff, 0xf5, 0x00, 	//.%@@@@@%.................@@@@@@+..
0x0d, 0xff, 0xff, 0xf3, 0x00, 0x00, 0x00, 0x00, 0x00, 0x00, 0x00, 0x00, 0x06, 0xff, 0xff, 0xf9, 0x00, 	//.@@@@@@+.................*@@@@@%..
0x1f, 0xff, 0xff, 0xf0, 0x00, 0x00, 0x00, 0x00, 0x00, 0x00, 0x00, 0x00, 0x02, 0xff, 0xff, 0xfd, 0x00, 	//+@@@@@@..................+@@@@@@..
0x5f, 0xff, 0xff, 0xb0, 0x00, 0x00, 0x00, 0x00, 0x00, 0x00, 0x00, 0x00, 0x00, 0xef, 0xff, 0xff, 0x10, 	//+@@@@@%...................@@@@@@+.
0x7f, 0xff, 0xff, 0x80, 0x00, 0x00, 0x00, 0x00, 0x00, 0x00, 0x00, 0x00, 0x00, 0xbf, 0xff, 0xff, 0x30, 	//*@@@@@*...................%@@@@@+.
0x8f, 0xff, 0xff, 0x70, 0x00, 0x00, 0x00, 0x00, 0x00, 0x00, 0x00, 0x00, 0x00, 0xaf, 0xff, 0xff, 0x40, 	//*@@@@@*...................%@@@@@+.
0x9f, 0xff, 0xff, 0x60, 0x00, 0x00, 0x00, 0x00, 0x00, 0x00, 0x00, 0x00, 0x00, 0x9f, 0xff, 0xff, 0x50, 	//%@@@@@*...................%@@@@@+.
0xaf, 0xff, 0xff, 0x50, 0x00, 0x00, 0x00, 0x00, 0x00, 0x00, 0x00, 0x00, 0x00, 0x8f, 0xff, 0xff, 0x60, 	//%@@@@@+...................*@@@@@*.
0x9f, 0xff, 0xff, 0x60, 0x00, 0x00, 0x00, 0x00, 0x00, 0x00, 0x00, 0x00, 0x00, 0x8f, 0xff, 0xff, 0x50, 	//%@@@@@*...................*@@@@@+.
0x8f, 0xff, 0xff, 0x70, 0x00, 0x00, 0x00, 0x00, 0x00, 0x00, 0x00, 0x00, 0x00, 0xaf, 0xff, 0xff, 0x40, 	//*@@@@@*...................%@@@@@+.
0x7f, 0xff, 0xff, 0x80, 0x00, 0x00, 0x00, 0x00, 0x00, 0x00, 0x00, 0x00, 0x00, 0xbf, 0xff, 0xff, 0x30, 	//*@@@@@*...................%@@@@@+.
0x5f, 0xff, 0xff, 0xb0, 0x00, 0x00, 0x00, 0x00, 0x00, 0x00, 0x00, 0x00, 0x00, 0xef, 0xff, 0xff, 0x10, 	//+@@@@@%...................@@@@@@+.
0x2f, 0xff, 0xff, 0xe0, 0x00, 0x00, 0x00, 0x00, 0x00, 0x00, 0x00, 0x00, 0x01, 0xff, 0xff, 0xfe, 0x00, 	//+@@@@@@..................+@@@@@@..
0x0e, 0xff, 0xff, 0xf2, 0x00, 0x00, 0x00, 0x00, 0x00, 0x00, 0x00, 0x00, 0x06, 0xff, 0xff, 0xfa, 0x00, 	//.@@@@@@+.................*@@@@@%..
0x09, 0xff, 0xff, 0xf8, 0x00, 0x00, 0x00, 0x00, 0x00, 0x00, 0x00, 0x00, 0x0c, 0xff, 0xff, 0xf5, 0x00, 	//.%@@@@@*.................@@@@@@+..
0x05, 0xff, 0xff, 0xfe, 0x00, 0x00, 0x00, 0x00, 0x00, 0x00, 0x00, 0x00, 0x2f, 0xff, 0xff, 0xf1, 0x00, 	//.+@@@@@@................+@@@@@@+..
0x00, 0xdf, 0xff, 0xff, 0x80, 0x00, 0x00, 0x00, 0x00, 0x00, 0x00, 0x00, 0xcf, 0xff, 0xff, 0x90, 0x00, 	//..@@@@@@*...............@@@@@@%...
0x00, 0x5f, 0xff, 0xff, 0xf3, 0x00, 0x00, 0x00, 0x00, 0x00, 0x00, 0x06, 0xff, 0xff, 0xff, 0x20, 0x00, 	//..+@@@@@@+.............*@@@@@@+...
0x00, 0x0d, 0xff, 0xff, 0xfe, 0x20, 0x00, 0x00, 0x00, 0x00, 0x00, 0x5f, 0xff, 0xff, 0xf9, 0x00, 0x00, 	//...@@@@@@@+...........+@@@@@@%....
0x00, 0x02, 0xff, 0xff, 0xff, 0xe5, 0x00, 0x00, 0x00, 0x00, 0x08, 0xff, 0xff, 0xff, 0xd0, 0x00, 0x00, 	//...+@@@@@@@+.........*@@@@@@@.....
0x00, 0x00, 0x5f, 0xff, 0xff, 0xff, 0xc5, 0x10, 0x00, 0x27, 0xdf, 0xff, 0xff, 0xff, 0x20, 0x00, 0x00, 	//....+@@@@@@@@++...+*@@@@@@@@+.....
0x00, 0x00, 0x07, 0xff, 0xff, 0xff, 0xff, 0xff, 0xef, 0xff, 0xff, 0xff, 0xff, 0xf4, 0x00, 0x00, 0x00, 	//.....*@@@@@@@@@@@@@@@@@@@@@+......
0x00, 0x00, 0x00, 0x5f, 0xff, 0xff, 0xff, 0xff, 0xff, 0xff, 0xff, 0xff, 0xfe, 0x30, 0x00, 0x00, 0x00, 	//......+@@@@@@@@@@@@@@@@@@@+.......
0x00, 0x00, 0x00, 0x03, 0xcf, 0xff, 0xff, 0xff, 0xff, 0xff, 0xff, 0xff, 0xa1, 0x00, 0x00, 0x00, 0x00, 	//.......+@@@@@@@@@@@@@@@@%+........
0x00, 0x00, 0x00, 0x00, 0x05, 0xdf, 0xff, 0xff, 0xff, 0xff, 0xff, 0xb3, 0x00, 0x00, 0x00, 0x00, 0x00, 	//.........+@@@@@@@@@@@@%+..........
0x00, 0x00, 0x00, 0x00, 0x00, 0x02, 0x7b, 0xde, 0xfe, 0xca, 0x61, 0x00, 0x00, 0x00, 0x00, 0x00, 0x00, 	//...........+*%@@@@@%*+............


/* p */
0x00, 0x00, 0x00, 0x00, 0x00, 0x00, 0x03, 0x9b, 0xdf, 0xec, 0xa5, 0x00, 0x00, 0x00, 0x00, 0x00, 	//.............+%%@@@@%+..........
0x1f, 0xff, 0xfb, 0x00, 0x00, 0x07, 0xdf, 0xff, 0xff, 0xff, 0xff, 0xfa, 0x10, 0x00, 0x00, 0x00, 	//+@@@@%.....*@@@@@@@@@@@%+.......
0x1f, 0xff, 0xfe, 0x00, 0x04, 0xdf, 0xff, 0xff, 0xff, 0xff, 0xff, 0xff, 0xe5, 0x00, 0x00, 0x00, 	//+@@@@@...+@@@@@@@@@@@@@@@+......
0x1f, 0xff, 0xff, 0x00, 0xaf, 0xff, 0xff, 0xff, 0xff, 0xff, 0xff, 0xff, 0xff, 0x60, 0x00, 0x00, 	//+@@@@@..%@@@@@@@@@@@@@@@@@*.....
0x1f, 0xff, 0xff, 0x5d, 0xff, 0xff, 0xff, 0xff, 0xff, 0xff, 0xff, 0xff, 0xff, 0xf5, 0x00, 0x00, 	//+@@@@@+@@@@@@@@@@@@@@@@@@@@+....
0x1f, 0xff, 0xff, 0xff, 0xff, 0xff, 0xc6, 0x20, 0x01, 0x49, 0xff, 0xff, 0xff, 0xff, 0x10, 0x00, 	//+@@@@@@@@@@@@*+..++%@@@@@@@@+...
0x1f, 0xff, 0xff, 0xff, 0xff, 0xd3, 0x00, 0x00, 0x00, 0x00, 0x2c, 0xff, 0xff, 0xff, 0xa0, 0x00, 	//+@@@@@@@@@@+........+@@@@@@@%...
0x1f, 0xff, 0xff, 0xff, 0xf8, 0x00, 0x00, 0x00, 0x00, 0x00, 0x00, 0xbf, 0xff, 0xff, 0xf3, 0x00, 	//+@@@@@@@@*............%@@@@@@+..
0x1f, 0xff, 0xff, 0xff, 0x40, 0x00, 0x00, 0x00, 0x00, 0x00, 0x00, 0x1e, 0xff, 0xff, 0xfa, 0x00, 	//+@@@@@@@+.............+@@@@@@%..
0x1f, 0xff, 0xff, 0xe3, 0x00, 0x00, 0x00, 0x00, 0x00, 0x00, 0x00, 0x06, 0xff, 0xff, 0xff, 0x00, 	//+@@@@@@+...............*@@@@@@..
0x1f, 0xff, 0xff, 0xc0, 0x00, 0x00, 0x00, 0x00, 0x00, 0x00, 0x00, 0x00, 0xef, 0xff, 0xff, 0x50, 	//+@@@@@@.................@@@@@@+.
0x1f, 0xff, 0xff, 0xc0, 0x00, 0x00, 0x00, 0x00, 0x00, 0x00, 0x00, 0x00, 0xaf, 0xff, 0xff, 0x80, 	//+@@@@@@.................%@@@@@*.
0x1f, 0xff, 0xff, 0xc0, 0x00, 0x00, 0x00, 0x00, 0x00, 0x00, 0x00, 0x00, 0x5f, 0xff, 0xff, 0xb0, 	//+@@@@@@.................+@@@@@%.
0x1f, 0xff, 0xff, 0xc0, 0x00, 0x00, 0x00, 0x00, 0x00, 0x00, 0x00, 0x00, 0x2f, 0xff, 0xff, 0xe0, 	//+@@@@@@.................+@@@@@@.
0x1f, 0xff, 0xff, 0xc0, 0x00, 0x00, 0x00, 0x00, 0x00, 0x00, 0x00, 0x00, 0x0f, 0xff, 0xff, 0xf1, 	//+@@@@@@..................@@@@@@+
0x1f, 0xff, 0xff, 0xc0, 0x00, 0x00, 0x00, 0x00, 0x00, 0x00, 0x00, 0x00, 0x0e, 0xff, 0xff, 0xf2, 	//+@@@@@@..................@@@@@@+
0x1f, 0xff, 0xff, 0xc0, 0x00, 0x00, 0x00, 0x00, 0x00, 0x00, 0x00, 0x00, 0x0d, 0xff, 0xff, 0xf3, 	//+@@@@@@..................@@@@@@+
0x1f, 0xff, 0xff, 0xc0, 0x00, 0x00, 0x00, 0x00, 0x00, 0x00, 0x00, 0x00, 0x0d, 0xff, 0xff, 0xf4, 	//+@@@@@@..................@@@@@@+
0x1f, 0xff, 0xff, 0xc0, 0x00, 0x00, 0x00, 0x00, 0x00, 0x00, 0x00, 0x00, 0x0d, 0xff, 0xff, 0xf3, 	//+@@@@@@..................@@@@@@+
0x1f, 0xff, 0xff, 0xc0, 0x00, 0x00, 0x00, 0x00, 0x00, 0x00, 0x00, 0x00, 0x0e, 0xff, 0xff, 0xf2, 	//+@@@@@@..................@@@@@@+
0x1f, 0xff, 0xff, 0xc0, 0x00, 0x00, 0x00, 0x00, 0x00, 0x00, 0x00, 0x00, 0x0f, 0xff, 0xff, 0xf1, 	//+@@@@@@..................@@@@@@+
0x1f, 0xff, 0xff, 0xc0, 0x00, 0x00, 0x00, 0x00, 0x00, 0x00, 0x00, 0x00, 0x1f, 0xff, 0xff, 0xf0, 	//+@@@@@@.................+@@@@@@.
0x1f, 0xff, 0xff, 0xc0, 0x00, 0x00, 0x00, 0x00, 0x00, 0x00, 0x00, 0x00, 0x4f, 0xff, 0xff, 0xe0, 	//+@@@@@@.................+@@@@@@.
0x1f, 0xff, 0xff, 0xc0, 0x00, 0x00, 0x00, 0x00, 0x00, 0x00, 0x00, 0x00, 0x7f, 0xff, 0xff, 0xa0, 	//+@@@@@@.................*@@@@@%.
0x1f, 0xff, 0xff, 0xc0, 0x00, 0x00, 0x00, 0x00, 0x00, 0x00, 0x00, 0x00, 0xcf, 0xff, 0xff, 0x60, 	//+@@@@@@.................@@@@@@*.
0x1f, 0xff, 0xff, 0xc0, 0x00, 0x00, 0x00, 0x00, 0x00, 0x00, 0x00, 0x02, 0xff, 0xff, 0xff, 0x20, 	//+@@@@@@................+@@@@@@+.
0x1f, 0xff, 0xff, 0xc0, 0x00, 0x00, 0x00, 0x00, 0x00, 0x00, 0x00, 0x08, 0xff, 0xff, 0xfd, 0x00, 	//+@@@@@@................*@@@@@@..
0x1f, 0xff, 0xff, 0xc0, 0x00, 0x00, 0x00, 0x00, 0x00, 0x00, 0x00, 0x2f, 0xff, 0xff, 0xf6, 0x00, 	//+@@@@@@...............+@@@@@@*..
0x1f, 0xff, 0xff, 0xd1, 0x00, 0x00, 0x00, 0x00, 0x00, 0x00, 0x00, 0xcf, 0xff, 0xff, 0xe0, 0x00, 	//+@@@@@@+..............@@@@@@@...
0x1f, 0xff, 0xff, 0xfe, 0x40, 0x00, 0x00, 0x00, 0x00, 0x00, 0x0a, 0xff, 0xff, 0xff, 0x70, 0x00, 	//+@@@@@@@+............%@@@@@@*...
0x1f, 0xff, 0xff, 0xff, 0xf9, 0x20, 0x00, 0x00, 0x00, 0x02, 0xcf, 0xff, 0xff, 0xfc, 0x00, 0x00, 	//+@@@@@@@@%+........+@@@@@@@@....
0x1f, 0xff, 0xff, 0xff, 0xff, 0xfa, 0x51, 0x00, 0x14, 0x9f, 0xff, 0xff, 0xff, 0xf2, 0x00, 0x00, 	//+@@@@@@@@@@%++..++%@@@@@@@@+....
0x1f, 0xff, 0xff, 0xff, 0xff, 0xff, 0xff, 0xff, 0xff, 0xff, 0xff, 0xff, 0xff, 0x40, 0x00, 0x00, 	//+@@@@@@@@@@@@@@@@@@@@@@@@@+.....
0x1f, 0xff, 0xff, 0xaa, 0xff, 0xff, 0xff, 0xff, 0xff, 0xff, 0xff, 0xff, 0xe3, 0x00, 0x00, 0x00, 	//+@@@@@%%@@@@@@@@@@@@@@@@@+......
0x1f, 0xff, 0xff, 0x90, 0x5e, 0xff, 0xff, 0xff, 0xff, 0xff, 0xff, 0xfc, 0x20, 0x00, 0x00, 0x00, 	//+@@@@@%.+@@@@@@@@@@@@@@@+.......
0x1f, 0xff, 0xff, 0xa0, 0x00, 0x8f, 0xff, 0xff, 0xff, 0xff, 0xfd, 0x50, 0x00, 0x00, 0x00, 0x00, 	//+@@@@@%...*@@@@@@@@@@@+.........
0x1f, 0xff, 0xff, 0xa0, 0x00, 0x00, 0x5a, 0xde, 0xfd, 0xb8, 0x30, 0x00, 0x00, 0x00, 0x00, 0x00, 	//+@@@@@%.....+%@@@@%*+...........
0x1f, 0xff, 0xff, 0xb0, 0x00, 0x00, 0x00, 0x00, 0x00, 0x00, 0x00, 0x00, 0x00, 0x00, 0x00, 0x00, 	//+@@@@@%.........................
0x1f, 0xff, 0xff, 0xb0, 0x00, 0x00, 0x00, 0x00, 0x00, 0x00, 0x00, 0x00, 0x00, 0x00, 0x00, 0x00, 	//+@@@@@%.........................
0x1f, 0xff, 0xff, 0xc0, 0x00, 0x00, 0x00, 0x00, 0x00, 0x00, 0x00, 0x00, 0x00, 0x00, 0x00, 0x00, 	//+@@@@@@.........................
0x1f, 0xff, 0xff, 0xc0, 0x00, 0x00, 0x00, 0x00, 0x00, 0x00, 0x00, 0x00, 0x00, 0x00, 0x00, 0x00, 	//+@@@@@@.........................
0x1f, 0xff, 0xff, 0xc0, 0x00, 0x00, 0x00, 0x00, 0x00, 0x00, 0x00, 0x00, 0x00, 0x00, 0x00, 0x00, 	//+@@@@@@.........................
0x1f, 0xff, 0xff, 0xc0, 0x00, 0x00, 0x00, 0x00, 0x00, 0x00, 0x00, 0x00, 0x00, 0x00, 0x00, 0x00, 	//+@@@@@@.........................
0x1f, 0xff, 0xff, 0xc0, 0x00, 0x00, 0x00, 0x00, 0x00, 0x00, 0x00, 0x00, 0x00, 0x00, 0x00, 0x00, 	//+@@@@@@.........................
0x1f, 0xff, 0xff, 0xc0, 0x00, 0x00, 0x00, 0x00, 0x00, 0x00, 0x00, 0x00, 0x00, 0x00, 0x00, 0x00, 	//+@@@@@@.........................
0x1f, 0xff, 0xff, 0xc0, 0x00, 0x00, 0x00, 0x00, 0x00, 0x00, 0x00, 0x00, 0x00, 0x00, 0x00, 0x00, 	//+@@@@@@.........................
0x1f, 0xff, 0xff, 0xc0, 0x00, 0x00, 0x00, 0x00, 0x00, 0x00, 0x00, 0x00, 0x00, 0x00, 0x00, 0x00, 	//+@@@@@@.........................
0x1f, 0xff, 0xff, 0xc0, 0x00, 0x00, 0x00, 0x00, 0x00, 0x00, 0x00, 0x00, 0x00, 0x00, 0x00, 0x00, 	//+@@@@@@.........................
0x1f, 0xff, 0xff, 0xc0, 0x00, 0x00, 0x00, 0x00, 0x00, 0x00, 0x00, 0x00, 0x00, 0x00, 0x00, 0x00, 	//+@@@@@@.........................
0x1f, 0xff, 0xff, 0xc0, 0x00, 0x00, 0x00, 0x00, 0x00, 0x00, 0x00, 0x00, 0x00, 0x00, 0x00, 0x00, 	//+@@@@@@.........................
0x1f, 0xff, 0xff, 0xc0, 0x00, 0x00, 0x00, 0x00, 0x00, 0x00, 0x00, 0x00, 0x00, 0x00, 0x00, 0x00, 	//+@@@@@@.........................


/* q */
0x00, 0x00, 0x00, 0x00, 0x00, 0x05, 0xac, 0xef, 0xec, 0xa5, 0x00, 0x00, 0x00, 0x00, 0x00, 0x00, 	//...........+%@@@@@%+............
0x00, 0x00, 0x00, 0x00, 0x09, 0xff, 0xff, 0xff, 0xff, 0xff, 0xf8, 0x00, 0x00, 0xff, 0xff, 0xc0, 	//.........%@@@@@@@@@@@*....@@@@@.
0x00, 0x00, 0x00, 0x05, 0xef, 0xff, 0xff, 0xff, 0xff, 0xff, 0xff, 0xe5, 0x02, 0xff, 0xff, 0xc0, 	//.......+@@@@@@@@@@@@@@@+.+@@@@@.
0x00, 0x00, 0x00, 0x8f, 0xff, 0xff, 0xff, 0xff, 0xff, 0xff, 0xff, 0xff, 0x85, 0xff, 0xff, 0xc0, 	//......*@@@@@@@@@@@@@@@@@*+@@@@@.
0x00, 0x00, 0x08, 0xff, 0xff, 0xff, 0xff, 0xff, 0xff, 0xff, 0xff, 0xff, 0xff, 0xff, 0xff, 0xc0, 	//.....*@@@@@@@@@@@@@@@@@@@@@@@@@.
0x00, 0x00, 0x6f, 0xff, 0xff, 0xff, 0xe8, 0x30, 0x00, 0x26, 0xcf, 0xff, 0xff, 0xff, 0xff, 0xc0, 	//....*@@@@@@@@*+...+*@@@@@@@@@@@.
0x00, 0x02, 0xff, 0xff, 0xff, 0xfa, 0x00, 0x00, 0x00, 0x00, 0x04, 0xcf, 0xff, 0xff, 0xff, 0xc0, 	//...+@@@@@@@%.........+@@@@@@@@@.
0x00, 0x0d, 0xff, 0xff, 0xff, 0x70, 0x00, 0x00, 0x00, 0x00, 0x00, 0x08, 0xff, 0xff, 0xff, 0xc0, 	//...@@@@@@@*............*@@@@@@@.
0x00, 0x5f, 0xff, 0xff, 0xf8, 0x00, 0x00, 0x00, 0x00, 0x00, 0x00, 0x00, 0x6f, 0xff, 0xff, 0xc0, 	//..+@@@@@@*..............*@@@@@@.
0x00, 0xcf, 0xff, 0xff, 0xd0, 0x00, 0x00, 0x00, 0x00, 0x00, 0x00, 0x00, 0x1f, 0xff, 0xff, 0xc0, 	//..@@@@@@@...............+@@@@@@.
0x03, 0xff, 0xff, 0xff, 0x30, 0x00, 0x00, 0x00, 0x00, 0x00, 0x00, 0x00, 0x1f, 0xff, 0xff, 0xc0, 	//.+@@@@@@+...............+@@@@@@.
0x08, 0xff, 0xff, 0xfc, 0x00, 0x00, 0x00, 0x00, 0x00, 0x00, 0x00, 0x00, 0x1f, 0xff, 0xff, 0xc0, 	//.*@@@@@@................+@@@@@@.
0x0c, 0xff, 0xff, 0xf6, 0x00, 0x00, 0x00, 0x00, 0x00, 0x00, 0x00, 0x00, 0x1f, 0xff, 0xff, 0xc0, 	//.@@@@@@*................+@@@@@@.
0x0f, 0xff, 0xff, 0xf1, 0x00, 0x00, 0x00, 0x00, 0x00, 0x00, 0x00, 0x00, 0x1f, 0xff, 0xff, 0xc0, 	//.@@@@@@+................+@@@@@@.
0x4f, 0xff, 0xff, 0xd0, 0x00, 0x00, 0x00, 0x00, 0x00, 0x00, 0x00, 0x00, 0x1f, 0xff, 0xff, 0xc0, 	//+@@@@@@.................+@@@@@@.
0x5f, 0xff, 0xff, 0xa0, 0x00, 0x00, 0x00, 0x00, 0x00, 0x00, 0x00, 0x00, 0x1f, 0xff, 0xff, 0xc0, 	//+@@@@@%.................+@@@@@@.
0x7f, 0xff, 0xff, 0x80, 0x00, 0x00, 0x00, 0x00, 0x00, 0x00, 0x00, 0x00, 0x1f, 0xff, 0xff, 0xc0, 	//*@@@@@*.................+@@@@@@.
0x8f, 0xff, 0xff, 0x70, 0x00, 0x00, 0x00, 0x00, 0x00, 0x00, 0x00, 0x00, 0x1f, 0xff, 0xff, 0xc0, 	//*@@@@@*.................+@@@@@@.
0x9f, 0xff, 0xff, 0x60, 0x00, 0x00, 0x00, 0x00, 0x00, 0x00, 0x00, 0x00, 0x1f, 0xff, 0xff, 0xc0, 	//%@@@@@*.................+@@@@@@.
0x8f, 0xff, 0xff, 0x70, 0x00, 0x00, 0x00, 0x00, 0x00, 0x00, 0x00, 0x00, 0x1f, 0xff, 0xff, 0xc0, 	//*@@@@@*.................+@@@@@@.
0x7f, 0xff, 0xff, 0x80, 0x00, 0x00, 0x00, 0x00, 0x00, 0x00, 0x00, 0x00, 0x1f, 0xff, 0xff, 0xc0, 	//*@@@@@*.................+@@@@@@.
0x6f, 0xff, 0xff, 0x90, 0x00, 0x00, 0x00, 0x00, 0x00, 0x00, 0x00, 0x00, 0x1f, 0xff, 0xff, 0xc0, 	//*@@@@@%.................+@@@@@@.
0x5f, 0xff, 0xff, 0xb0, 0x00, 0x00, 0x00, 0x00, 0x00, 0x00, 0x00, 0x00, 0x1f, 0xff, 0xff, 0xc0, 	//+@@@@@%.................+@@@@@@.
0x3f, 0xff, 0xff, 0xe0, 0x00, 0x00, 0x00, 0x00, 0x00, 0x00, 0x00, 0x00, 0x1f, 0xff, 0xff, 0xc0, 	//+@@@@@@.................+@@@@@@.
0x0f, 0xff, 0xff, 0xf2, 0x00, 0x00, 0x00, 0x00, 0x00, 0x00, 0x00, 0x00, 0x1f, 0xff, 0xff, 0xc0, 	//.@@@@@@+................+@@@@@@.
0x0c, 0xff, 0xff, 0xf7, 0x00, 0x00, 0x00, 0x00, 0x00, 0x00, 0x00, 0x00, 0x1f, 0xff, 0xff, 0xc0, 	//.@@@@@@*................+@@@@@@.
0x08, 0xff, 0xff, 0xfd, 0x00, 0x00, 0x00, 0x00, 0x00, 0x00, 0x00, 0x00, 0x1f, 0xff, 0xff, 0xc0, 	//.*@@@@@@................+@@@@@@.
0x03, 0xff, 0xff, 0xff, 0x50, 0x00, 0x00, 0x00, 0x00, 0x00, 0x00, 0x00, 0x6f, 0xff, 0xff, 0xc0, 	//.+@@@@@@+...............*@@@@@@.
0x00, 0xcf, 0xff, 0xff, 0xe1, 0x00, 0x00, 0x00, 0x00, 0x00, 0x00, 0x06, 0xff, 0xff, 0xff, 0xc0, 	//..@@@@@@@+.............*@@@@@@@.
0x00, 0x6f, 0xff, 0xff, 0xfc, 0x00, 0x00, 0x00, 0x00, 0x00, 0x00, 0x7f, 0xff, 0xff, 0xff, 0xc0, 	//..*@@@@@@@............*@@@@@@@@.
0x00, 0x0c, 0xff, 0xff, 0xff, 0xc2, 0x00, 0x00, 0x00, 0x00, 0x2c, 0xff, 0xff, 0xff, 0xff, 0xc0, 	//...@@@@@@@@+........+@@@@@@@@@@.
0x00, 0x02, 0xff, 0xff, 0xff, 0xff, 0xa4, 0x10, 0x01, 0x4a, 0xff, 0xff, 0xff, 0xff, 0xff, 0xc0, 	//...+@@@@@@@@%++..++%@@@@@@@@@@@.
0x00, 0x00, 0x6f, 0xff, 0xff, 0xff, 0xff, 0xff, 0xff, 0xff, 0xff, 0xff, 0xbd, 0xff, 0xff, 0xc0, 	//....*@@@@@@@@@@@@@@@@@@@%@@@@@@.
0x00, 0x00, 0x06, 0xff, 0xff, 0xff, 0xff, 0xff, 0xff, 0xff, 0xff, 0xf9, 0x0d, 0xff, 0xff, 0xc0, 	//.....*@@@@@@@@@@@@@@@@@%.@@@@@@.
0x00, 0x00, 0x00, 0x5e, 0xff, 0xff, 0xff, 0xff, 0xff, 0xff, 0xfe, 0x50, 0x0e, 0xff, 0xff, 0xc0, 	//......+@@@@@@@@@@@@@@@+..@@@@@@.
0x00, 0x00, 0x00, 0x01, 0x9f, 0xff, 0xff, 0xff, 0xff, 0xfe, 0x80, 0x00, 0x0f, 0xff, 0xff, 0xc0, 	//.......+%@@@@@@@@@@@*....@@@@@@.
0x00, 0x00, 0x00, 0x00, 0x00, 0x5a, 0xce, 0xfe, 0xca, 0x50, 0x00, 0x00, 0x0f, 0xff, 0xff, 0xc0, 	//..........+%@@@@@%+......@@@@@@.
0x00, 0x00, 0x00, 0x00, 0x00, 0x00, 0x00, 0x00, 0x00, 0x00, 0x00, 0x00, 0x0f, 0xff, 0xff, 0xc0, 	//.........................@@@@@@.
0x00, 0x00, 0x00, 0x00, 0x00, 0x00, 0x00, 0x00, 0x00, 0x00, 0x00, 0x00, 0x1f, 0xff, 0xff, 0xc0, 	//........................+@@@@@@.
0x00, 0x00, 0x00, 0x00, 0x00, 0x00, 0x00, 0x00, 0x00, 0x00, 0x00, 0x00, 0x1f, 0xff, 0xff, 0xc0, 	//........................+@@@@@@.
0x00, 0x00, 0x00, 0x00, 0x00, 0x00, 0x00, 0x00, 0x00, 0x00, 0x00, 0x00, 0x1f, 0xff, 0xff, 0xc0, 	//........................+@@@@@@.
0x00, 0x00, 0x00, 0x00, 0x00, 0x00, 0x00, 0x00, 0x00, 0x00, 0x00, 0x00, 0x1f, 0xff, 0xff, 0xc0, 	//........................+@@@@@@.
0x00, 0x00, 0x00, 0x00, 0x00, 0x00, 0x00, 0x00, 0x00, 0x00, 0x00, 0x00, 0x1f, 0xff, 0xff, 0xc0, 	//........................+@@@@@@.
0x00, 0x00, 0x00, 0x00, 0x00, 0x00, 0x00, 0x00, 0x00, 0x00, 0x00, 0x00, 0x1f, 0xff, 0xff, 0xc0, 	//........................+@@@@@@.
0x00, 0x00, 0x00, 0x00, 0x00, 0x00, 0x00, 0x00, 0x00, 0x00, 0x00, 0x00, 0x1f, 0xff, 0xff, 0xc0, 	//........................+@@@@@@.
0x00, 0x00, 0x00, 0x00, 0x00, 0x00, 0x00, 0x00, 0x00, 0x00, 0x00, 0x00, 0x1f, 0xff, 0xff, 0xc0, 	//........................+@@@@@@.
0x00, 0x00, 0x00, 0x00, 0x00, 0x00, 0x00, 0x00, 0x00, 0x00, 0x00, 0x00, 0x1f, 0xff, 0xff, 0xc0, 	//........................+@@@@@@.
0x00, 0x00, 0x00, 0x00, 0x00, 0x00, 0x00, 0x00, 0x00, 0x00, 0x00, 0x00, 0x1f, 0xff, 0xff, 0xc0, 	//........................+@@@@@@.
0x00, 0x00, 0x00, 0x00, 0x00, 0x00, 0x00, 0x00, 0x00, 0x00, 0x00, 0x00, 0x1f, 0xff, 0xff, 0xc0, 	//........................+@@@@@@.
0x00, 0x00, 0x00, 0x00, 0x00, 0x00, 0x00, 0x00, 0x00, 0x00, 0x00, 0x00, 0x1f, 0xff, 0xff, 0xc0, 	//........................+@@@@@@.
0x00, 0x00, 0x00, 0x00, 0x00, 0x00, 0x00, 0x00, 0x00, 0x00, 0x00, 0x00, 0x1f, 0xff, 0xff, 0xc0, 	//........................+@@@@@@.


/* r */
0x00, 0x00, 0x00, 0x00, 0x00, 0x00, 0x07, 0xce, 0xfd, 0xa3, 	//.............*@@@@%+
0x1f, 0xff, 0xfb, 0x00, 0x00, 0x06, 0xef, 0xff, 0xff, 0xfd, 	//+@@@@%.....*@@@@@@@@
0x1f, 0xff, 0xfc, 0x00, 0x00, 0xbf, 0xff, 0xff, 0xff, 0xf9, 	//+@@@@@....%@@@@@@@@%
0x1f, 0xff, 0xfe, 0x00, 0x0c, 0xff, 0xff, 0xff, 0xff, 0xf6, 	//+@@@@@...@@@@@@@@@@*
0x1f, 0xff, 0xff, 0x00, 0xbf, 0xff, 0xff, 0xff, 0xff, 0xf2, 	//+@@@@@..%@@@@@@@@@@+
0x1f, 0xff, 0xff, 0x16, 0xff, 0xff, 0xfa, 0x74, 0x57, 0xb0, 	//+@@@@@+*@@@@@%*++*%.
0x1f, 0xff, 0xff, 0x5f, 0xff, 0xfa, 0x10, 0x00, 0x00, 0x00, 	//+@@@@@+@@@@%+.......
0x1f, 0xff, 0xff, 0xef, 0xff, 0x70, 0x00, 0x00, 0x00, 0x00, 	//+@@@@@@@@@*.........
0x1f, 0xff, 0xff, 0xff, 0xf8, 0x00, 0x00, 0x00, 0x00, 0x00, 	//+@@@@@@@@*..........
0x1f, 0xff, 0xff, 0xff, 0xc0, 0x00, 0x00, 0x00, 0x00, 0x00, 	//+@@@@@@@@...........
0x1f, 0xff, 0xff, 0xff, 0x30, 0x00, 0x00, 0x00, 0x00, 0x00, 	//+@@@@@@@+...........
0x1f, 0xff, 0xff, 0xf9, 0x00, 0x00, 0x00, 0x00, 0x00, 0x00, 	//+@@@@@@%............
0x1f, 0xff, 0xff, 0xf2, 0x00, 0x00, 0x00, 0x00, 0x00, 0x00, 	//+@@@@@@+............
0x1f, 0xff, 0xff, 0xc0, 0x00, 0x00, 0x00, 0x00, 0x00, 0x00, 	//+@@@@@@.............
0x1f, 0xff, 0xff, 0xc0, 0x00, 0x00, 0x00, 0x00, 0x00, 0x00, 	//+@@@@@@.............
0x1f, 0xff, 0xff, 0xc0, 0x00, 0x00, 0x00, 0x00, 0x00, 0x00, 	//+@@@@@@.............
0x1f, 0xff, 0xff, 0xc0, 0x00, 0x00, 0x00, 0x00, 0x00, 0x00, 	//+@@@@@@.............
0x1f, 0xff, 0xff, 0xc0, 0x00, 0x00, 0x00, 0x00, 0x00, 0x00, 	//+@@@@@@.............
0x1f, 0xff, 0xff, 0xc0, 0x00, 0x00, 0x00, 0x00, 0x00, 0x00, 	//+@@@@@@.............
0x1f, 0xff, 0xff, 0xc0, 0x00, 0x00, 0x00, 0x00, 0x00, 0x00, 	//+@@@@@@.............
0x1f, 0xff, 0xff, 0xc0, 0x00, 0x00, 0x00, 0x00, 0x00, 0x00, 	//+@@@@@@.............
0x1f, 0xff, 0xff, 0xc0, 0x00, 0x00, 0x00, 0x00, 0x00, 0x00, 	//+@@@@@@.............
0x1f, 0xff, 0xff, 0xc0, 0x00, 0x00, 0x00, 0x00, 0x00, 0x00, 	//+@@@@@@.............
0x1f, 0xff, 0xff, 0xc0, 0x00, 0x00, 0x00, 0x00, 0x00, 0x00, 	//+@@@@@@.............
0x1f, 0xff, 0xff, 0xc0, 0x00, 0x00, 0x00, 0x00, 0x00, 0x00, 	//+@@@@@@.............
0x1f, 0xff, 0xff, 0xc0, 0x00, 0x00, 0x00, 0x00, 0x00, 0x00, 	//+@@@@@@.............
0x1f, 0xff, 0xff, 0xc0, 0x00, 0x00, 0x00, 0x00, 0x00, 0x00, 	//+@@@@@@.............
0x1f, 0xff, 0xff, 0xc0, 0x00, 0x00, 0x00, 0x00, 0x00, 0x00, 	//+@@@@@@.............
0x1f, 0xff, 0xff, 0xc0, 0x00, 0x00, 0x00, 0x00, 0x00, 0x00, 	//+@@@@@@.............
0x1f, 0xff, 0xff, 0xc0, 0x00, 0x00, 0x00, 0x00, 0x00, 0x00, 	//+@@@@@@.............
0x1f, 0xff, 0xff, 0xc0, 0x00, 0x00, 0x00, 0x00, 0x00, 0x00, 	//+@@@@@@.............
0x1f, 0xff, 0xff, 0xc0, 0x00, 0x00, 0x00, 0x00, 0x00, 0x00, 	//+@@@@@@.............
0x1f, 0xff, 0xff, 0xc0, 0x00, 0x00, 0x00, 0x00, 0x00, 0x00, 	//+@@@@@@.............
0x1f, 0xff, 0xff, 0xc0, 0x00, 0x00, 0x00, 0x00, 0x00, 0x00, 	//+@@@@@@.............
0x1f, 0xff, 0xff, 0xc0, 0x00, 0x00, 0x00, 0x00, 0x00, 0x00, 	//+@@@@@@.............
0x1f, 0xff, 0xff, 0xc0, 0x00, 0x00, 0x00, 0x00, 0x00, 0x00, 	//+@@@@@@.............


/* s */
0x00, 0x00, 0x00, 0x00, 0x16, 0xad, 0xef, 0xfd, 0xb8, 0x30, 0x00, 0x00, 0x00, 	//........+*%@@@@@%*+.......
0x00, 0x00, 0x00, 0x2a, 0xff, 0xff, 0xff, 0xff, 0xff, 0xfe, 0x81, 0x00, 0x00, 	//......+%@@@@@@@@@@@@*+....
0x00, 0x00, 0x06, 0xff, 0xff, 0xff, 0xff, 0xff, 0xff, 0xff, 0xff, 0x80, 0x00, 	//.....*@@@@@@@@@@@@@@@@*...
0x00, 0x00, 0x7f, 0xff, 0xff, 0xff, 0xff, 0xff, 0xff, 0xff, 0xff, 0xfd, 0x20, 	//....*@@@@@@@@@@@@@@@@@@@+.
0x00, 0x05, 0xff, 0xff, 0xff, 0xfe, 0xc9, 0x9b, 0xef, 0xff, 0xff, 0xff, 0x40, 	//...+@@@@@@@@@%%%@@@@@@@@+.
0x00, 0x0e, 0xff, 0xff, 0xfd, 0x40, 0x00, 0x00, 0x03, 0x9f, 0xff, 0xf8, 0x00, 	//...@@@@@@@+......+%@@@@*..
0x00, 0x6f, 0xff, 0xff, 0xc0, 0x00, 0x00, 0x00, 0x00, 0x02, 0xbf, 0xb0, 0x00, 	//..*@@@@@@..........+%@%...
0x00, 0xbf, 0xff, 0xff, 0x20, 0x00, 0x00, 0x00, 0x00, 0x00, 0x06, 0x10, 0x00, 	//..%@@@@@+............*+...
0x00, 0xef, 0xff, 0xfc, 0x00, 0x00, 0x00, 0x00, 0x00, 0x00, 0x00, 0x00, 0x00, 	//..@@@@@@..................
0x00, 0xff, 0xff, 0xf9, 0x00, 0x00, 0x00, 0x00, 0x00, 0x00, 0x00, 0x00, 0x00, 	//..@@@@@%..................
0x00, 0xff, 0xff, 0xfa, 0x00, 0x00, 0x00, 0x00, 0x00, 0x00, 0x00, 0x00, 0x00, 	//..@@@@@%..................
0x00, 0xef, 0xff, 0xfe, 0x00, 0x00, 0x00, 0x00, 0x00, 0x00, 0x00, 0x00, 0x00, 	//..@@@@@@..................
0x00, 0xaf, 0xff, 0xff, 0xc0, 0x00, 0x00, 0x00, 0x00, 0x00, 0x00, 0x00, 0x00, 	//..%@@@@@@.................
0x00, 0x4f, 0xff, 0xff, 0xfc, 0x30, 0x00, 0x00, 0x00, 0x00, 0x00, 0x00, 0x00, 	//..+@@@@@@@+...............
0x00, 0x0b, 0xff, 0xff, 0xff, 0xfa, 0x20, 0x00, 0x00, 0x00, 0x00, 0x00, 0x00, 	//...%@@@@@@@%+.............
0x00, 0x01, 0xef, 0xff, 0xff, 0xff, 0xfc, 0x50, 0x00, 0x00, 0x00, 0x00, 0x00, 	//...+@@@@@@@@@@+...........
0x00, 0x00, 0x2d, 0xff, 0xff, 0xff, 0xff, 0xfe, 0x82, 0x00, 0x00, 0x00, 0x00, 	//....+@@@@@@@@@@@*+........
0x00, 0x00, 0x00, 0x7f, 0xff, 0xff, 0xff, 0xff, 0xff, 0xb3, 0x00, 0x00, 0x00, 	//......*@@@@@@@@@@@%+......
0x00, 0x00, 0x00, 0x02, 0xbf, 0xff, 0xff, 0xff, 0xff, 0xff, 0x91, 0x00, 0x00, 	//.......+%@@@@@@@@@@@%+....
0x00, 0x00, 0x00, 0x00, 0x02, 0x8e, 0xff, 0xff, 0xff, 0xff, 0xfe, 0x40, 0x00, 	//.........+*@@@@@@@@@@@+...
0x00, 0x00, 0x00, 0x00, 0x00, 0x00, 0x5c, 0xff, 0xff, 0xff, 0xff, 0xf4, 0x00, 	//............+@@@@@@@@@@+..
0x00, 0x00, 0x00, 0x00, 0x00, 0x00, 0x00, 0x2a, 0xff, 0xff, 0xff, 0xff, 0x10, 	//..............+%@@@@@@@@+.
0x00, 0x00, 0x00, 0x00, 0x00, 0x00, 0x00, 0x00, 0x3c, 0xff, 0xff, 0xff, 0xa0, 	//................+@@@@@@@%.
0x00, 0x00, 0x00, 0x00, 0x00, 0x00, 0x00, 0x00, 0x00, 0xbf, 0xff, 0xff, 0xf1, 	//..................%@@@@@@+
0x00, 0x00, 0x00, 0x00, 0x00, 0x00, 0x00, 0x00, 0x00, 0x0c, 0xff, 0xff, 0xf5, 	//...................@@@@@@+
0x00, 0x00, 0x00, 0x00, 0x00, 0x00, 0x00, 0x00, 0x00, 0x04, 0xff, 0xff, 0xf7, 	//...................+@@@@@*
0x00, 0x00, 0x00, 0x00, 0x00, 0x00, 0x00, 0x00, 0x00, 0x01, 0xff, 0xff, 0xf8, 	//...................+@@@@@*
0x00, 0x00, 0x00, 0x00, 0x00, 0x00, 0x00, 0x00, 0x00, 0x01, 0xff, 0xff, 0xf7, 	//...................+@@@@@*
0x00, 0x54, 0x00, 0x00, 0x00, 0x00, 0x00, 0x00, 0x00, 0x04, 0xff, 0xff, 0xf6, 	//..++...............+@@@@@*
0x01, 0xef, 0x80, 0x00, 0x00, 0x00, 0x00, 0x00, 0x00, 0x0b, 0xff, 0xff, 0xf1, 	//.+@@*..............%@@@@@+
0x0b, 0xff, 0xfd, 0x40, 0x00, 0x00, 0x00, 0x00, 0x00, 0x7f, 0xff, 0xff, 0xc0, 	//.%@@@@+...........*@@@@@@.
0x7f, 0xff, 0xff, 0xfc, 0x61, 0x00, 0x00, 0x00, 0x2b, 0xff, 0xff, 0xff, 0x40, 	//*@@@@@@@*+......+%@@@@@@+.
0x8f, 0xff, 0xff, 0xff, 0xff, 0xcb, 0x99, 0xbd, 0xff, 0xff, 0xff, 0xfa, 0x00, 	//*@@@@@@@@@@%%%%@@@@@@@@%..
0x03, 0xef, 0xff, 0xff, 0xff, 0xff, 0xff, 0xff, 0xff, 0xff, 0xff, 0xb0, 0x00, 	//.+@@@@@@@@@@@@@@@@@@@@%...
0x00, 0x07, 0xef, 0xff, 0xff, 0xff, 0xff, 0xff, 0xff, 0xff, 0xf8, 0x00, 0x00, 	//...*@@@@@@@@@@@@@@@@@*....
0x00, 0x00, 0x07, 0xdf, 0xff, 0xff, 0xff, 0xff, 0xff, 0xfb, 0x30, 0x00, 0x00, 	//.....*@@@@@@@@@@@@@%+.....
0x00, 0x00, 0x00, 0x01, 0x6a, 0xcd, 0xff, 0xed, 0xa6, 0x20, 0x00, 0x00, 0x00, 	//.......+*%@@@@@@%*+.......


/* t */
0x00, 0x00, 0x00, 0x2c, 0xcc, 0xc9, 0x00, 0x00, 0x00, 0x00, 0x00, 0x00, 	//......+@@@@%............
0x00, 0x00, 0x00, 0x3f, 0xff, 0xfb, 0x00, 0x00, 0x00, 0x00, 0x00, 0x00, 	//......+@@@@%............
0x00, 0x00, 0x00, 0x4f, 0xff, 0xfb, 0x00, 0x00, 0x00, 0x00, 0x00, 0x00, 	//......+@@@@%............
0x00, 0x00, 0x00, 0x5f, 0xff, 0xfb, 0x00, 0x00, 0x00, 0x00, 0x00, 0x00, 	//......+@@@@%............
0x00, 0x00, 0x00, 0x6f, 0xff, 0xfb, 0x00, 0x00, 0x00, 0x00, 0x00, 0x00, 	//......*@@@@%............
0x00, 0x00, 0x00, 0x7f, 0xff, 0xfb, 0x00, 0x00, 0x00, 0x00, 0x00, 0x00, 	//......*@@@@%............
0x00, 0x00, 0x00, 0x8f, 0xff, 0xfb, 0x00, 0x00, 0x00, 0x00, 0x00, 0x00, 	//......*@@@@%............
0x00, 0x00, 0x00, 0x9f, 0xff, 0xfb, 0x00, 0x00, 0x00, 0x00, 0x00, 0x00, 	//......%@@@@%............
0x00, 0x00, 0x00, 0xaf, 0xff, 0xfb, 0x00, 0x00, 0x00, 0x00, 0x00, 0x00, 	//......%@@@@%............
0x00, 0x00, 0x00, 0xbf, 0xff, 0xfb, 0x00, 0x00, 0x00, 0x00, 0x00, 0x00, 	//......%@@@@%............
0x3b, 0xcd, 0xef, 0xff, 0xff, 0xff, 0xff, 0xff, 0xff, 0xff, 0xf3, 0x00, 	//+%@@@@@@@@@@@@@@@@@@@+..
0x4f, 0xff, 0xff, 0xff, 0xff, 0xff, 0xff, 0xff, 0xff, 0xff, 0xf3, 0x00, 	//+@@@@@@@@@@@@@@@@@@@@+..
0x4f, 0xff, 0xff, 0xff, 0xff, 0xff, 0xff, 0xff, 0xff, 0xff, 0xf3, 0x00, 	//+@@@@@@@@@@@@@@@@@@@@+..
0x4f, 0xff, 0xff, 0xff, 0xff, 0xff, 0xff, 0xff, 0xff, 0xff, 0xf3, 0x00, 	//+@@@@@@@@@@@@@@@@@@@@+..
0x3b, 0xbb, 0xbc, 0xff, 0xff, 0xfe, 0xbb, 0xbb, 0xbb, 0xbb, 0xb2, 0x00, 	//+%%%%@@@@@@@%%%%%%%%%+..
0x00, 0x00, 0x01, 0xff, 0xff, 0xfb, 0x00, 0x00, 0x00, 0x00, 0x00, 0x00, 	//.....+@@@@@%............
0x00, 0x00, 0x01, 0xff, 0xff, 0xfb, 0x00, 0x00, 0x00, 0x00, 0x00, 0x00, 	//.....+@@@@@%............
0x00, 0x00, 0x01, 0xff, 0xff, 0xfb, 0x00, 0x00, 0x00, 0x00, 0x00, 0x00, 	//.....+@@@@@%............
0x00, 0x00, 0x01, 0xff, 0xff, 0xfb, 0x00, 0x00, 0x00, 0x00, 0x00, 0x00, 	//.....+@@@@@%............
0x00, 0x00, 0x01, 0xff, 0xff, 0xfb, 0x00, 0x00, 0x00, 0x00, 0x00, 0x00, 	//.....+@@@@@%............
0x00, 0x00, 0x01, 0xff, 0xff, 0xfb, 0x00, 0x00, 0x00, 0x00, 0x00, 0x00, 	//.....+@@@@@%............
0x00, 0x00, 0x01, 0xff, 0xff, 0xfb, 0x00, 0x00, 0x00, 0x00, 0x00, 0x00, 	//.....+@@@@@%............
0x00, 0x00, 0x01, 0xff, 0xff, 0xfb, 0x00, 0x00, 0x00, 0x00, 0x00, 0x00, 	//.....+@@@@@%............
0x00, 0x00, 0x01, 0xff, 0xff, 0xfb, 0x00, 0x00, 0x00, 0x00, 0x00, 0x00, 	//.....+@@@@@%............
0x00, 0x00, 0x01, 0xff, 0xff, 0xfb, 0x00, 0x00, 0x00, 0x00, 0x00, 0x00, 	//.....+@@@@@%............
0x00, 0x00, 0x01, 0xff, 0xff, 0xfb, 0x00, 0x00, 0x00, 0x00, 0x00, 0x00, 	//.....+@@@@@%............
0x00, 0x00, 0x01, 0xff, 0xff, 0xfb, 0x00, 0x00, 0x00, 0x00, 0x00, 0x00, 	//.....+@@@@@%............
0x00, 0x00, 0x01, 0xff, 0xff, 0xfb, 0x00, 0x00, 0x00, 0x00, 0x00, 0x00, 	//.....+@@@@@%............
0x00, 0x00, 0x01, 0xff, 0xff, 0xfb, 0x00, 0x00, 0x00, 0x00, 0x00, 0x00, 	//.....+@@@@@%............
0x00, 0x00, 0x01, 0xff, 0xff, 0xfb, 0x00, 0x00, 0x00, 0x00, 0x00, 0x00, 	//.....+@@@@@%............
0x00, 0x00, 0x01, 0xff, 0xff, 0xfb, 0x00, 0x00, 0x00, 0x00, 0x00, 0x00, 	//.....+@@@@@%............
0x00, 0x00, 0x01, 0xff, 0xff, 0xfb, 0x00, 0x00, 0x00, 0x00, 0x00, 0x00, 	//.....+@@@@@%............
0x00, 0x00, 0x01, 0xff, 0xff, 0xfb, 0x00, 0x00, 0x00, 0x00, 0x00, 0x00, 	//.....+@@@@@%............
0x00, 0x00, 0x01, 0xff, 0xff, 0xfb, 0x00, 0x00, 0x00, 0x00, 0x00, 0x00, 	//.....+@@@@@%............
0x00, 0x00, 0x01, 0xff, 0xff, 0xfb, 0x00, 0x00, 0x00, 0x00, 0x00, 0x00, 	//.....+@@@@@%............
0x00, 0x00, 0x00, 0xff, 0xff, 0xfd, 0x00, 0x00, 0x00, 0x00, 0x00, 0x00, 	//......@@@@@@............
0x00, 0x00, 0x00, 0xff, 0xff, 0xfe, 0x00, 0x00, 0x00, 0x00, 0x00, 0x00, 	//......@@@@@@............
0x00, 0x00, 0x00, 0xdf, 0xff, 0xff, 0x10, 0x00, 0x00, 0x00, 0x00, 0x00, 	//......@@@@@@+...........
0x00, 0x00, 0x00, 0xbf, 0xff, 0xff, 0x70, 0x00, 0x00, 0x00, 0x00, 0x00, 	//......%@@@@@*...........
0x00, 0x00, 0x00, 0x7f, 0xff, 0xff, 0xe1, 0x00, 0x00, 0x00, 0x00, 0x00, 	//......*@@@@@@+..........
0x00, 0x00, 0x00, 0x2f, 0xff, 0xff, 0xfe, 0x40, 0x00, 0x02, 0x71, 0x00, 	//......+@@@@@@@+....+*+..
0x00, 0x00, 0x00, 0x0b, 0xff, 0xff, 0xff, 0xff, 0xdc, 0xef, 0xf6, 0x00, 	//.......%@@@@@@@@@@@@@*..
0x00, 0x00, 0x00, 0x02, 0xff, 0xff, 0xff, 0xff, 0xff, 0xff, 0xfa, 0x00, 	//.......+@@@@@@@@@@@@@%..
0x00, 0x00, 0x00, 0x00, 0x4f, 0xff, 0xff, 0xff, 0xff, 0xff, 0xfe, 0x00, 	//........+@@@@@@@@@@@@@..
0x00, 0x00, 0x00, 0x00, 0x03, 0xcf, 0xff, 0xff, 0xff, 0xff, 0xfe, 0x10, 	//.........+@@@@@@@@@@@@+.
0x00, 0x00, 0x00, 0x00, 0x00, 0x04, 0x9c, 0xef, 0xec, 0xa7, 0x30, 0x00, 	//...........+%@@@@@%*+...


/* u */
0x9f, 0xff, 0xff, 0x30, 0x00, 0x00, 0x00, 0x00, 0x00, 0x00, 0x00, 0xcf, 0xff, 0xff, 0x00, 	//%@@@@@+...............@@@@@@..
0x9f, 0xff, 0xff, 0x30, 0x00, 0x00, 0x00, 0x00, 0x00, 0x00, 0x00, 0xcf, 0xff, 0xff, 0x00, 	//%@@@@@+...............@@@@@@..
0x9f, 0xff, 0xff, 0x30, 0x00, 0x00, 0x00, 0x00, 0x00, 0x00, 0x00, 0xcf, 0xff, 0xff, 0x00, 	//%@@@@@+...............@@@@@@..
0x9f, 0xff, 0xff, 0x30, 0x00, 0x00, 0x00, 0x00, 0x00, 0x00, 0x00, 0xcf, 0xff, 0xff, 0x00, 	//%@@@@@+...............@@@@@@..
0x9f, 0xff, 0xff, 0x30, 0x00, 0x00, 0x00, 0x00, 0x00, 0x00, 0x00, 0xcf, 0xff, 0xff, 0x00, 	//%@@@@@+...............@@@@@@..
0x9f, 0xff, 0xff, 0x30, 0x00, 0x00, 0x00, 0x00, 0x00, 0x00, 0x00, 0xcf, 0xff, 0xff, 0x00, 	//%@@@@@+...............@@@@@@..
0x9f, 0xff, 0xff, 0x30, 0x00, 0x00, 0x00, 0x00, 0x00, 0x00, 0x00, 0xcf, 0xff, 0xff, 0x00, 	//%@@@@@+...............@@@@@@..
0x9f, 0xff, 0xff, 0x30, 0x00, 0x00, 0x00, 0x00, 0x00, 0x00, 0x00, 0xcf, 0xff, 0xff, 0x00, 	//%@@@@@+...............@@@@@@..
0x9f, 0xff, 0xff, 0x30, 0x00, 0x00, 0x00, 0x00, 0x00, 0x00, 0x00, 0xcf, 0xff, 0xff, 0x00, 	//%@@@@@+...............@@@@@@..
0x9f, 0xff, 0xff, 0x30, 0x00, 0x00, 0x00, 0x00, 0x00, 0x00, 0x00, 0xcf, 0xff, 0xff, 0x00, 	//%@@@@@+...............@@@@@@..
0x9f, 0xff, 0xff, 0x30, 0x00, 0x00, 0x00, 0x00, 0x00, 0x00, 0x00, 0xcf, 0xff, 0xff, 0x00, 	//%@@@@@+...............@@@@@@..
0x9f, 0xff, 0xff, 0x30, 0x00, 0x00, 0x00, 0x00, 0x00, 0x00, 0x00, 0xcf, 0xff, 0xff, 0x00, 	//%@@@@@+...............@@@@@@..
0x9f, 0xff, 0xff, 0x30, 0x00, 0x00, 0x00, 0x00, 0x00, 0x00, 0x00, 0xcf, 0xff, 0xff, 0x00, 	//%@@@@@+...............@@@@@@..
0x9f, 0xff, 0xff, 0x30, 0x00, 0x00, 0x00, 0x00, 0x00, 0x00, 0x00, 0xcf, 0xff, 0xff, 0x00, 	//%@@@@@+...............@@@@@@..
0x9f, 0xff, 0xff, 0x30, 0x00, 0x00, 0x00, 0x00, 0x00, 0x00, 0x00, 0xcf, 0xff, 0xff, 0x00, 	//%@@@@@+...............@@@@@@..
0x9f, 0xff, 0xff, 0x30, 0x00, 0x00, 0x00, 0x00, 0x00, 0x00, 0x00, 0xcf, 0xff, 0xff, 0x00, 	//%@@@@@+...............@@@@@@..
0x9f, 0xff, 0xff, 0x30, 0x00, 0x00, 0x00, 0x00, 0x00, 0x00, 0x00, 0xcf, 0xff, 0xff, 0x00, 	//%@@@@@+...............@@@@@@..
0x9f, 0xff, 0xff, 0x30, 0x00, 0x00, 0x00, 0x00, 0x00, 0x00, 0x00, 0xcf, 0xff, 0xff, 0x00, 	//%@@@@@+...............@@@@@@..
0x9f, 0xff, 0xff, 0x30, 0x00, 0x00, 0x00, 0x00, 0x00, 0x00, 0x00, 0xcf, 0xff, 0xff, 0x00, 	//%@@@@@+...............@@@@@@..
0x9f, 0xff, 0xff, 0x30, 0x00, 0x00, 0x00, 0x00, 0x00, 0x00, 0x00, 0xcf, 0xff, 0xff, 0x00, 	//%@@@@@+...............@@@@@@..
0x9f, 0xff, 0xff, 0x30, 0x00, 0x00, 0x00, 0x00, 0x00, 0x00, 0x00, 0xcf, 0xff, 0xff, 0x00, 	//%@@@@@+...............@@@@@@..
0x9f, 0xff, 0xff, 0x40, 0x00, 0x00, 0x00, 0x00, 0x00, 0x00, 0x00, 0xcf, 0xff, 0xff, 0x00, 	//%@@@@@+...............@@@@@@..
0x9f, 0xff, 0xff, 0x40, 0x00, 0x00, 0x00, 0x00, 0x00, 0x00, 0x00, 0xcf, 0xff, 0xff, 0x00, 	//%@@@@@+...............@@@@@@..
0x9f, 0xff, 0xff, 0x50, 0x00, 0x00, 0x00, 0x00, 0x00, 0x00, 0x00, 0xcf, 0xff, 0xff, 0x00, 	//%@@@@@+...............@@@@@@..
0x8f, 0xff, 0xff, 0x60, 0x00, 0x00, 0x00, 0x00, 0x00, 0x00, 0x00, 0xdf, 0xff, 0xff, 0x00, 	//*@@@@@*...............@@@@@@..
0x7f, 0xff, 0xff, 0x90, 0x00, 0x00, 0x00, 0x00, 0x00, 0x00, 0x04, 0xff, 0xff, 0xff, 0x00, 	//*@@@@@%..............+@@@@@@..
0x4f, 0xff, 0xff, 0xd0, 0x00, 0x00, 0x00, 0x00, 0x00, 0x00, 0x3f, 0xff, 0xff, 0xff, 0x00, 	//+@@@@@@.............+@@@@@@@..
0x2f, 0xff, 0xff, 0xf2, 0x00, 0x00, 0x00, 0x00, 0x00, 0x02, 0xef, 0xff, 0xff, 0xff, 0x00, 	//+@@@@@@+...........+@@@@@@@@..
0x0e, 0xff, 0xff, 0xfa, 0x00, 0x00, 0x00, 0x00, 0x00, 0x4e, 0xff, 0xff, 0xff, 0xff, 0x00, 	//.@@@@@@%..........+@@@@@@@@@..
0x09, 0xff, 0xff, 0xff, 0x70, 0x00, 0x00, 0x00, 0x07, 0xff, 0xff, 0xef, 0xff, 0xff, 0x00, 	//.%@@@@@@*........*@@@@@@@@@@..
0x03, 0xff, 0xff, 0xff, 0xfc, 0x62, 0x12, 0x48, 0xef, 0xff, 0xfb, 0x4f, 0xff, 0xff, 0x00, 	//.+@@@@@@@@*++++*@@@@@%+@@@@@..
0x00, 0xaf, 0xff, 0xff, 0xff, 0xff, 0xff, 0xff, 0xff, 0xff, 0xc0, 0x2f, 0xff, 0xff, 0x00, 	//..%@@@@@@@@@@@@@@@@@@.+@@@@@..
0x00, 0x1e, 0xff, 0xff, 0xff, 0xff, 0xff, 0xff, 0xff, 0xfa, 0x00, 0x0f, 0xff, 0xff, 0x00, 	//..+@@@@@@@@@@@@@@@@%...@@@@@..
0x00, 0x02, 0xef, 0xff, 0xff, 0xff, 0xff, 0xff, 0xff, 0x60, 0x00, 0x0f, 0xff, 0xff, 0x00, 	//...+@@@@@@@@@@@@@@*....@@@@@..
0x00, 0x00, 0x1a, 0xff, 0xff, 0xff, 0xff, 0xff, 0xa2, 0x00, 0x00, 0x0e, 0xff, 0xff, 0x00, 	//....+%@@@@@@@@@@%+.....@@@@@..
0x00, 0x00, 0x00, 0x27, 0xcd, 0xff, 0xca, 0x71, 0x00, 0x00, 0x00, 0x00, 0x00, 0x00, 0x00, 	//......+*@@@@@%*+..............


/* v */
0x0f, 0xff, 0xff, 0xf1, 0x00, 0x00, 0x00, 0x00, 0x00, 0x00, 0x00, 0x00, 0x00, 0x6f, 0xff, 0xff, 0x50, 	//.@@@@@@+..................*@@@@@+.
0x0a, 0xff, 0xff, 0xf6, 0x00, 0x00, 0x00, 0x00, 0x00, 0x00, 0x00, 0x00, 0x00, 0xbf, 0xff, 0xff, 0x00, 	//.%@@@@@*..................%@@@@@..
0x04, 0xff, 0xff, 0xfb, 0x00, 0x00, 0x00, 0x00, 0x00, 0x00, 0x00, 0x00, 0x01, 0xff, 0xff, 0xf9, 0x00, 	//.+@@@@@%.................+@@@@@%..
0x00, 0xef, 0xff, 0xff, 0x10, 0x00, 0x00, 0x00, 0x00, 0x00, 0x00, 0x00, 0x06, 0xff, 0xff, 0xf4, 0x00, 	//..@@@@@@+................*@@@@@+..
0x00, 0x8f, 0xff, 0xff, 0x60, 0x00, 0x00, 0x00, 0x00, 0x00, 0x00, 0x00, 0x0b, 0xff, 0xff, 0xe0, 0x00, 	//..*@@@@@*................%@@@@@...
0x00, 0x3f, 0xff, 0xff, 0xb0, 0x00, 0x00, 0x00, 0x00, 0x00, 0x00, 0x00, 0x1f, 0xff, 0xff, 0x90, 0x00, 	//..+@@@@@%...............+@@@@@%...
0x00, 0x0d, 0xff, 0xff, 0xf0, 0x00, 0x00, 0x00, 0x00, 0x00, 0x00, 0x00, 0x6f, 0xff, 0xff, 0x30, 0x00, 	//...@@@@@@...............*@@@@@+...
0x00, 0x07, 0xff, 0xff, 0xf5, 0x00, 0x00, 0x00, 0x00, 0x00, 0x00, 0x00, 0xbf, 0xff, 0xfd, 0x00, 0x00, 	//...*@@@@@+..............%@@@@@....
0x00, 0x02, 0xff, 0xff, 0xfa, 0x00, 0x00, 0x00, 0x00, 0x00, 0x00, 0x01, 0xff, 0xff, 0xf8, 0x00, 0x00, 	//...+@@@@@%.............+@@@@@*....
0x00, 0x00, 0xcf, 0xff, 0xff, 0x00, 0x00, 0x00, 0x00, 0x00, 0x00, 0x06, 0xff, 0xff, 0xf2, 0x00, 0x00, 	//....@@@@@@.............*@@@@@+....
0x00, 0x00, 0x6f, 0xff, 0xff, 0x50, 0x00, 0x00, 0x00, 0x00, 0x00, 0x0b, 0xff, 0xff, 0xc0, 0x00, 0x00, 	//....*@@@@@+............%@@@@@.....
0x00, 0x00, 0x1f, 0xff, 0xff, 0xa0, 0x00, 0x00, 0x00, 0x00, 0x00, 0x1f, 0xff, 0xff, 0x70, 0x00, 0x00, 	//....+@@@@@%...........+@@@@@*.....
0x00, 0x00, 0x0b, 0xff, 0xff, 0xf0, 0x00, 0x00, 0x00, 0x00, 0x00, 0x6f, 0xff, 0xff, 0x10, 0x00, 0x00, 	//.....%@@@@@...........*@@@@@+.....
0x00, 0x00, 0x05, 0xff, 0xff, 0xf5, 0x00, 0x00, 0x00, 0x00, 0x00, 0xbf, 0xff, 0xfc, 0x00, 0x00, 0x00, 	//.....+@@@@@+..........%@@@@@......
0x00, 0x00, 0x00, 0xff, 0xff, 0xfa, 0x00, 0x00, 0x00, 0x00, 0x01, 0xff, 0xff, 0xf6, 0x00, 0x00, 0x00, 	//......@@@@@%.........+@@@@@*......
0x00, 0x00, 0x00, 0x9f, 0xff, 0xff, 0x00, 0x00, 0x00, 0x00, 0x05, 0xff, 0xff, 0xf1, 0x00, 0x00, 0x00, 	//......%@@@@@.........+@@@@@+......
0x00, 0x00, 0x00, 0x4f, 0xff, 0xff, 0x40, 0x00, 0x00, 0x00, 0x0b, 0xff, 0xff, 0xb0, 0x00, 0x00, 0x00, 	//......+@@@@@+........%@@@@%.......
0x00, 0x00, 0x00, 0x0e, 0xff, 0xff, 0xa0, 0x00, 0x00, 0x00, 0x0f, 0xff, 0xff, 0x50, 0x00, 0x00, 0x00, 	//.......@@@@@%........@@@@@+.......
0x00, 0x00, 0x00, 0x08, 0xff, 0xff, 0xe0, 0x00, 0x00, 0x00, 0x5f, 0xff, 0xff, 0x00, 0x00, 0x00, 0x00, 	//.......*@@@@@.......+@@@@@........
0x00, 0x00, 0x00, 0x02, 0xff, 0xff, 0xf4, 0x00, 0x00, 0x00, 0xbf, 0xff, 0xfa, 0x00, 0x00, 0x00, 0x00, 	//.......+@@@@@+......%@@@@%........
0x00, 0x00, 0x00, 0x00, 0xdf, 0xff, 0xf9, 0x00, 0x00, 0x00, 0xff, 0xff, 0xf4, 0x00, 0x00, 0x00, 0x00, 	//........@@@@@%......@@@@@+........
0x00, 0x00, 0x00, 0x00, 0x7f, 0xff, 0xfe, 0x00, 0x00, 0x05, 0xff, 0xff, 0xe0, 0x00, 0x00, 0x00, 0x00, 	//........*@@@@@.....+@@@@@.........
0x00, 0x00, 0x00, 0x00, 0x1f, 0xff, 0xff, 0x30, 0x00, 0x0a, 0xff, 0xff, 0x90, 0x00, 0x00, 0x00, 0x00, 	//........+@@@@@+....%@@@@%.........
0x00, 0x00, 0x00, 0x00, 0x0b, 0xff, 0xff, 0x80, 0x00, 0x0e, 0xff, 0xff, 0x40, 0x00, 0x00, 0x00, 0x00, 	//.........%@@@@*....@@@@@+.........
0x00, 0x00, 0x00, 0x00, 0x06, 0xff, 0xff, 0xd0, 0x00, 0x4f, 0xff, 0xfe, 0x00, 0x00, 0x00, 0x00, 0x00, 	//.........*@@@@@...+@@@@@..........
0x00, 0x00, 0x00, 0x00, 0x00, 0xff, 0xff, 0xf2, 0x00, 0x9f, 0xff, 0xf8, 0x00, 0x00, 0x00, 0x00, 0x00, 	//..........@@@@@+..%@@@@*..........
0x00, 0x00, 0x00, 0x00, 0x00, 0xaf, 0xff, 0xf7, 0x00, 0xef, 0xff, 0xf3, 0x00, 0x00, 0x00, 0x00, 0x00, 	//..........%@@@@*..@@@@@+..........
0x00, 0x00, 0x00, 0x00, 0x00, 0x5f, 0xff, 0xfc, 0x03, 0xff, 0xff, 0xd0, 0x00, 0x00, 0x00, 0x00, 0x00, 	//..........+@@@@@.+@@@@@...........
0x00, 0x00, 0x00, 0x00, 0x00, 0x0e, 0xff, 0xff, 0x17, 0xff, 0xff, 0x70, 0x00, 0x00, 0x00, 0x00, 0x00, 	//...........@@@@@+*@@@@*...........
0x00, 0x00, 0x00, 0x00, 0x00, 0x09, 0xff, 0xff, 0x6c, 0xff, 0xff, 0x20, 0x00, 0x00, 0x00, 0x00, 0x00, 	//...........%@@@@*@@@@@+...........
0x00, 0x00, 0x00, 0x00, 0x00, 0x03, 0xff, 0xff, 0xef, 0xff, 0xfc, 0x00, 0x00, 0x00, 0x00, 0x00, 0x00, 	//...........+@@@@@@@@@@............
0x00, 0x00, 0x00, 0x00, 0x00, 0x00, 0xef, 0xff, 0xff, 0xff, 0xf7, 0x00, 0x00, 0x00, 0x00, 0x00, 0x00, 	//............@@@@@@@@@*............
0x00, 0x00, 0x00, 0x00, 0x00, 0x00, 0x8f, 0xff, 0xff, 0xff, 0xf1, 0x00, 0x00, 0x00, 0x00, 0x00, 0x00, 	//............*@@@@@@@@+............
0x00, 0x00, 0x00, 0x00, 0x00, 0x00, 0x2f, 0xff, 0xff, 0xff, 0xb0, 0x00, 0x00, 0x00, 0x00, 0x00, 0x00, 	//............+@@@@@@@%.............
0x00, 0x00, 0x00, 0x00, 0x00, 0x00, 0x0c, 0xff, 0xff, 0xff, 0x60, 0x00, 0x00, 0x00, 0x00, 0x00, 0x00, 	//.............@@@@@@@*.............


/* w */
0x2f, 0xff, 0xff, 0xc0, 0x00, 0x00, 0x00, 0x00, 0x00, 0x00, 0x02, 0xff, 0xff, 0xfc, 0x00, 0x00, 0x00, 0x00, 0x00, 0x00, 0x00, 0x1f, 0xff, 0xff, 0x80, 	//+@@@@@@..............+@@@@@@..............+@@@@@*.
0x0d, 0xff, 0xff, 0xf1, 0x00, 0x00, 0x00, 0x00, 0x00, 0x00, 0x06, 0xff, 0xff, 0xff, 0x10, 0x00, 0x00, 0x00, 0x00, 0x00, 0x00, 0x5f, 0xff, 0xff, 0x40, 	//.@@@@@@+.............*@@@@@@+.............+@@@@@+.
0x09, 0xff, 0xff, 0xf4, 0x00, 0x00, 0x00, 0x00, 0x00, 0x00, 0x0b, 0xff, 0xff, 0xff, 0x50, 0x00, 0x00, 0x00, 0x00, 0x00, 0x00, 0x9f, 0xff, 0xff, 0x00, 	//.%@@@@@+.............%@@@@@@+.............%@@@@@..
0x05, 0xff, 0xff, 0xf9, 0x00, 0x00, 0x00, 0x00, 0x00, 0x00, 0x0f, 0xff, 0xff, 0xff, 0x90, 0x00, 0x00, 0x00, 0x00, 0x00, 0x00, 0xdf, 0xff, 0xfb, 0x00, 	//.+@@@@@%.............@@@@@@@%.............@@@@@%..
0x00, 0xff, 0xff, 0xfd, 0x00, 0x00, 0x00, 0x00, 0x00, 0x00, 0x3f, 0xff, 0xff, 0xff, 0xd0, 0x00, 0x00, 0x00, 0x00, 0x00, 0x01, 0xff, 0xff, 0xf7, 0x00, 	//..@@@@@@............+@@@@@@@@............+@@@@@*..
0x00, 0xcf, 0xff, 0xff, 0x10, 0x00, 0x00, 0x00, 0x00, 0x00, 0x8f, 0xff, 0xff, 0xff, 0xf2, 0x00, 0x00, 0x00, 0x00, 0x00, 0x05, 0xff, 0xff, 0xf2, 0x00, 	//..@@@@@@+...........*@@@@@@@@+...........+@@@@@+..
0x00, 0x7f, 0xff, 0xff, 0x50, 0x00, 0x00, 0x00, 0x00, 0x00, 0xcf, 0xff, 0x7f, 0xff, 0xf6, 0x00, 0x00, 0x00, 0x00, 0x00, 0x09, 0xff, 0xff, 0xe0, 0x00, 	//..*@@@@@+...........@@@@*@@@@*...........%@@@@@...
0x00, 0x3f, 0xff, 0xff, 0x90, 0x00, 0x00, 0x00, 0x00, 0x00, 0xff, 0xff, 0x1e, 0xff, 0xfa, 0x00, 0x00, 0x00, 0x00, 0x00, 0x0d, 0xff, 0xff, 0xa0, 0x00, 	//..+@@@@@%...........@@@@+@@@@%...........@@@@@%...
0x00, 0x0e, 0xff, 0xff, 0xd0, 0x00, 0x00, 0x00, 0x00, 0x05, 0xff, 0xfe, 0x0a, 0xff, 0xfe, 0x00, 0x00, 0x00, 0x00, 0x00, 0x1f, 0xff, 0xff, 0x50, 0x00, 	//...@@@@@@..........+@@@@.%@@@@..........+@@@@@+...
0x00, 0x0a, 0xff, 0xff, 0xf1, 0x00, 0x00, 0x00, 0x00, 0x09, 0xff, 0xfa, 0x06, 0xff, 0xff, 0x30, 0x00, 0x00, 0x00, 0x00, 0x5f, 0xff, 0xff, 0x10, 0x00, 	//...%@@@@@+.........%@@@%.*@@@@+.........+@@@@@+...
0x00, 0x06, 0xff, 0xff, 0xf5, 0x00, 0x00, 0x00, 0x00, 0x0d, 0xff, 0xf6, 0x03, 0xff, 0xff, 0x70, 0x00, 0x00, 0x00, 0x00, 0x9f, 0xff, 0xfd, 0x00, 0x00, 	//...*@@@@@+.........@@@@*.+@@@@*.........%@@@@@....
0x00, 0x01, 0xff, 0xff, 0xf9, 0x00, 0x00, 0x00, 0x00, 0x1f, 0xff, 0xf3, 0x00, 0xff, 0xff, 0xc0, 0x00, 0x00, 0x00, 0x00, 0xdf, 0xff, 0xf9, 0x00, 0x00, 	//...+@@@@@%........+@@@@+..@@@@@.........@@@@@%....
0x00, 0x00, 0xdf, 0xff, 0xfd, 0x00, 0x00, 0x00, 0x00, 0x6f, 0xff, 0xf0, 0x00, 0xbf, 0xff, 0xf0, 0x00, 0x00, 0x00, 0x01, 0xff, 0xff, 0xf4, 0x00, 0x00, 	//....@@@@@@........*@@@@...%@@@@........+@@@@@+....
0x00, 0x00, 0x8f, 0xff, 0xff, 0x20, 0x00, 0x00, 0x00, 0xaf, 0xff, 0xb0, 0x00, 0x7f, 0xff, 0xf4, 0x00, 0x00, 0x00, 0x05, 0xff, 0xff, 0xf0, 0x00, 0x00, 	//....*@@@@@+.......%@@@%...*@@@@+.......+@@@@@.....
0x00, 0x00, 0x4f, 0xff, 0xff, 0x60, 0x00, 0x00, 0x00, 0xef, 0xff, 0x70, 0x00, 0x3f, 0xff, 0xf8, 0x00, 0x00, 0x00, 0x09, 0xff, 0xff, 0xc0, 0x00, 0x00, 	//....+@@@@@*.......@@@@*...+@@@@*.......%@@@@@.....
0x00, 0x00, 0x0f, 0xff, 0xff, 0xa0, 0x00, 0x00, 0x03, 0xff, 0xff, 0x40, 0x00, 0x0f, 0xff, 0xfd, 0x00, 0x00, 0x00, 0x0d, 0xff, 0xff, 0x70, 0x00, 0x00, 	//.....@@@@@%......+@@@@+....@@@@@.......@@@@@*.....
0x00, 0x00, 0x0b, 0xff, 0xff, 0xe0, 0x00, 0x00, 0x07, 0xff, 0xff, 0x00, 0x00, 0x0b, 0xff, 0xff, 0x10, 0x00, 0x00, 0x1f, 0xff, 0xff, 0x30, 0x00, 0x00, 	//.....%@@@@@......*@@@@.....%@@@@+.....+@@@@@+.....
0x00, 0x00, 0x07, 0xff, 0xff, 0xf2, 0x00, 0x00, 0x0b, 0xff, 0xfc, 0x00, 0x00, 0x07, 0xff, 0xff, 0x50, 0x00, 0x00, 0x5f, 0xff, 0xff, 0x00, 0x00, 0x00, 	//.....*@@@@@+.....%@@@@.....*@@@@+.....+@@@@@......
0x00, 0x00, 0x02, 0xff, 0xff, 0xf6, 0x00, 0x00, 0x0f, 0xff, 0xf7, 0x00, 0x00, 0x03, 0xff, 0xff, 0xa0, 0x00, 0x00, 0x9f, 0xff, 0xfa, 0x00, 0x00, 0x00, 	//.....+@@@@@*.....@@@@*.....+@@@@%.....%@@@@%......
0x00, 0x00, 0x00, 0xef, 0xff, 0xfa, 0x00, 0x00, 0x4f, 0xff, 0xf3, 0x00, 0x00, 0x00, 0xff, 0xff, 0xe0, 0x00, 0x00, 0xdf, 0xff, 0xf6, 0x00, 0x00, 0x00, 	//......@@@@@%....+@@@@+......@@@@@.....@@@@@*......
0x00, 0x00, 0x00, 0x9f, 0xff, 0xfe, 0x00, 0x00, 0x8f, 0xff, 0xf0, 0x00, 0x00, 0x00, 0xaf, 0xff, 0xf2, 0x00, 0x01, 0xff, 0xff, 0xf2, 0x00, 0x00, 0x00, 	//......%@@@@@....*@@@@.......%@@@@+...+@@@@@+......
0x00, 0x00, 0x00, 0x5f, 0xff, 0xff, 0x10, 0x00, 0xcf, 0xff, 0xb0, 0x00, 0x00, 0x00, 0x6f, 0xff, 0xf6, 0x00, 0x04, 0xff, 0xff, 0xe0, 0x00, 0x00, 0x00, 	//......+@@@@@+...@@@@%.......*@@@@*...+@@@@@.......
0x00, 0x00, 0x00, 0x1f, 0xff, 0xff, 0x50, 0x00, 0xff, 0xff, 0x70, 0x00, 0x00, 0x00, 0x2f, 0xff, 0xfa, 0x00, 0x08, 0xff, 0xff, 0x90, 0x00, 0x00, 0x00, 	//......+@@@@@+...@@@@*.......+@@@@%...*@@@@%.......
0x00, 0x00, 0x00, 0x0c, 0xff, 0xff, 0x80, 0x03, 0xff, 0xff, 0x20, 0x00, 0x00, 0x00, 0x0e, 0xff, 0xfe, 0x00, 0x0b, 0xff, 0xff, 0x50, 0x00, 0x00, 0x00, 	//.......@@@@@*..+@@@@+........@@@@@...%@@@@+.......
0x00, 0x00, 0x00, 0x08, 0xff, 0xff, 0xb0, 0x07, 0xff, 0xfe, 0x00, 0x00, 0x00, 0x00, 0x0a, 0xff, 0xff, 0x20, 0x0f, 0xff, 0xff, 0x10, 0x00, 0x00, 0x00, 	//.......*@@@@%..*@@@@.........%@@@@+..@@@@@+.......
0x00, 0x00, 0x00, 0x03, 0xff, 0xff, 0xf0, 0x0b, 0xff, 0xfa, 0x00, 0x00, 0x00, 0x00, 0x05, 0xff, 0xff, 0x60, 0x2f, 0xff, 0xfc, 0x00, 0x00, 0x00, 0x00, 	//.......+@@@@@..%@@@%.........+@@@@*.+@@@@@........
0x00, 0x00, 0x00, 0x00, 0xff, 0xff, 0xf2, 0x0f, 0xff, 0xf6, 0x00, 0x00, 0x00, 0x00, 0x01, 0xff, 0xff, 0xa0, 0x6f, 0xff, 0xf8, 0x00, 0x00, 0x00, 0x00, 	//........@@@@@+.@@@@*.........+@@@@%.*@@@@*........
0x00, 0x00, 0x00, 0x00, 0xaf, 0xff, 0xf6, 0x2f, 0xff, 0xf2, 0x00, 0x00, 0x00, 0x00, 0x00, 0xdf, 0xff, 0xe0, 0x9f, 0xff, 0xf4, 0x00, 0x00, 0x00, 0x00, 	//........%@@@@*+@@@@+..........@@@@@.%@@@@+........
0x00, 0x00, 0x00, 0x00, 0x6f, 0xff, 0xf9, 0x6f, 0xff, 0xe0, 0x00, 0x00, 0x00, 0x00, 0x00, 0x9f, 0xff, 0xf2, 0xdf, 0xff, 0xf0, 0x00, 0x00, 0x00, 0x00, 	//........*@@@@%*@@@@...........%@@@@+@@@@@.........
0x00, 0x00, 0x00, 0x00, 0x2f, 0xff, 0xfc, 0xaf, 0xff, 0x90, 0x00, 0x00, 0x00, 0x00, 0x00, 0x4f, 0xff, 0xf7, 0xff, 0xff, 0xb0, 0x00, 0x00, 0x00, 0x00, 	//........+@@@@@%@@@%...........+@@@@*@@@@%.........
0x00, 0x00, 0x00, 0x00, 0x0d, 0xff, 0xff, 0xff, 0xff, 0x50, 0x00, 0x00, 0x00, 0x00, 0x00, 0x0f, 0xff, 0xff, 0xff, 0xff, 0x70, 0x00, 0x00, 0x00, 0x00, 	//.........@@@@@@@@@+............@@@@@@@@@*.........
0x00, 0x00, 0x00, 0x00, 0x09, 0xff, 0xff, 0xff, 0xff, 0x10, 0x00, 0x00, 0x00, 0x00, 0x00, 0x0c, 0xff, 0xff, 0xff, 0xff, 0x30, 0x00, 0x00, 0x00, 0x00, 	//.........%@@@@@@@@+............@@@@@@@@@+.........
0x00, 0x00, 0x00, 0x00, 0x04, 0xff, 0xff, 0xff, 0xfd, 0x00, 0x00, 0x00, 0x00, 0x00, 0x00, 0x08, 0xff, 0xff, 0xff, 0xfe, 0x00, 0x00, 0x00, 0x00, 0x00, 	//.........+@@@@@@@@.............*@@@@@@@@..........
0x00, 0x00, 0x00, 0x00, 0x00, 0xff, 0xff, 0xff, 0xf9, 0x00, 0x00, 0x00, 0x00, 0x00, 0x00, 0x04, 0xff, 0xff, 0xff, 0xfa, 0x00, 0x00, 0x00, 0x00, 0x00, 	//..........@@@@@@@%.............+@@@@@@@%..........
0x00, 0x00, 0x00, 0x00, 0x00, 0xbf, 0xff, 0xff, 0xf4, 0x00, 0x00, 0x00, 0x00, 0x00, 0x00, 0x00, 0xff, 0xff, 0xff, 0xf6, 0x00, 0x00, 0x00, 0x00, 0x00, 	//..........%@@@@@@+..............@@@@@@@*..........


/* x */
0x00, 0xdf, 0xff, 0xff, 0x70, 0x00, 0x00, 0x00, 0x00, 0x00, 0x00, 0x05, 0xff, 0xff, 0xfb, 0x00, 	//..@@@@@@*..............+@@@@@%..
0x00, 0x3f, 0xff, 0xff, 0xf2, 0x00, 0x00, 0x00, 0x00, 0x00, 0x00, 0x0e, 0xff, 0xff, 0xf2, 0x00, 	//..+@@@@@@+.............@@@@@@+..
0x00, 0x09, 0xff, 0xff, 0xfb, 0x00, 0x00, 0x00, 0x00, 0x00, 0x00, 0x7f, 0xff, 0xff, 0x70, 0x00, 	//...%@@@@@%............*@@@@@*...
0x00, 0x00, 0xef, 0xff, 0xff, 0x50, 0x00, 0x00, 0x00, 0x00, 0x01, 0xff, 0xff, 0xfd, 0x00, 0x00, 	//....@@@@@@+..........+@@@@@@....
0x00, 0x00, 0x5f, 0xff, 0xff, 0xe0, 0x00, 0x00, 0x00, 0x00, 0x09, 0xff, 0xff, 0xf4, 0x00, 0x00, 	//....+@@@@@@..........%@@@@@+....
0x00, 0x00, 0x0b, 0xff, 0xff, 0xf8, 0x00, 0x00, 0x00, 0x00, 0x2f, 0xff, 0xff, 0xa0, 0x00, 0x00, 	//.....%@@@@@*........+@@@@@%.....
0x00, 0x00, 0x01, 0xff, 0xff, 0xff, 0x20, 0x00, 0x00, 0x00, 0xbf, 0xff, 0xff, 0x10, 0x00, 0x00, 	//.....+@@@@@@+.......%@@@@@+.....
0x00, 0x00, 0x00, 0x6f, 0xff, 0xff, 0xc0, 0x00, 0x00, 0x04, 0xff, 0xff, 0xf6, 0x00, 0x00, 0x00, 	//......*@@@@@@......+@@@@@*......
0x00, 0x00, 0x00, 0x0c, 0xff, 0xff, 0xf5, 0x00, 0x00, 0x0c, 0xff, 0xff, 0xd0, 0x00, 0x00, 0x00, 	//.......@@@@@@+.....@@@@@@.......
0x00, 0x00, 0x00, 0x03, 0xff, 0xff, 0xfe, 0x00, 0x00, 0x5f, 0xff, 0xff, 0x30, 0x00, 0x00, 0x00, 	//.......+@@@@@@....+@@@@@+.......
0x00, 0x00, 0x00, 0x00, 0x8f, 0xff, 0xff, 0x70, 0x00, 0xdf, 0xff, 0xf9, 0x00, 0x00, 0x00, 0x00, 	//........*@@@@@*...@@@@@%........
0x00, 0x00, 0x00, 0x00, 0x0d, 0xff, 0xff, 0xf1, 0x05, 0xff, 0xff, 0xe1, 0x00, 0x00, 0x00, 0x00, 	//.........@@@@@@+.+@@@@@+........
0x00, 0x00, 0x00, 0x00, 0x04, 0xff, 0xff, 0xfa, 0x0d, 0xff, 0xff, 0x60, 0x00, 0x00, 0x00, 0x00, 	//.........+@@@@@%.@@@@@*.........
0x00, 0x00, 0x00, 0x00, 0x00, 0xaf, 0xff, 0xff, 0xaf, 0xff, 0xfc, 0x00, 0x00, 0x00, 0x00, 0x00, 	//..........%@@@@@%@@@@@..........
0x00, 0x00, 0x00, 0x00, 0x00, 0x1e, 0xff, 0xff, 0xff, 0xff, 0xf3, 0x00, 0x00, 0x00, 0x00, 0x00, 	//..........+@@@@@@@@@@+..........
0x00, 0x00, 0x00, 0x00, 0x00, 0x06, 0xff, 0xff, 0xff, 0xff, 0x90, 0x00, 0x00, 0x00, 0x00, 0x00, 	//...........*@@@@@@@@%...........
0x00, 0x00, 0x00, 0x00, 0x00, 0x00, 0xcf, 0xff, 0xff, 0xfe, 0x00, 0x00, 0x00, 0x00, 0x00, 0x00, 	//............@@@@@@@@............
0x00, 0x00, 0x00, 0x00, 0x00, 0x01, 0xff, 0xff, 0xff, 0xfa, 0x00, 0x00, 0x00, 0x00, 0x00, 0x00, 	//...........+@@@@@@@%............
0x00, 0x00, 0x00, 0x00, 0x00, 0x0a, 0xff, 0xff, 0xff, 0xff, 0x30, 0x00, 0x00, 0x00, 0x00, 0x00, 	//...........%@@@@@@@@+...........
0x00, 0x00, 0x00, 0x00, 0x00, 0x4f, 0xff, 0xff, 0xff, 0xff, 0xd0, 0x00, 0x00, 0x00, 0x00, 0x00, 	//..........+@@@@@@@@@@...........
0x00, 0x00, 0x00, 0x00, 0x00, 0xef, 0xff, 0xfb, 0xff, 0xff, 0xf7, 0x00, 0x00, 0x00, 0x00, 0x00, 	//..........@@@@@%@@@@@*..........
0x00, 0x00, 0x00, 0x00, 0x09, 0xff, 0xff, 0xc0, 0xdf, 0xff, 0xff, 0x20, 0x00, 0x00, 0x00, 0x00, 	//.........%@@@@@.@@@@@@+.........
0x00, 0x00, 0x00, 0x00, 0x3f, 0xff, 0xff, 0x30, 0x3f, 0xff, 0xff, 0xc0, 0x00, 0x00, 0x00, 0x00, 	//........+@@@@@+.+@@@@@@.........
0x00, 0x00, 0x00, 0x00, 0xcf, 0xff, 0xfa, 0x00, 0x0a, 0xff, 0xff, 0xf7, 0x00, 0x00, 0x00, 0x00, 	//........@@@@@%...%@@@@@*........
0x00, 0x00, 0x00, 0x07, 0xff, 0xff, 0xf1, 0x00, 0x01, 0xff, 0xff, 0xff, 0x20, 0x00, 0x00, 0x00, 	//.......*@@@@@+...+@@@@@@+.......
0x00, 0x00, 0x00, 0x1f, 0xff, 0xff, 0x80, 0x00, 0x00, 0x6f, 0xff, 0xff, 0xb0, 0x00, 0x00, 0x00, 	//......+@@@@@*.....*@@@@@%.......
0x00, 0x00, 0x00, 0xbf, 0xff, 0xfe, 0x00, 0x00, 0x00, 0x0c, 0xff, 0xff, 0xf6, 0x00, 0x00, 0x00, 	//......%@@@@@.......@@@@@@*......
0x00, 0x00, 0x05, 0xff, 0xff, 0xf6, 0x00, 0x00, 0x00, 0x03, 0xff, 0xff, 0xff, 0x10, 0x00, 0x00, 	//.....+@@@@@*.......+@@@@@@+.....
0x00, 0x00, 0x0e, 0xff, 0xff, 0xc0, 0x00, 0x00, 0x00, 0x00, 0x9f, 0xff, 0xff, 0xb0, 0x00, 0x00, 	//.....@@@@@@.........%@@@@@%.....
0x00, 0x00, 0x9f, 0xff, 0xff, 0x30, 0x00, 0x00, 0x00, 0x00, 0x0e, 0xff, 0xff, 0xf5, 0x00, 0x00, 	//....%@@@@@+..........@@@@@@+....
0x00, 0x03, 0xff, 0xff, 0xfa, 0x00, 0x00, 0x00, 0x00, 0x00, 0x05, 0xff, 0xff, 0xfe, 0x10, 0x00, 	//...+@@@@@%...........+@@@@@@+...
0x00, 0x0d, 0xff, 0xff, 0xf2, 0x00, 0x00, 0x00, 0x00, 0x00, 0x00, 0xbf, 0xff, 0xff, 0xa0, 0x00, 	//...@@@@@@+............%@@@@@%...
0x00, 0x7f, 0xff, 0xff, 0x80, 0x00, 0x00, 0x00, 0x00, 0x00, 0x00, 0x1f, 0xff, 0xff, 0xf4, 0x00, 	//..*@@@@@*.............+@@@@@@+..
0x02, 0xff, 0xff, 0xfe, 0x00, 0x00, 0x00, 0x00, 0x00, 0x00, 0x00, 0x07, 0xff, 0xff, 0xfe, 0x00, 	//.+@@@@@@...............*@@@@@@..
0x0b, 0xff, 0xff, 0xf6, 0x00, 0x00, 0x00, 0x00, 0x00, 0x00, 0x00, 0x00, 0xcf, 0xff, 0xff, 0x90, 	//.%@@@@@*................@@@@@@%.


/* y */
0x0e, 0xff, 0xff, 0xf1, 0x00, 0x00, 0x00, 0x00, 0x00, 0x00, 0x00, 0x00, 0x00, 0x5f, 0xff, 0xff, 0x50, 	//.@@@@@@+..................+@@@@@+.
0x09, 0xff, 0xff, 0xf7, 0x00, 0x00, 0x00, 0x00, 0x00, 0x00, 0x00, 0x00, 0x00, 0xaf, 0xff, 0xff, 0x00, 	//.%@@@@@*..................%@@@@@..
0x02, 0xff, 0xff, 0xfc, 0x00, 0x00, 0x00, 0x00, 0x00, 0x00, 0x00, 0x00, 0x00, 0xff, 0xff, 0xfa, 0x00, 	//.+@@@@@@..................@@@@@%..
0x00, 0xcf, 0xff, 0xff, 0x20, 0x00, 0x00, 0x00, 0x00, 0x00, 0x00, 0x00, 0x05, 0xff, 0xff, 0xf4, 0x00, 	//..@@@@@@+................+@@@@@+..
0x00, 0x6f, 0xff, 0xff, 0x80, 0x00, 0x00, 0x00, 0x00, 0x00, 0x00, 0x00, 0x0a, 0xff, 0xff, 0xe0, 0x00, 	//..*@@@@@*................%@@@@@...
0x00, 0x0f, 0xff, 0xff, 0xe0, 0x00, 0x00, 0x00, 0x00, 0x00, 0x00, 0x00, 0x0f, 0xff, 0xff, 0x90, 0x00, 	//...@@@@@@................@@@@@%...
0x00, 0x09, 0xff, 0xff, 0xf4, 0x00, 0x00, 0x00, 0x00, 0x00, 0x00, 0x00, 0x4f, 0xff, 0xff, 0x40, 0x00, 	//...%@@@@@+..............+@@@@@+...
0x00, 0x02, 0xff, 0xff, 0xf9, 0x00, 0x00, 0x00, 0x00, 0x00, 0x00, 0x00, 0x9f, 0xff, 0xfe, 0x00, 0x00, 	//...+@@@@@%..............%@@@@@....
0x00, 0x00, 0xcf, 0xff, 0xff, 0x00, 0x00, 0x00, 0x00, 0x00, 0x00, 0x00, 0xef, 0xff, 0xf9, 0x00, 0x00, 	//....@@@@@@..............@@@@@%....
0x00, 0x00, 0x6f, 0xff, 0xff, 0x50, 0x00, 0x00, 0x00, 0x00, 0x00, 0x04, 0xff, 0xff, 0xf3, 0x00, 0x00, 	//....*@@@@@+............+@@@@@+....
0x00, 0x00, 0x0f, 0xff, 0xff, 0xb0, 0x00, 0x00, 0x00, 0x00, 0x00, 0x09, 0xff, 0xff, 0xe0, 0x00, 0x00, 	//.....@@@@@%............%@@@@@.....
0x00, 0x00, 0x09, 0xff, 0xff, 0xf1, 0x00, 0x00, 0x00, 0x00, 0x00, 0x0e, 0xff, 0xff, 0x80, 0x00, 0x00, 	//.....%@@@@@+...........@@@@@*.....
0x00, 0x00, 0x03, 0xff, 0xff, 0xf6, 0x00, 0x00, 0x00, 0x00, 0x00, 0x3f, 0xff, 0xff, 0x30, 0x00, 0x00, 	//.....+@@@@@*..........+@@@@@+.....
0x00, 0x00, 0x00, 0xcf, 0xff, 0xfc, 0x00, 0x00, 0x00, 0x00, 0x00, 0x8f, 0xff, 0xfd, 0x00, 0x00, 0x00, 	//......@@@@@@..........*@@@@@......
0x00, 0x00, 0x00, 0x6f, 0xff, 0xff, 0x20, 0x00, 0x00, 0x00, 0x00, 0xef, 0xff, 0xf8, 0x00, 0x00, 0x00, 	//......*@@@@@+.........@@@@@*......
0x00, 0x00, 0x00, 0x0f, 0xff, 0xff, 0x80, 0x00, 0x00, 0x00, 0x03, 0xff, 0xff, 0xf2, 0x00, 0x00, 0x00, 	//.......@@@@@*........+@@@@@+......
0x00, 0x00, 0x00, 0x09, 0xff, 0xff, 0xe0, 0x00, 0x00, 0x00, 0x08, 0xff, 0xff, 0xd0, 0x00, 0x00, 0x00, 	//.......%@@@@@........*@@@@@.......
0x00, 0x00, 0x00, 0x03, 0xff, 0xff, 0xf3, 0x00, 0x00, 0x00, 0x0d, 0xff, 0xff, 0x70, 0x00, 0x00, 0x00, 	//.......+@@@@@+.......@@@@@*.......
0x00, 0x00, 0x00, 0x00, 0xcf, 0xff, 0xf9, 0x00, 0x00, 0x00, 0x2f, 0xff, 0xff, 0x20, 0x00, 0x00, 0x00, 	//........@@@@@%......+@@@@@+.......
0x00, 0x00, 0x00, 0x00, 0x6f, 0xff, 0xff, 0x00, 0x00, 0x00, 0x7f, 0xff, 0xfc, 0x00, 0x00, 0x00, 0x00, 	//........*@@@@@......*@@@@@........
0x00, 0x00, 0x00, 0x00, 0x0f, 0xff, 0xff, 0x50, 0x00, 0x00, 0xcf, 0xff, 0xf7, 0x00, 0x00, 0x00, 0x00, 	//.........@@@@@+.....@@@@@*........
0x00, 0x00, 0x00, 0x00, 0x09, 0xff, 0xff, 0xa0, 0x00, 0x01, 0xff, 0xff, 0xf1, 0x00, 0x00, 0x00, 0x00, 	//.........%@@@@%....+@@@@@+........
0x00, 0x00, 0x00, 0x00, 0x03, 0xff, 0xff, 0xf0, 0x00, 0x05, 0xff, 0xff, 0xc0, 0x00, 0x00, 0x00, 0x00, 	//.........+@@@@@....+@@@@@.........
0x00, 0x00, 0x00, 0x00, 0x00, 0xcf, 0xff, 0xf5, 0x00, 0x0a, 0xff, 0xff, 0x60, 0x00, 0x00, 0x00, 0x00, 	//..........@@@@@+...%@@@@*.........
0x00, 0x00, 0x00, 0x00, 0x00, 0x6f, 0xff, 0xfb, 0x00, 0x0e, 0xff, 0xff, 0x10, 0x00, 0x00, 0x00, 0x00, 	//..........*@@@@%...@@@@@+.........
0x00, 0x00, 0x00, 0x00, 0x00, 0x0f, 0xff, 0xff, 0x10, 0x3f, 0xff, 0xfb, 0x00, 0x00, 0x00, 0x00, 0x00, 	//...........@@@@@+.+@@@@%..........
0x00, 0x00, 0x00, 0x00, 0x00, 0x09, 0xff, 0xff, 0x60, 0x7f, 0xff, 0xf6, 0x00, 0x00, 0x00, 0x00, 0x00, 	//...........%@@@@*.*@@@@*..........
0x00, 0x00, 0x00, 0x00, 0x00, 0x03, 0xff, 0xff, 0xc0, 0xcf, 0xff, 0xf1, 0x00, 0x00, 0x00, 0x00, 0x00, 	//...........+@@@@@.@@@@@+..........
0x00, 0x00, 0x00, 0x00, 0x00, 0x00, 0xdf, 0xff, 0xf3, 0xff, 0xff, 0xb0, 0x00, 0x00, 0x00, 0x00, 0x00, 	//............@@@@@+@@@@%...........
0x00, 0x00, 0x00, 0x00, 0x00, 0x00, 0x6f, 0xff, 0xfe, 0xff, 0xff, 0x50, 0x00, 0x00, 0x00, 0x00, 0x00, 	//............*@@@@@@@@@+...........
0x00, 0x00, 0x00, 0x00, 0x00, 0x00, 0x1f, 0xff, 0xff, 0xff, 0xff, 0x00, 0x00, 0x00, 0x00, 0x00, 0x00, 	//............+@@@@@@@@@............
0x00, 0x00, 0x00, 0x00, 0x00, 0x00, 0x0a, 0xff, 0xff, 0xff, 0xfa, 0x00, 0x00, 0x00, 0x00, 0x00, 0x00, 	//.............%@@@@@@@%............
0x00, 0x00, 0x00, 0x00, 0x00, 0x00, 0x03, 0xff, 0xff, 0xff, 0xf5, 0x00, 0x00, 0x00, 0x00, 0x00, 0x00, 	//.............+@@@@@@@+............
0x00, 0x00, 0x00, 0x00, 0x00, 0x00, 0x00, 0xdf, 0xff, 0xff, 0xf0, 0x00, 0x00, 0x00, 0x00, 0x00, 0x00, 	//..............@@@@@@@.............
0x00, 0x00, 0x00, 0x00, 0x00, 0x00, 0x00, 0x6f, 0xff, 0xff, 0xa0, 0x00, 0x00, 0x00, 0x00, 0x00, 0x00, 	//..............*@@@@@%.............
0x00, 0x00, 0x00, 0x00, 0x00, 0x00, 0x00, 0x5f, 0xff, 0xff, 0x40, 0x00, 0x00, 0x00, 0x00, 0x00, 0x00, 	//..............+@@@@@+.............
0x00, 0x00, 0x00, 0x00, 0x00, 0x00, 0x00, 0xaf, 0xff, 0xfe, 0x00, 0x00, 0x00, 0x00, 0x00, 0x00, 0x00, 	//..............%@@@@@..............
0x00, 0x00, 0x00, 0x00, 0x00, 0x00, 0x00, 0xef, 0xff, 0xf9, 0x00, 0x00, 0x00, 0x00, 0x00, 0x00, 0x00, 	//..............@@@@@%..............
0x00, 0x00, 0x00, 0x00, 0x00, 0x00, 0x05, 0xff, 0xff, 0xf3, 0x00, 0x00, 0x00, 0x00, 0x00, 0x00, 0x00, 	//.............+@@@@@+..............
0x00, 0x00, 0x00, 0x00, 0x00, 0x00, 0x0c, 0xff, 0xff, 0xc0, 0x00, 0x00, 0x00, 0x00, 0x00, 0x00, 0x00, 	//.............@@@@@@...............
0x00, 0x00, 0x00, 0x00, 0x00, 0x00, 0x3f, 0xff, 0xff, 0x50, 0x00, 0x00, 0x00, 0x00, 0x00, 0x00, 0x00, 	//............+@@@@@+...............
0x00, 0x00, 0x00, 0x00, 0x00, 0x00, 0xdf, 0xff, 0xfe, 0x00, 0x00, 0x00, 0x00, 0x00, 0x00, 0x00, 0x00, 	//............@@@@@@................
0x00, 0x00, 0x00, 0x00, 0x00, 0x09, 0xff, 0xff, 0xf7, 0x00, 0x00, 0x00, 0x00, 0x00, 0x00, 0x00, 0x00, 	//...........%@@@@@*................
0x00, 0x00, 0x00, 0x00, 0x00, 0x9f, 0xff, 0xff, 0xd0, 0x00, 0x00, 0x00, 0x00, 0x00, 0x00, 0x00, 0x00, 	//..........%@@@@@@.................
0x00, 0x02, 0x10, 0x00, 0x3c, 0xff, 0xff, 0xff, 0x30, 0x00, 0x00, 0x00, 0x00, 0x00, 0x00, 0x00, 0x00, 	//...++...+@@@@@@@+.................
0x00, 0x0b, 0xfe, 0xdf, 0xff, 0xff, 0xff, 0xf7, 0x00, 0x00, 0x00, 0x00, 0x00, 0x00, 0x00, 0x00, 0x00, 	//...%@@@@@@@@@@@*..................
0x00, 0x0f, 0xff, 0xff, 0xff, 0xff, 0xff, 0x90, 0x00, 0x00, 0x00, 0x00, 0x00, 0x00, 0x00, 0x00, 0x00, 	//...@@@@@@@@@@@%...................
0x00, 0x3f, 0xff, 0xff, 0xff, 0xff, 0xf8, 0x00, 0x00, 0x00, 0x00, 0x00, 0x00, 0x00, 0x00, 0x00, 0x00, 	//..+@@@@@@@@@@*....................
0x00, 0x7f, 0xff, 0xff, 0xff, 0xfc, 0x30, 0x00, 0x00, 0x00, 0x00, 0x00, 0x00, 0x00, 0x00, 0x00, 0x00, 	//..*@@@@@@@@@+.....................
0x00, 0x39, 0xde, 0xfe, 0xc9, 0x40, 0x00, 0x00, 0x00, 0x00, 0x00, 0x00, 0x00, 0x00, 0x00, 0x00, 0x00, 	//..+%@@@@@%+.......................


/* z */
0x00, 0xcf, 0xff, 0xff, 0xff, 0xff, 0xff, 0xff, 0xff, 0xff, 0xff, 0xff, 0xff, 0x00, 	//..@@@@@@@@@@@@@@@@@@@@@@@@..
0x00, 0xcf, 0xff, 0xff, 0xff, 0xff, 0xff, 0xff, 0xff, 0xff, 0xff, 0xff, 0xff, 0x00, 	//..@@@@@@@@@@@@@@@@@@@@@@@@..
0x00, 0xcf, 0xff, 0xff, 0xff, 0xff, 0xff, 0xff, 0xff, 0xff, 0xff, 0xff, 0xff, 0x00, 	//..@@@@@@@@@@@@@@@@@@@@@@@@..
0x00, 0xcf, 0xff, 0xff, 0xff, 0xff, 0xff, 0xff, 0xff, 0xff, 0xff, 0xff, 0xfb, 0x00, 	//..@@@@@@@@@@@@@@@@@@@@@@@%..
0x00, 0x9b, 0xbb, 0xbb, 0xbb, 0xbb, 0xbb, 0xbb, 0xbb, 0xef, 0xff, 0xff, 0xe1, 0x00, 	//..%%%%%%%%%%%%%%%%@@@@@@@+..
0x00, 0x00, 0x00, 0x00, 0x00, 0x00, 0x00, 0x00, 0x01, 0xef, 0xff, 0xff, 0x50, 0x00, 	//.................+@@@@@@+...
0x00, 0x00, 0x00, 0x00, 0x00, 0x00, 0x00, 0x00, 0x0a, 0xff, 0xff, 0xfa, 0x00, 0x00, 	//.................%@@@@@%....
0x00, 0x00, 0x00, 0x00, 0x00, 0x00, 0x00, 0x00, 0x5f, 0xff, 0xff, 0xe1, 0x00, 0x00, 	//................+@@@@@@+....
0x00, 0x00, 0x00, 0x00, 0x00, 0x00, 0x00, 0x01, 0xef, 0xff, 0xff, 0x50, 0x00, 0x00, 	//...............+@@@@@@+.....
0x00, 0x00, 0x00, 0x00, 0x00, 0x00, 0x00, 0x0a, 0xff, 0xff, 0xfa, 0x00, 0x00, 0x00, 	//...............%@@@@@%......
0x00, 0x00, 0x00, 0x00, 0x00, 0x00, 0x00, 0x5f, 0xff, 0xff, 0xe1, 0x00, 0x00, 0x00, 	//..............+@@@@@@+......
0x00, 0x00, 0x00, 0x00, 0x00, 0x00, 0x01, 0xef, 0xff, 0xff, 0x40, 0x00, 0x00, 0x00, 	//.............+@@@@@@+.......
0x00, 0x00, 0x00, 0x00, 0x00, 0x00, 0x0b, 0xff, 0xff, 0xf9, 0x00, 0x00, 0x00, 0x00, 	//.............%@@@@@%........
0x00, 0x00, 0x00, 0x00, 0x00, 0x00, 0x5f, 0xff, 0xff, 0xe0, 0x00, 0x00, 0x00, 0x00, 	//............+@@@@@@.........
0x00, 0x00, 0x00, 0x00, 0x00, 0x01, 0xef, 0xff, 0xff, 0x40, 0x00, 0x00, 0x00, 0x00, 	//...........+@@@@@@+.........
0x00, 0x00, 0x00, 0x00, 0x00, 0x0b, 0xff, 0xff, 0xf9, 0x00, 0x00, 0x00, 0x00, 0x00, 	//...........%@@@@@%..........
0x00, 0x00, 0x00, 0x00, 0x00, 0x6f, 0xff, 0xff, 0xd0, 0x00, 0x00, 0x00, 0x00, 0x00, 	//..........*@@@@@@...........
0x00, 0x00, 0x00, 0x00, 0x01, 0xff, 0xff, 0xff, 0x30, 0x00, 0x00, 0x00, 0x00, 0x00, 	//.........+@@@@@@+...........
0x00, 0x00, 0x00, 0x00, 0x0b, 0xff, 0xff, 0xf8, 0x00, 0x00, 0x00, 0x00, 0x00, 0x00, 	//.........%@@@@@*............
0x00, 0x00, 0x00, 0x00, 0x6f, 0xff, 0xff, 0xd0, 0x00, 0x00, 0x00, 0x00, 0x00, 0x00, 	//........*@@@@@@.............
0x00, 0x00, 0x00, 0x02, 0xff, 0xff, 0xff, 0x30, 0x00, 0x00, 0x00, 0x00, 0x00, 0x00, 	//.......+@@@@@@+.............
0x00, 0x00, 0x00, 0x0c, 0xff, 0xff, 0xf8, 0x00, 0x00, 0x00, 0x00, 0x00, 0x00, 0x00, 	//.......@@@@@@*..............
0x00, 0x00, 0x00, 0x7f, 0xff, 0xff, 0xd0, 0x00, 0x00, 0x00, 0x00, 0x00, 0x00, 0x00, 	//......*@@@@@@...............
0x00, 0x00, 0x02, 0xff, 0xff, 0xff, 0x30, 0x00, 0x00, 0x00, 0x00, 0x00, 0x00, 0x00, 	//.....+@@@@@@+...............
0x00, 0x00, 0x0c, 0xff, 0xff, 0xf7, 0x00, 0x00, 0x00, 0x00, 0x00, 0x00, 0x00, 0x00, 	//.....@@@@@@*................
0x00, 0x00, 0x7f, 0xff, 0xff, 0xc0, 0x00, 0x00, 0x00, 0x00, 0x00, 0x00, 0x00, 0x00, 	//....*@@@@@@.................
0x00, 0x02, 0xff, 0xff, 0xff, 0x20, 0x00, 0x00, 0x00, 0x00, 0x00, 0x00, 0x00, 0x00, 	//...+@@@@@@+.................
0x00, 0x0c, 0xff, 0xff, 0xf7, 0x00, 0x00, 0x00, 0x00, 0x00, 0x00, 0x00, 0x00, 0x00, 	//...@@@@@@*..................
0x00, 0x7f, 0xff, 0xff, 0xc0, 0x00, 0x00, 0x00, 0x00, 0x00, 0x00, 0x00, 0x00, 0x00, 	//..*@@@@@@...................
0x02, 0xff, 0xff, 0xff, 0x20, 0x00, 0x00, 0x00, 0x00, 0x00, 0x00, 0x00, 0x00, 0x00, 	//.+@@@@@@+...................
0x0d, 0xff, 0xff, 0xfe, 0xbb, 0xbb, 0xbb, 0xbb, 0xbb, 0xbb, 0xbb, 0xbb, 0xbb, 0x60, 	//.@@@@@@@%%%%%%%%%%%%%%%%%%*.
0x8f, 0xff, 0xff, 0xff, 0xff, 0xff, 0xff, 0xff, 0xff, 0xff, 0xff, 0xff, 0xff, 0x80, 	//*@@@@@@@@@@@@@@@@@@@@@@@@@*.
0xcf, 0xff, 0xff, 0xff, 0xff, 0xff, 0xff, 0xff, 0xff, 0xff, 0xff, 0xff, 0xff, 0x80, 	//@@@@@@@@@@@@@@@@@@@@@@@@@@*.
0xcf, 0xff, 0xff, 0xff, 0xff, 0xff, 0xff, 0xff, 0xff, 0xff, 0xff, 0xff, 0xff, 0x80, 	//@@@@@@@@@@@@@@@@@@@@@@@@@@*.
0xcf, 0xff, 0xff, 0xff, 0xff, 0xff, 0xff, 0xff, 0xff, 0xff, 0xff, 0xff, 0xff, 0x80, 	//@@@@@@@@@@@@@@@@@@@@@@@@@@*.


/* { */
0x00, 0x00, 0x00, 0x00, 0x00, 0x01, 0x45, 0x66, 0x62, 	//...........+++***+
0x00, 0x00, 0x00, 0x00, 0x07, 0xef, 0xff, 0xff, 0xf7, 	//.........*@@@@@@@*
0x00, 0x00, 0x00, 0x00, 0xcf, 0xff, 0xff, 0xff, 0xf7, 	//........@@@@@@@@@*
0x00, 0x00, 0x00, 0x0a, 0xff, 0xff, 0xff, 0xff, 0xf7, 	//.......%@@@@@@@@@*
0x00, 0x00, 0x00, 0x2f, 0xff, 0xff, 0xd5, 0x20, 0x00, 	//......+@@@@@@++...
0x00, 0x00, 0x00, 0x8f, 0xff, 0xfc, 0x00, 0x00, 0x00, 	//......*@@@@@......
0x00, 0x00, 0x00, 0xbf, 0xff, 0xf5, 0x00, 0x00, 0x00, 	//......%@@@@+......
0x00, 0x00, 0x00, 0xef, 0xff, 0xf0, 0x00, 0x00, 0x00, 	//......@@@@@.......
0x00, 0x00, 0x00, 0xff, 0xff, 0xd0, 0x00, 0x00, 0x00, 	//......@@@@@.......
0x00, 0x00, 0x00, 0xff, 0xff, 0xc0, 0x00, 0x00, 0x00, 	//......@@@@@.......
0x00, 0x00, 0x01, 0xff, 0xff, 0xb0, 0x00, 0x00, 0x00, 	//.....+@@@@%.......
0x00, 0x00, 0x00, 0xff, 0xff, 0xc0, 0x00, 0x00, 0x00, 	//......@@@@@.......
0x00, 0x00, 0x00, 0xff, 0xff, 0xc0, 0x00, 0x00, 0x00, 	//......@@@@@.......
0x00, 0x00, 0x00, 0xff, 0xff, 0xd0, 0x00, 0x00, 0x00, 	//......@@@@@.......
0x00, 0x00, 0x00, 0xef, 0xff, 0xd0, 0x00, 0x00, 0x00, 	//......@@@@@.......
0x00, 0x00, 0x00, 0xdf, 0xff, 0xe0, 0x00, 0x00, 0x00, 	//......@@@@@.......
0x00, 0x00, 0x00, 0xcf, 0xff, 0xe0, 0x00, 0x00, 0x00, 	//......@@@@@.......
0x00, 0x00, 0x00, 0xbf, 0xff, 0xf0, 0x00, 0x00, 0x00, 	//......%@@@@.......
0x00, 0x00, 0x00, 0xbf, 0xff, 0xf0, 0x00, 0x00, 0x00, 	//......%@@@@.......
0x00, 0x00, 0x00, 0xaf, 0xff, 0xf0, 0x00, 0x00, 0x00, 	//......%@@@@.......
0x00, 0x00, 0x00, 0x9f, 0xff, 0xf0, 0x00, 0x00, 0x00, 	//......%@@@@.......
0x00, 0x00, 0x00, 0x8f, 0xff, 0xf1, 0x00, 0x00, 0x00, 	//......*@@@@+......
0x00, 0x00, 0x00, 0x8f, 0xff, 0xf1, 0x00, 0x00, 0x00, 	//......*@@@@+......
0x00, 0x00, 0x00, 0x7f, 0xff, 0xf1, 0x00, 0x00, 0x00, 	//......*@@@@+......
0x00, 0x00, 0x00, 0x8f, 0xff, 0xf0, 0x00, 0x00, 0x00, 	//......*@@@@.......
0x00, 0x00, 0x00, 0xaf, 0xff, 0xf0, 0x00, 0x00, 0x00, 	//......%@@@@.......
0x00, 0x00, 0x02, 0xff, 0xff, 0xd0, 0x00, 0x00, 0x00, 	//.....+@@@@@.......
0x00, 0x00, 0x0b, 0xff, 0xff, 0x70, 0x00, 0x00, 0x00, 	//.....%@@@@*.......
0x00, 0x04, 0xcf, 0xff, 0xff, 0x20, 0x00, 0x00, 0x00, 	//...+@@@@@@+.......
0x6c, 0xff, 0xff, 0xff, 0xf5, 0x00, 0x00, 0x00, 0x00, 	//*@@@@@@@@+........
0x9f, 0xff, 0xff, 0xfb, 0x40, 0x00, 0x00, 0x00, 0x00, 	//%@@@@@@%+.........
0x9f, 0xff, 0xff, 0xe5, 0x00, 0x00, 0x00, 0x00, 0x00, 	//%@@@@@@+..........
0x9f, 0xff, 0xff, 0xff, 0xd1, 0x00, 0x00, 0x00, 0x00, 	//%@@@@@@@@+........
0x01, 0x38, 0xff, 0xff, 0xfc, 0x00, 0x00, 0x00, 0x00, 	//.++*@@@@@@........
0x00, 0x00, 0x2d, 0xff, 0xff, 0x50, 0x00, 0x00, 0x00, 	//....+@@@@@+.......
0x00, 0x00, 0x04, 0xff, 0xff, 0xa0, 0x00, 0x00, 0x00, 	//.....+@@@@%.......
0x00, 0x00, 0x00, 0xcf, 0xff, 0xe0, 0x00, 0x00, 0x00, 	//......@@@@@.......
0x00, 0x00, 0x00, 0x9f, 0xff, 0xf0, 0x00, 0x00, 0x00, 	//......%@@@@.......
0x00, 0x00, 0x00, 0x7f, 0xff, 0xf0, 0x00, 0x00, 0x00, 	//......*@@@@.......
0x00, 0x00, 0x00, 0x7f, 0xff, 0xf1, 0x00, 0x00, 0x00, 	//......*@@@@+......
0x00, 0x00, 0x00, 0x8f, 0xff, 0xf1, 0x00, 0x00, 0x00, 	//......*@@@@+......
0x00, 0x00, 0x00, 0x9f, 0xff, 0xf1, 0x00, 0x00, 0x00, 	//......%@@@@+......
0x00, 0x00, 0x00, 0x9f, 0xff, 0xf0, 0x00, 0x00, 0x00, 	//......%@@@@.......
0x00, 0x00, 0x00, 0xaf, 0xff, 0xf0, 0x00, 0x00, 0x00, 	//......%@@@@.......
0x00, 0x00, 0x00, 0xbf, 0xff, 0xf0, 0x00, 0x00, 0x00, 	//......%@@@@.......
0x00, 0x00, 0x00, 0xcf, 0xff, 0xe0, 0x00, 0x00, 0x00, 	//......@@@@@.......
0x00, 0x00, 0x00, 0xdf, 0xff, 0xe0, 0x00, 0x00, 0x00, 	//......@@@@@.......
0x00, 0x00, 0x00, 0xef, 0xff, 0xd0, 0x00, 0x00, 0x00, 	//......@@@@@.......
0x00, 0x00, 0x00, 0xff, 0xff, 0xd0, 0x00, 0x00, 0x00, 	//......@@@@@.......
0x00, 0x00, 0x00, 0xff, 0xff, 0xc0, 0x00, 0x00, 0x00, 	//......@@@@@.......
0x00, 0x00, 0x00, 0xff, 0xff, 0xc0, 0x00, 0x00, 0x00, 	//......@@@@@.......
0x00, 0x00, 0x00, 0xff, 0xff, 0xc0, 0x00, 0x00, 0x00, 	//......@@@@@.......
0x00, 0x00, 0x01, 0xff, 0xff, 0xc0, 0x00, 0x00, 0x00, 	//.....+@@@@@.......
0x00, 0x00, 0x00, 0xff, 0xff, 0xd0, 0x00, 0x00, 0x00, 	//......@@@@@.......
0x00, 0x00, 0x00, 0xff, 0xff, 0xe0, 0x00, 0x00, 0x00, 	//......@@@@@.......
0x00, 0x00, 0x00, 0xdf, 0xff, 0xf1, 0x00, 0x00, 0x00, 	//......@@@@@+......
0x00, 0x00, 0x00, 0xaf, 0xff, 0xf7, 0x00, 0x00, 0x00, 	//......%@@@@*......
0x00, 0x00, 0x00, 0x6f, 0xff, 0xfe, 0x40, 0x00, 0x00, 	//......*@@@@@+.....
0x00, 0x00, 0x00, 0x1f, 0xff, 0xff, 0xfa, 0x75, 0x42, 	//......+@@@@@@%*+++
0x00, 0x00, 0x00, 0x06, 0xff, 0xff, 0xff, 0xff, 0xf7, 	//.......*@@@@@@@@@*
0x00, 0x00, 0x00, 0x00, 0x7f, 0xff, 0xff, 0xff, 0xf7, 	//........*@@@@@@@@*
0x00, 0x00, 0x00, 0x00, 0x01, 0x8b, 0xef, 0xff, 0xf7, 	//.........+*%@@@@@*


/* | */
0x37, 0x77, 0x50, 	//+***+.
0x6f, 0xff, 0xa0, 	//*@@@%.
0x6f, 0xff, 0xa0, 	//*@@@%.
0x6f, 0xff, 0xa0, 	//*@@@%.
0x6f, 0xff, 0xa0, 	//*@@@%.
0x6f, 0xff, 0xa0, 	//*@@@%.
0x6f, 0xff, 0xa0, 	//*@@@%.
0x6f, 0xff, 0xa0, 	//*@@@%.
0x6f, 0xff, 0xa0, 	//*@@@%.
0x6f, 0xff, 0xa0, 	//*@@@%.
0x6f, 0xff, 0xa0, 	//*@@@%.
0x6f, 0xff, 0xa0, 	//*@@@%.
0x6f, 0xff, 0xa0, 	//*@@@%.
0x6f, 0xff, 0xa0, 	//*@@@%.
0x6f, 0xff, 0xa0, 	//*@@@%.
0x6f, 0xff, 0xa0, 	//*@@@%.
0x6f, 0xff, 0xa0, 	//*@@@%.
0x6f, 0xff, 0xa0, 	//*@@@%.
0x6f, 0xff, 0xa0, 	//*@@@%.
0x6f, 0xff, 0xa0, 	//*@@@%.
0x6f, 0xff, 0xa0, 	//*@@@%.
0x6f, 0xff, 0xa0, 	//*@@@%.
0x6f, 0xff, 0xa0, 	//*@@@%.
0x6f, 0xff, 0xa0, 	//*@@@%.
0x6f, 0xff, 0xa0, 	//*@@@%.
0x6f, 0xff, 0xa0, 	//*@@@%.
0x6f, 0xff, 0xa0, 	//*@@@%.
0x6f, 0xff, 0xa0, 	//*@@@%.
0x6f, 0xff, 0xa0, 	//*@@@%.
0x6f, 0xff, 0xa0, 	//*@@@%.
0x6f, 0xff, 0xa0, 	//*@@@%.
0x6f, 0xff, 0xa0, 	//*@@@%.
0x6f, 0xff, 0xa0, 	//*@@@%.
0x6f, 0xff, 0xa0, 	//*@@@%.
0x6f, 0xff, 0xa0, 	//*@@@%.
0x6f, 0xff, 0xa0, 	//*@@@%.
0x6f, 0xff, 0xa0, 	//*@@@%.
0x6f, 0xff, 0xa0, 	//*@@@%.
0x6f, 0xff, 0xa0, 	//*@@@%.
0x6f, 0xff, 0xa0, 	//*@@@%.
0x6f, 0xff, 0xa0, 	//*@@@%.
0x6f, 0xff, 0xa0, 	//*@@@%.
0x6f, 0xff, 0xa0, 	//*@@@%.
0x6f, 0xff, 0xa0, 	//*@@@%.
0x6f, 0xff, 0xa0, 	//*@@@%.
0x6f, 0xff, 0xa0, 	//*@@@%.
0x6f, 0xff, 0xa0, 	//*@@@%.
0x6f, 0xff, 0xa0, 	//*@@@%.
0x6f, 0xff, 0xa0, 	//*@@@%.
0x6f, 0xff, 0xa0, 	//*@@@%.
0x6f, 0xff, 0xa0, 	//*@@@%.
0x6f, 0xff, 0xa0, 	//*@@@%.
0x6f, 0xff, 0xa0, 	//*@@@%.
0x6f, 0xff, 0xa0, 	//*@@@%.
0x6f, 0xff, 0xa0, 	//*@@@%.
0x6f, 0xff, 0xa0, 	//*@@@%.
0x6f, 0xff, 0xa0, 	//*@@@%.
0x6f, 0xff, 0xa0, 	//*@@@%.
0x6f, 0xff, 0xa0, 	//*@@@%.
0x6f, 0xff, 0xa0, 	//*@@@%.
0x6f, 0xff, 0xa0, 	//*@@@%.
0x6f, 0xff, 0xa0, 	//*@@@%.
0x6f, 0xff, 0xa0, 	//*@@@%.
0x6f, 0xff, 0xa0, 	//*@@@%.
0x6f, 0xff, 0xa0, 	//*@@@%.
0x6f, 0xff, 0xa0, 	//*@@@%.
0x6f, 0xff, 0xa0, 	//*@@@%.
0x6f, 0xff, 0xa0, 	//*@@@%.
0x6f, 0xff, 0xa0, 	//*@@@%.
0x6f, 0xff, 0xa0, 	//*@@@%.
0x6f, 0xff, 0xa0, 	//*@@@%.
0x6f, 0xff, 0xa0, 	//*@@@%.


/* } */
0x56, 0x66, 0x53, 0x00, 0x00, 0x00, 0x00, 0x00, 0x00, 	//+***++............
0xdf, 0xff, 0xff, 0xfb, 0x40, 0x00, 0x00, 0x00, 0x00, 	//@@@@@@@%+.........
0xdf, 0xff, 0xff, 0xff, 0xf7, 0x00, 0x00, 0x00, 0x00, 	//@@@@@@@@@*........
0xdf, 0xff, 0xff, 0xff, 0xff, 0x40, 0x00, 0x00, 0x00, 	//@@@@@@@@@@+.......
0x00, 0x13, 0x7f, 0xff, 0xff, 0xd0, 0x00, 0x00, 0x00, 	//..++*@@@@@@.......
0x00, 0x00, 0x03, 0xff, 0xff, 0xf2, 0x00, 0x00, 0x00, 	//.....+@@@@@+......
0x00, 0x00, 0x00, 0xbf, 0xff, 0xf6, 0x00, 0x00, 0x00, 	//......%@@@@*......
0x00, 0x00, 0x00, 0x5f, 0xff, 0xf9, 0x00, 0x00, 0x00, 	//......+@@@@%......
0x00, 0x00, 0x00, 0x3f, 0xff, 0xfa, 0x00, 0x00, 0x00, 	//......+@@@@%......
0x00, 0x00, 0x00, 0x2f, 0xff, 0xfb, 0x00, 0x00, 0x00, 	//......+@@@@%......
0x00, 0x00, 0x00, 0x1f, 0xff, 0xfb, 0x00, 0x00, 0x00, 	//......+@@@@%......
0x00, 0x00, 0x00, 0x2f, 0xff, 0xfb, 0x00, 0x00, 0x00, 	//......+@@@@%......
0x00, 0x00, 0x00, 0x2f, 0xff, 0xfa, 0x00, 0x00, 0x00, 	//......+@@@@%......
0x00, 0x00, 0x00, 0x3f, 0xff, 0xfa, 0x00, 0x00, 0x00, 	//......+@@@@%......
0x00, 0x00, 0x00, 0x3f, 0xff, 0xf9, 0x00, 0x00, 0x00, 	//......+@@@@%......
0x00, 0x00, 0x00, 0x3f, 0xff, 0xf8, 0x00, 0x00, 0x00, 	//......+@@@@*......
0x00, 0x00, 0x00, 0x4f, 0xff, 0xf7, 0x00, 0x00, 0x00, 	//......+@@@@*......
0x00, 0x00, 0x00, 0x4f, 0xff, 0xf6, 0x00, 0x00, 0x00, 	//......+@@@@*......
0x00, 0x00, 0x00, 0x5f, 0xff, 0xf5, 0x00, 0x00, 0x00, 	//......+@@@@+......
0x00, 0x00, 0x00, 0x5f, 0xff, 0xf5, 0x00, 0x00, 0x00, 	//......+@@@@+......
0x00, 0x00, 0x00, 0x6f, 0xff, 0xf4, 0x00, 0x00, 0x00, 	//......*@@@@+......
0x00, 0x00, 0x00, 0x6f, 0xff, 0xf3, 0x00, 0x00, 0x00, 	//......*@@@@+......
0x00, 0x00, 0x00, 0x6f, 0xff, 0xf2, 0x00, 0x00, 0x00, 	//......*@@@@+......
0x00, 0x00, 0x00, 0x6f, 0xff, 0xf2, 0x00, 0x00, 0x00, 	//......*@@@@+......
0x00, 0x00, 0x00, 0x5f, 0xff, 0xf3, 0x00, 0x00, 0x00, 	//......+@@@@+......
0x00, 0x00, 0x00, 0x4f, 0xff, 0xf5, 0x00, 0x00, 0x00, 	//......+@@@@+......
0x00, 0x00, 0x00, 0x2f, 0xff, 0xfc, 0x00, 0x00, 0x00, 	//......+@@@@@......
0x00, 0x00, 0x00, 0x0d, 0xff, 0xff, 0x60, 0x00, 0x00, 	//.......@@@@@*.....
0x00, 0x00, 0x00, 0x07, 0xff, 0xff, 0xf9, 0x20, 0x00, 	//.......*@@@@@%+...
0x00, 0x00, 0x00, 0x00, 0xbf, 0xff, 0xff, 0xfe, 0xc2, 	//........%@@@@@@@@+
0x00, 0x00, 0x00, 0x00, 0x06, 0xef, 0xff, 0xff, 0xf2, 	//.........*@@@@@@@+
0x00, 0x00, 0x00, 0x00, 0x01, 0x9f, 0xff, 0xff, 0xf2, 	//.........+%@@@@@@+
0x00, 0x00, 0x00, 0x00, 0x6f, 0xff, 0xff, 0xff, 0xf2, 	//........*@@@@@@@@+
0x00, 0x00, 0x00, 0x03, 0xff, 0xff, 0xfd, 0x62, 0x00, 	//.......+@@@@@@*+..
0x00, 0x00, 0x00, 0x0b, 0xff, 0xff, 0xa0, 0x00, 0x00, 	//.......%@@@@%.....
0x00, 0x00, 0x00, 0x0f, 0xff, 0xfe, 0x00, 0x00, 0x00, 	//.......@@@@@......
0x00, 0x00, 0x00, 0x3f, 0xff, 0xf7, 0x00, 0x00, 0x00, 	//......+@@@@*......
0x00, 0x00, 0x00, 0x5f, 0xff, 0xf4, 0x00, 0x00, 0x00, 	//......+@@@@+......
0x00, 0x00, 0x00, 0x6f, 0xff, 0xf2, 0x00, 0x00, 0x00, 	//......*@@@@+......
0x00, 0x00, 0x00, 0x6f, 0xff, 0xf2, 0x00, 0x00, 0x00, 	//......*@@@@+......
0x00, 0x00, 0x00, 0x6f, 0xff, 0xf3, 0x00, 0x00, 0x00, 	//......*@@@@+......
0x00, 0x00, 0x00, 0x6f, 0xff, 0xf3, 0x00, 0x00, 0x00, 	//......*@@@@+......
0x00, 0x00, 0x00, 0x6f, 0xff, 0xf4, 0x00, 0x00, 0x00, 	//......*@@@@+......
0x00, 0x00, 0x00, 0x5f, 0xff, 0xf5, 0x00, 0x00, 0x00, 	//......+@@@@+......
0x00, 0x00, 0x00, 0x5f, 0xff, 0xf6, 0x00, 0x00, 0x00, 	//......+@@@@*......
0x00, 0x00, 0x00, 0x4f, 0xff, 0xf6, 0x00, 0x00, 0x00, 	//......+@@@@*......
0x00, 0x00, 0x00, 0x4f, 0xff, 0xf7, 0x00, 0x00, 0x00, 	//......+@@@@*......
0x00, 0x00, 0x00, 0x3f, 0xff, 0xf8, 0x00, 0x00, 0x00, 	//......+@@@@*......
0x00, 0x00, 0x00, 0x3f, 0xff, 0xfa, 0x00, 0x00, 0x00, 	//......+@@@@%......
0x00, 0x00, 0x00, 0x2f, 0xff, 0xfa, 0x00, 0x00, 0x00, 	//......+@@@@%......
0x00, 0x00, 0x00, 0x2f, 0xff, 0xfb, 0x00, 0x00, 0x00, 	//......+@@@@%......
0x00, 0x00, 0x00, 0x2f, 0xff, 0xfb, 0x00, 0x00, 0x00, 	//......+@@@@%......
0x00, 0x00, 0x00, 0x2f, 0xff, 0xfb, 0x00, 0x00, 0x00, 	//......+@@@@%......
0x00, 0x00, 0x00, 0x3f, 0xff, 0xfb, 0x00, 0x00, 0x00, 	//......+@@@@%......
0x00, 0x00, 0x00, 0x4f, 0xff, 0xfa, 0x00, 0x00, 0x00, 	//......+@@@@%......
0x00, 0x00, 0x00, 0x7f, 0xff, 0xf8, 0x00, 0x00, 0x00, 	//......*@@@@*......
0x00, 0x00, 0x00, 0xdf, 0xff, 0xf5, 0x00, 0x00, 0x00, 	//......@@@@@+......
0x00, 0x00, 0x08, 0xff, 0xff, 0xf1, 0x00, 0x00, 0x00, 	//.....*@@@@@+......
0x44, 0x68, 0xcf, 0xff, 0xff, 0xa0, 0x00, 0x00, 0x00, 	//++**@@@@@@%.......
0xdf, 0xff, 0xff, 0xff, 0xfe, 0x10, 0x00, 0x00, 0x00, 	//@@@@@@@@@@+.......
0xdf, 0xff, 0xff, 0xff, 0xd3, 0x00, 0x00, 0x00, 0x00, 	//@@@@@@@@@+........
0xdf, 0xff, 0xfd, 0xa5, 0x00, 0x00, 0x00, 0x00, 0x00, 	//@@@@@@%+..........


/* ~ */
0x00, 0x00, 0x00, 0x4a, 0xdf, 0xdb, 0x50, 0x00, 0x00, 0x00, 0x00, 0x00, 0x00, 0x00, 0x00, 0x00, 	//......+%@@@%+...................
0x00, 0x00, 0x2c, 0xff, 0xff, 0xff, 0xfe, 0x40, 0x00, 0x00, 0x00, 0x00, 0x00, 0x01, 0x00, 0x00, 	//....+@@@@@@@@@+............+....
0x00, 0x03, 0xef, 0xff, 0xff, 0xff, 0xff, 0xf9, 0x10, 0x00, 0x00, 0x00, 0x00, 0x0c, 0xa1, 0x00, 	//...+@@@@@@@@@@@%+..........@%+..
0x00, 0x4f, 0xff, 0xff, 0xff, 0xff, 0xff, 0xff, 0xe3, 0x00, 0x00, 0x00, 0x00, 0x7f, 0xfe, 0x30, 	//..+@@@@@@@@@@@@@@+........*@@@+.
0x01, 0xef, 0xff, 0xfd, 0x87, 0xaf, 0xff, 0xff, 0xff, 0x80, 0x00, 0x00, 0x06, 0xff, 0xff, 0xa0, 	//.+@@@@@@**%@@@@@@@*......*@@@@%.
0x0b, 0xff, 0xff, 0x70, 0x00, 0x01, 0x8f, 0xff, 0xff, 0xfd, 0x51, 0x03, 0xaf, 0xff, 0xfe, 0x10, 	//.%@@@@*....+*@@@@@@@++.+%@@@@@+.
0x2f, 0xff, 0xf6, 0x00, 0x00, 0x00, 0x04, 0xef, 0xff, 0xff, 0xff, 0xff, 0xff, 0xff, 0xf3, 0x00, 	//+@@@@*.......+@@@@@@@@@@@@@@@+..
0x02, 0xcf, 0xa0, 0x00, 0x00, 0x00, 0x00, 0x1a, 0xff, 0xff, 0xff, 0xff, 0xff, 0xff, 0x40, 0x00, 	//.+@@%.........+%@@@@@@@@@@@@+...
0x00, 0x07, 0x10, 0x00, 0x00, 0x00, 0x00, 0x00, 0x5e, 0xff, 0xff, 0xff, 0xff, 0xe3, 0x00, 0x00, 	//...*+...........+@@@@@@@@@@+....
0x00, 0x00, 0x00, 0x00, 0x00, 0x00, 0x00, 0x00, 0x01, 0x9e, 0xff, 0xff, 0xe7, 0x00, 0x00, 0x00, 	//.................+%@@@@@@*......
0x00, 0x00, 0x00, 0x00, 0x00, 0x00, 0x00, 0x00, 0x00, 0x00, 0x35, 0x53, 0x00, 0x00, 0x00, 0x00, 	//....................++++........


/* — */
0x0f, 0xff, 0xff, 0xff, 0xff, 0xff, 0xff, 0xff, 0xff, 0xff, 0xff, 0xff, 0xff, 0xff, 0xff, 0xff, 0xff, 0xff, 0xff, 0xff, 0xff, 0xff, 0xff, 0xff, 0xff, 0xff, 0x30, 	//.@@@@@@@@@@@@@@@@@@@@@@@@@@@@@@@@@@@@@@@@@@@@@@@@@@@+.
0x0f, 0xff, 0xff, 0xff, 0xff, 0xff, 0xff, 0xff, 0xff, 0xff, 0xff, 0xff, 0xff, 0xff, 0xff, 0xff, 0xff, 0xff, 0xff, 0xff, 0xff, 0xff, 0xff, 0xff, 0xff, 0xff, 0x30, 	//.@@@@@@@@@@@@@@@@@@@@@@@@@@@@@@@@@@@@@@@@@@@@@@@@@@@+.
0x0f, 0xff, 0xff, 0xff, 0xff, 0xff, 0xff, 0xff, 0xff, 0xff, 0xff, 0xff, 0xff, 0xff, 0xff, 0xff, 0xff, 0xff, 0xff, 0xff, 0xff, 0xff, 0xff, 0xff, 0xff, 0xff, 0x30, 	//.@@@@@@@@@@@@@@@@@@@@@@@@@@@@@@@@@@@@@@@@@@@@@@@@@@@+.
0x0f, 0xff, 0xff, 0xff, 0xff, 0xff, 0xff, 0xff, 0xff, 0xff, 0xff, 0xff, 0xff, 0xff, 0xff, 0xff, 0xff, 0xff, 0xff, 0xff, 0xff, 0xff, 0xff, 0xff, 0xff, 0xff, 0x30, 	//.@@@@@@@@@@@@@@@@@@@@@@@@@@@@@@@@@@@@@@@@@@@@@@@@@@@+.


/* ‘ */
0x00, 0x00, 0x00, 0x00, 0x10, 	//........+.
0x00, 0x00, 0x00, 0x19, 0xe1, 	//......+%@+
0x00, 0x00, 0x04, 0xef, 0xf8, 	//.....+@@@*
0x00, 0x00, 0x4f, 0xff, 0xf7, 	//....+@@@@*
0x00, 0x03, 0xff, 0xfd, 0x20, 	//...+@@@@+.
0x00, 0x1e, 0xff, 0xd1, 0x00, 	//..+@@@@+..
0x00, 0xaf, 0xfe, 0x20, 0x00, 	//..%@@@+...
0x02, 0xff, 0xf6, 0x00, 0x00, 	//.+@@@*....
0x09, 0xff, 0xd0, 0x00, 0x00, 	//.%@@@.....
0x0e, 0xff, 0x80, 0x00, 0x00, 	//.@@@*.....
0x2f, 0xff, 0x52, 0x20, 0x00, 	//+@@@+++...
0x4f, 0xff, 0xef, 0xfe, 0x50, 	//+@@@@@@@+.
0x6f, 0xff, 0xff, 0xff, 0xf3, 	//*@@@@@@@@+
0x5f, 0xff, 0xff, 0xff, 0xfb, 	//+@@@@@@@@%
0x2f, 0xff, 0xff, 0xff, 0xfe, 	//+@@@@@@@@@
0x0e, 0xff, 0xff, 0xff, 0xfd, 	//.@@@@@@@@@
0x06, 0xff, 0xff, 0xff, 0xf9, 	//.*@@@@@@@%
0x00, 0x9f, 0xff, 0xff, 0xd1, 	//..%@@@@@@+
0x00, 0x06, 0xbf, 0xd9, 0x00, 	//...*%@@%..


/* ’ */
0x01, 0x9d, 0xfb, 0x50, 0x00, 	//.+%@@%+...
0x1e, 0xff, 0xff, 0xf9, 0x00, 	//+@@@@@@%..
0x9f, 0xff, 0xff, 0xff, 0x50, 	//%@@@@@@@+.
0xef, 0xff, 0xff, 0xff, 0xe0, 	//@@@@@@@@@.
0xff, 0xff, 0xff, 0xff, 0xf2, 	//@@@@@@@@@+
0xcf, 0xff, 0xff, 0xff, 0xf4, 	//@@@@@@@@@+
0x4f, 0xff, 0xff, 0xff, 0xf5, 	//+@@@@@@@@+
0x05, 0xef, 0xff, 0xff, 0xf4, 	//.+@@@@@@@+
0x00, 0x02, 0x36, 0xff, 0xf2, 	//...++*@@@+
0x00, 0x00, 0x08, 0xff, 0xe0, 	//.....*@@@.
0x00, 0x00, 0x0e, 0xff, 0x80, 	//.....@@@*.
0x00, 0x00, 0x7f, 0xff, 0x10, 	//....*@@@+.
0x00, 0x02, 0xff, 0xf7, 0x00, 	//...+@@@*..
0x00, 0x1e, 0xff, 0xe0, 0x00, 	//..+@@@@...
0x03, 0xdf, 0xfe, 0x20, 0x00, 	//.+@@@@+...
0x8f, 0xff, 0xf3, 0x00, 0x00, 	//*@@@@+....
0x8f, 0xfd, 0x30, 0x00, 0x00, 	//*@@@+.....
0x0e, 0x80, 0x00, 0x00, 0x00, 	//.@*.......
0x00, 0x00, 0x00, 0x00, 0x00, 	//..........


/* “ */
0x00, 0x00, 0x00, 0x00, 0x10, 0x00, 0x00, 0x00, 0x00, 0x00, 0x01, 0x00, 	//........+............+..
0x00, 0x00, 0x00, 0x06, 0xf5, 0x00, 0x00, 0x00, 0x00, 0x03, 0xda, 0x00, 	//.......*@+.........+@%..
0x00, 0x00, 0x01, 0xcf, 0xfd, 0x00, 0x00, 0x00, 0x00, 0x9f, 0xff, 0x30, 	//.....+@@@@........%@@@+.
0x00, 0x00, 0x1d, 0xff, 0xfb, 0x10, 0x00, 0x00, 0x09, 0xff, 0xfd, 0x30, 	//....+@@@@%+......%@@@@+.
0x00, 0x00, 0xcf, 0xff, 0x60, 0x00, 0x00, 0x00, 0x8f, 0xff, 0x90, 0x00, 	//....@@@@*.......*@@@%...
0x00, 0x0a, 0xff, 0xf4, 0x00, 0x00, 0x00, 0x06, 0xff, 0xf9, 0x00, 0x00, 	//...%@@@+.......*@@@%....
0x00, 0x5f, 0xff, 0x60, 0x00, 0x00, 0x00, 0x1e, 0xff, 0xa0, 0x00, 0x00, 	//..+@@@*.......+@@@%.....
0x00, 0xdf, 0xfc, 0x00, 0x00, 0x00, 0x00, 0x8f, 0xff, 0x10, 0x00, 0x00, 	//..@@@@........*@@@+.....
0x04, 0xff, 0xf4, 0x00, 0x00, 0x00, 0x00, 0xef, 0xf8, 0x00, 0x00, 0x00, 	//.+@@@+........@@@*......
0x09, 0xff, 0xe0, 0x00, 0x00, 0x00, 0x04, 0xff, 0xf2, 0x00, 0x00, 0x00, 	//.%@@@........+@@@+......
0x0d, 0xff, 0xb1, 0x30, 0x00, 0x00, 0x08, 0xff, 0xf1, 0x31, 0x00, 0x00, 	//.@@@%++......*@@@+++....
0x0f, 0xff, 0xff, 0xff, 0x90, 0x00, 0x0a, 0xff, 0xff, 0xff, 0xb1, 0x00, 	//.@@@@@@@%....%@@@@@@%+..
0x0f, 0xff, 0xff, 0xff, 0xf9, 0x00, 0x0b, 0xff, 0xff, 0xff, 0xfd, 0x00, 	//.@@@@@@@@%...%@@@@@@@@..
0x0f, 0xff, 0xff, 0xff, 0xff, 0x10, 0x0a, 0xff, 0xff, 0xff, 0xff, 0x50, 	//.@@@@@@@@@+..%@@@@@@@@+.
0x0d, 0xff, 0xff, 0xff, 0xff, 0x40, 0x08, 0xff, 0xff, 0xff, 0xff, 0x80, 	//.@@@@@@@@@+..*@@@@@@@@*.
0x09, 0xff, 0xff, 0xff, 0xff, 0x30, 0x04, 0xff, 0xff, 0xff, 0xff, 0x70, 	//.%@@@@@@@@+..+@@@@@@@@*.
0x01, 0xff, 0xff, 0xff, 0xfe, 0x00, 0x00, 0xbf, 0xff, 0xff, 0xff, 0x30, 	//.+@@@@@@@@....%@@@@@@@+.
0x00, 0x5f, 0xff, 0xff, 0xf4, 0x00, 0x00, 0x2d, 0xff, 0xff, 0xf9, 0x00, 	//..+@@@@@@+....+@@@@@@%..
0x00, 0x02, 0xae, 0xeb, 0x30, 0x00, 0x00, 0x00, 0x9d, 0xfc, 0x60, 0x00, 	//...+%@@%+.......%@@@*...


/* ” */
0x00, 0x6c, 0xfd, 0x80, 0x00, 0x00, 0x00, 0x3b, 0xee, 0xa2, 0x00, 0x00, 	//..*@@@*.......+%@@%+....
0x09, 0xff, 0xff, 0xfd, 0x20, 0x00, 0x05, 0xff, 0xff, 0xff, 0x40, 0x00, 	//.%@@@@@@+....+@@@@@@+...
0x3f, 0xff, 0xff, 0xff, 0xb0, 0x00, 0x0e, 0xff, 0xff, 0xff, 0xe1, 0x00, 	//+@@@@@@@%....@@@@@@@@+..
0x8f, 0xff, 0xff, 0xff, 0xf4, 0x00, 0x3f, 0xff, 0xff, 0xff, 0xf8, 0x00, 	//*@@@@@@@@+..+@@@@@@@@*..
0x9f, 0xff, 0xff, 0xff, 0xf7, 0x00, 0x4f, 0xff, 0xff, 0xff, 0xfc, 0x00, 	//%@@@@@@@@*..+@@@@@@@@@..
0x6f, 0xff, 0xff, 0xff, 0xfa, 0x00, 0x1f, 0xff, 0xff, 0xff, 0xff, 0x00, 	//*@@@@@@@@%..+@@@@@@@@@..
0x0d, 0xff, 0xff, 0xff, 0xfb, 0x00, 0x0a, 0xff, 0xff, 0xff, 0xff, 0x00, 	//.@@@@@@@@%...%@@@@@@@@..
0x02, 0xcf, 0xff, 0xff, 0xfa, 0x00, 0x00, 0x9f, 0xff, 0xff, 0xfe, 0x00, 	//.+@@@@@@@%....%@@@@@@@..
0x00, 0x01, 0x31, 0xff, 0xf8, 0x00, 0x00, 0x00, 0x31, 0xbf, 0xfc, 0x00, 	//...+++@@@*......++%@@@..
0x00, 0x00, 0x03, 0xff, 0xf3, 0x00, 0x00, 0x00, 0x00, 0xef, 0xf8, 0x00, 	//.....+@@@+........@@@*..
0x00, 0x00, 0x09, 0xff, 0xd0, 0x00, 0x00, 0x00, 0x04, 0xff, 0xf3, 0x00, 	//.....%@@@........+@@@+..
0x00, 0x00, 0x1f, 0xff, 0x60, 0x00, 0x00, 0x00, 0x0c, 0xff, 0xa0, 0x00, 	//....+@@@*........@@@%...
0x00, 0x00, 0xbf, 0xfd, 0x00, 0x00, 0x00, 0x00, 0x7f, 0xff, 0x20, 0x00, 	//....%@@@........*@@@+...
0x00, 0x0a, 0xff, 0xf4, 0x00, 0x00, 0x00, 0x05, 0xff, 0xf9, 0x00, 0x00, 	//...%@@@+.......+@@@%....
0x01, 0xaf, 0xff, 0x60, 0x00, 0x00, 0x00, 0x7f, 0xff, 0xb0, 0x00, 0x00, 	//.+%@@@*.......*@@@%.....
0x3e, 0xff, 0xf7, 0x00, 0x00, 0x00, 0x1c, 0xff, 0xfc, 0x00, 0x00, 0x00, 	//+@@@@*......+@@@@@......
0x2f, 0xff, 0x70, 0x00, 0x00, 0x00, 0x0d, 0xff, 0xa0, 0x00, 0x00, 0x00, 	//+@@@*........@@@%.......
0x09, 0xb2, 0x00, 0x00, 0x00, 0x00, 0x05, 0xe4, 0x00, 0x00, 0x00, 0x00, 	//.%%+.........+@+........
0x00, 0x00, 0x00, 0x00, 0x00, 0x00, 0x00, 0x00, 0x00, 0x00, 0x00, 0x00, 	//........................


/* … */
0x00, 0x03, 0x64, 0x00, 0x00, 0x00, 0x00, 0x00, 0x00, 0x00, 0x00, 0x00, 0x25, 0x51, 0x00, 0x00, 0x00, 0x00, 0x00, 0x00, 0x00, 0x00, 0x00, 0x46, 0x30, 0x00, 	//...+*+..................++++..................+*+...
0x01, 0xcf, 0xff, 0xe4, 0x00, 0x00, 0x00, 0x00, 0x00, 0x00, 0x00, 0x08, 0xff, 0xff, 0x80, 0x00, 0x00, 0x00, 0x00, 0x00, 0x00, 0x00, 0x5e, 0xff, 0xfb, 0x10, 	//.+@@@@@+...............*@@@@*...............+@@@@%+.
0x0c, 0xff, 0xff, 0xff, 0x20, 0x00, 0x00, 0x00, 0x00, 0x00, 0x00, 0x7f, 0xff, 0xff, 0xf7, 0x00, 0x00, 0x00, 0x00, 0x00, 0x00, 0x03, 0xff, 0xff, 0xff, 0xc0, 	//.@@@@@@@+.............*@@@@@@*.............+@@@@@@@.
0x4f, 0xff, 0xff, 0xff, 0xa0, 0x00, 0x00, 0x00, 0x00, 0x00, 0x00, 0xff, 0xff, 0xff, 0xff, 0x00, 0x00, 0x00, 0x00, 0x00, 0x00, 0x0a, 0xff, 0xff, 0xff, 0xf4, 	//+@@@@@@@%.............@@@@@@@@.............%@@@@@@@+
0x7f, 0xff, 0xff, 0xff, 0xd0, 0x00, 0x00, 0x00, 0x00, 0x00, 0x02, 0xff, 0xff, 0xff, 0xff, 0x20, 0x00, 0x00, 0x00, 0x00, 0x00, 0x0d, 0xff, 0xff, 0xff, 0xf7, 	//*@@@@@@@@............+@@@@@@@@+............@@@@@@@@*
0x6f, 0xff, 0xff, 0xff, 0xc0, 0x00, 0x00, 0x00, 0x00, 0x00, 0x01, 0xff, 0xff, 0xff, 0xff, 0x10, 0x00, 0x00, 0x00, 0x00, 0x00, 0x0c, 0xff, 0xff, 0xff, 0xf6, 	//*@@@@@@@@............+@@@@@@@@+............@@@@@@@@*
0x2f, 0xff, 0xff, 0xff, 0x70, 0x00, 0x00, 0x00, 0x00, 0x00, 0x00, 0xdf, 0xff, 0xff, 0xfc, 0x00, 0x00, 0x00, 0x00, 0x00, 0x00, 0x08, 0xff, 0xff, 0xff, 0xf2, 	//+@@@@@@@*.............@@@@@@@@.............*@@@@@@@+
0x07, 0xff, 0xff, 0xfd, 0x00, 0x00, 0x00, 0x00, 0x00, 0x00, 0x00, 0x3f, 0xff, 0xff, 0xf3, 0x00, 0x00, 0x00, 0x00, 0x00, 0x00, 0x00, 0xdf, 0xff, 0xff, 0x70, 	//.*@@@@@@..............+@@@@@@+..............@@@@@@*.
0x00, 0x5c, 0xfd, 0x80, 0x00, 0x00, 0x00, 0x00, 0x00, 0x00, 0x00, 0x02, 0xae, 0xea, 0x20, 0x00, 0x00, 0x00, 0x00, 0x00, 0x00, 0x00, 0x08, 0xdf, 0xc5, 0x00, 	//..+@@@*................+%@@%+................*@@@+..


/* ℃ */
0x00, 0x00, 0x04, 0x9d, 0xff, 0xd9, 0x40, 0x00, 0x00, 0x00, 0x00, 0x00, 0x00, 0x00, 0x00, 0x00, 0x00, 0x00, 0x00, 0x00, 0x00, 0x00, 0x00, 0x00, 0x00, 0x00, 0x00, 0x00, 0x00, 0x00, 	//.....+%@@@@%+...............................................
0x00, 0x02, 0xcf, 0xff, 0xff, 0xff, 0xfc, 0x20, 0x00, 0x00, 0x00, 0x00, 0x00, 0x00, 0x00, 0x00, 0x00, 0x00, 0x00, 0x00, 0x01, 0x34, 0x53, 0x10, 0x00, 0x00, 0x00, 0x00, 0x00, 0x00, 	//...+@@@@@@@@@@+..........................++++++.............
0x00, 0x4f, 0xff, 0xff, 0xff, 0xff, 0xff, 0xf4, 0x00, 0x00, 0x00, 0x00, 0x00, 0x00, 0x00, 0x00, 0x00, 0x00, 0x02, 0x7c, 0xff, 0xff, 0xff, 0xff, 0xc7, 0x10, 0x00, 0x00, 0x00, 0x00, 	//..+@@@@@@@@@@@@+.....................+*@@@@@@@@@@*+.........
0x02, 0xff, 0xff, 0xea, 0x66, 0xae, 0xff, 0xfe, 0x20, 0x00, 0x00, 0x00, 0x00, 0x00, 0x00, 0x00, 0x00, 0x06, 0xdf, 0xff, 0xff, 0xff, 0xff, 0xff, 0xff, 0xfb, 0x30, 0x00, 0x00, 0x00, 	//.+@@@@@%**%@@@@@+..................*@@@@@@@@@@@@@@@%+.......
0x0c, 0xff, 0xfc, 0x10, 0x00, 0x01, 0xcf, 0xff, 0xb0, 0x00, 0x00, 0x00, 0x00, 0x00, 0x00, 0x00, 0x03, 0xdf, 0xff, 0xff, 0xff, 0xff, 0xff, 0xff, 0xff, 0xff, 0xf8, 0x00, 0x00, 0x00, 	//.@@@@@+....+@@@@%................+@@@@@@@@@@@@@@@@@@@*......
0x3f, 0xff, 0xd0, 0x00, 0x00, 0x00, 0x0d, 0xff, 0xf3, 0x00, 0x00, 0x00, 0x00, 0x00, 0x00, 0x00, 0xaf, 0xff, 0xff, 0xff, 0xff, 0xff, 0xff, 0xff, 0xff, 0xff, 0xff, 0xe3, 0x00, 0x00, 	//+@@@@........@@@@+..............%@@@@@@@@@@@@@@@@@@@@@@+....
0x8f, 0xff, 0x50, 0x00, 0x00, 0x00, 0x04, 0xff, 0xf8, 0x00, 0x00, 0x00, 0x00, 0x00, 0x00, 0x0b, 0xff, 0xff, 0xff, 0xff, 0xff, 0xff, 0xff, 0xff, 0xff, 0xff, 0xff, 0xff, 0x40, 0x00, 	//*@@@+........+@@@*.............%@@@@@@@@@@@@@@@@@@@@@@@@+...
0xcf, 0xff, 0x00, 0x00, 0x00, 0x00, 0x00, 0xef, 0xfc, 0x00, 0x00, 0x00, 0x00, 0x00, 0x01, 0xcf, 0xff, 0xff, 0xff, 0xfe, 0x95, 0x31, 0x01, 0x36, 0xcf, 0xff, 0xff, 0xff, 0xe0, 0x00, 	//@@@@..........@@@@...........+@@@@@@@@@@%+++.++*@@@@@@@@@...
0xef, 0xfd, 0x00, 0x00, 0x00, 0x00, 0x00, 0xcf, 0xfe, 0x00, 0x00, 0x00, 0x00, 0x00, 0x0d, 0xff, 0xff, 0xff, 0xfe, 0x50, 0x00, 0x00, 0x00, 0x00, 0x02, 0xbf, 0xff, 0xff, 0x40, 0x00, 	//@@@@..........@@@@...........@@@@@@@@@+..........+%@@@@@+...
0xff, 0xfa, 0x00, 0x00, 0x00, 0x00, 0x00, 0xaf, 0xff, 0x00, 0x00, 0x00, 0x00, 0x00, 0x9f, 0xff, 0xff, 0xff, 0x90, 0x00, 0x00, 0x00, 0x00, 0x00, 0x00, 0x05, 0xff, 0xf6, 0x00, 0x00, 	//@@@%..........%@@@..........%@@@@@@@%..............+@@@*....
0xef, 0xfc, 0x00, 0x00, 0x00, 0x00, 0x00, 0xcf, 0xfe, 0x00, 0x00, 0x00, 0x00, 0x04, 0xff, 0xff, 0xff, 0xf6, 0x00, 0x00, 0x00, 0x00, 0x00, 0x00, 0x00, 0x00, 0x3e, 0x70, 0x00, 0x00, 	//@@@@..........@@@@.........+@@@@@@@*................+@*.....
0xcf, 0xfe, 0x00, 0x00, 0x00, 0x00, 0x00, 0xef, 0xfc, 0x00, 0x00, 0x00, 0x00, 0x1e, 0xff, 0xff, 0xff, 0x60, 0x00, 0x00, 0x00, 0x00, 0x00, 0x00, 0x00, 0x00, 0x01, 0x00, 0x00, 0x00, 	//@@@@..........@@@@........+@@@@@@@*..................+......
0x8f, 0xff, 0x40, 0x00, 0x00, 0x00, 0x04, 0xff, 0xf8, 0x00, 0x00, 0x00, 0x00, 0x7f, 0xff, 0xff, 0xf9, 0x00, 0x00, 0x00, 0x00, 0x00, 0x00, 0x00, 0x00, 0x00, 0x00, 0x00, 0x00, 0x00, 	//*@@@+........+@@@*........*@@@@@@%..........................
0x3f, 0xff, 0xd0, 0x00, 0x00, 0x00, 0x0d, 0xff, 0xf3, 0x00, 0x00, 0x00, 0x00, 0xef, 0xff, 0xff, 0xe0, 0x00, 0x00, 0x00, 0x00, 0x00, 0x00, 0x00, 0x00, 0x00, 0x00, 0x00, 0x00, 0x00, 	//+@@@@........@@@@+........@@@@@@@...........................
0x0b, 0xff, 0xfb, 0x10, 0x00, 0x01, 0xbf, 0xff, 0xb0, 0x00, 0x00, 0x00, 0x06, 0xff, 0xff, 0xff, 0x50, 0x00, 0x00, 0x00, 0x00, 0x00, 0x00, 0x00, 0x00, 0x00, 0x00, 0x00, 0x00, 0x00, 	//.%@@@%+....+%@@@%........*@@@@@@+...........................
0x02, 0xff, 0xff, 0xe9, 0x66, 0x9e, 0xff, 0xff, 0x20, 0x00, 0x00, 0x00, 0x0d, 0xff, 0xff, 0xfd, 0x00, 0x00, 0x00, 0x00, 0x00, 0x00, 0x00, 0x00, 0x00, 0x00, 0x00, 0x00, 0x00, 0x00, 	//.+@@@@@%**%@@@@@+........@@@@@@@............................
0x00, 0x4f, 0xff, 0xff, 0xff, 0xff, 0xff, 0xf4, 0x00, 0x00, 0x00, 0x00, 0x2f, 0xff, 0xff, 0xf7, 0x00, 0x00, 0x00, 0x00, 0x00, 0x00, 0x00, 0x00, 0x00, 0x00, 0x00, 0x00, 0x00, 0x00, 	//..+@@@@@@@@@@@@+........+@@@@@@*............................
0x00, 0x02, 0xcf, 0xff, 0xff, 0xff, 0xfc, 0x20, 0x00, 0x00, 0x00, 0x00, 0x6f, 0xff, 0xff, 0xf1, 0x00, 0x00, 0x00, 0x00, 0x00, 0x00, 0x00, 0x00, 0x00, 0x00, 0x00, 0x00, 0x00, 0x00, 	//...+@@@@@@@@@@+.........*@@@@@@+............................
0x00, 0x00, 0x04, 0x9d, 0xff, 0xd9, 0x40, 0x00, 0x00, 0x00, 0x00, 0x00, 0xaf, 0xff, 0xff, 0xb0, 0x00, 0x00, 0x00, 0x00, 0x00, 0x00, 0x00, 0x00, 0x00, 0x00, 0x00, 0x00, 0x00, 0x00, 	//.....+%@@@@%+...........%@@@@@%.............................
0x00, 0x00, 0x00, 0x00, 0x00, 0x00, 0x00, 0x00, 0x00, 0x00, 0x00, 0x00, 0xef, 0xff, 0xff, 0x80, 0x00, 0x00, 0x00, 0x00, 0x00, 0x00, 0x00, 0x00, 0x00, 0x00, 0x00, 0x00, 0x00, 0x00, 	//........................@@@@@@*.............................
0x00, 0x00, 0x00, 0x00, 0x00, 0x00, 0x00, 0x00, 0x00, 0x00, 0x00, 0x01, 0xff, 0xff, 0xff, 0x50, 0x00, 0x00, 0x00, 0x00, 0x00, 0x00, 0x00, 0x00, 0x00, 0x00, 0x00, 0x00, 0x00, 0x00, 	//.......................+@@@@@@+.............................
0x00, 0x00, 0x00, 0x00, 0x00, 0x00, 0x00, 0x00, 0x00, 0x00, 0x00, 0x03, 0xff, 0xff, 0xff, 0x10, 0x00, 0x00, 0x00, 0x00, 0x00, 0x00, 0x00, 0x00, 0x00, 0x00, 0x00, 0x00, 0x00, 0x00, 	//.......................+@@@@@@+.............................
0x00, 0x00, 0x00, 0x00, 0x00, 0x00, 0x00, 0x00, 0x00, 0x00, 0x00, 0x04, 0xff, 0xff, 0xff, 0x00, 0x00, 0x00, 0x00, 0x00, 0x00, 0x00, 0x00, 0x00, 0x00, 0x00, 0x00, 0x00, 0x00, 0x00, 	//.......................+@@@@@@..............................
0x00, 0x00, 0x00, 0x00, 0x00, 0x00, 0x00, 0x00, 0x00, 0x00, 0x00, 0x06, 0xff, 0xff, 0xfe, 0x00, 0x00, 0x00, 0x00, 0x00, 0x00, 0x00, 0x00, 0x00, 0x00, 0x00, 0x00, 0x00, 0x00, 0x00, 	//.......................*@@@@@@..............................
0x00, 0x00, 0x00, 0x00, 0x00, 0x00, 0x00, 0x00, 0x00, 0x00, 0x00, 0x07, 0xff, 0xff, 0xfd, 0x00, 0x00, 0x00, 0x00, 0x00, 0x00, 0x00, 0x00, 0x00, 0x00, 0x00, 0x00, 0x00, 0x00, 0x00, 	//.......................*@@@@@@..............................
0x00, 0x00, 0x00, 0x00, 0x00, 0x00, 0x00, 0x00, 0x00, 0x00, 0x00, 0x08, 0xff, 0xff, 0xfc, 0x00, 0x00, 0x00, 0x00, 0x00, 0x00, 0x00, 0x00, 0x00, 0x00, 0x00, 0x00, 0x00, 0x00, 0x00, 	//.......................*@@@@@@..............................
0x00, 0x00, 0x00, 0x00, 0x00, 0x00, 0x00, 0x00, 0x00, 0x00, 0x00, 0x08, 0xff, 0xff, 0xfc, 0x00, 0x00, 0x00, 0x00, 0x00, 0x00, 0x00, 0x00, 0x00, 0x00, 0x00, 0x00, 0x00, 0x00, 0x00, 	//.......................*@@@@@@..............................
0x00, 0x00, 0x00, 0x00, 0x00, 0x00, 0x00, 0x00, 0x00, 0x00, 0x00, 0x07, 0xff, 0xff, 0xfd, 0x00, 0x00, 0x00, 0x00, 0x00, 0x00, 0x00, 0x00, 0x00, 0x00, 0x00, 0x00, 0x00, 0x00, 0x00, 	//.......................*@@@@@@..............................
0x00, 0x00, 0x00, 0x00, 0x00, 0x00, 0x00, 0x00, 0x00, 0x00, 0x00, 0x06, 0xff, 0xff, 0xfe, 0x00, 0x00, 0x00, 0x00, 0x00, 0x00, 0x00, 0x00, 0x00, 0x00, 0x00, 0x00, 0x00, 0x00, 0x00, 	//.......................*@@@@@@..............................
0x00, 0x00, 0x00, 0x00, 0x00, 0x00, 0x00, 0x00, 0x00, 0x00, 0x00, 0x05, 0xff, 0xff, 0xff, 0x00, 0x00, 0x00, 0x00, 0x00, 0x00, 0x00, 0x00, 0x00, 0x00, 0x00, 0x00, 0x00, 0x00, 0x00, 	//.......................+@@@@@@..............................
0x00, 0x00, 0x00, 0x00, 0x00, 0x00, 0x00, 0x00, 0x00, 0x00, 0x00, 0x04, 0xff, 0xff, 0xff, 0x10, 0x00, 0x00, 0x00, 0x00, 0x00, 0x00, 0x00, 0x00, 0x00, 0x00, 0x00, 0x00, 0x00, 0x00, 	//.......................+@@@@@@+.............................
0x00, 0x00, 0x00, 0x00, 0x00, 0x00, 0x00, 0x00, 0x00, 0x00, 0x00, 0x02, 0xff, 0xff, 0xff, 0x40, 0x00, 0x00, 0x00, 0x00, 0x00, 0x00, 0x00, 0x00, 0x00, 0x00, 0x00, 0x00, 0x00, 0x00, 	//.......................+@@@@@@+.............................
0x00, 0x00, 0x00, 0x00, 0x00, 0x00, 0x00, 0x00, 0x00, 0x00, 0x00, 0x00, 0xff, 0xff, 0xff, 0x70, 0x00, 0x00, 0x00, 0x00, 0x00, 0x00, 0x00, 0x00, 0x00, 0x00, 0x00, 0x00, 0x00, 0x00, 	//........................@@@@@@*.............................
0x00, 0x00, 0x00, 0x00, 0x00, 0x00, 0x00, 0x00, 0x00, 0x00, 0x00, 0x00, 0xbf, 0xff, 0xff, 0xa0, 0x00, 0x00, 0x00, 0x00, 0x00, 0x00, 0x00, 0x00, 0x00, 0x00, 0x00, 0x00, 0x00, 0x00, 	//........................%@@@@@%.............................
0x00, 0x00, 0x00, 0x00, 0x00, 0x00, 0x00, 0x00, 0x00, 0x00, 0x00, 0x00, 0x7f, 0xff, 0xff, 0xf0, 0x00, 0x00, 0x00, 0x00, 0x00, 0x00, 0x00, 0x00, 0x00, 0x00, 0x00, 0x00, 0x00, 0x00, 	//........................*@@@@@@.............................
0x00, 0x00, 0x00, 0x00, 0x00, 0x00, 0x00, 0x00, 0x00, 0x00, 0x00, 0x00, 0x3f, 0xff, 0xff, 0xf5, 0x00, 0x00, 0x00, 0x00, 0x00, 0x00, 0x00, 0x00, 0x00, 0x00, 0x00, 0x00, 0x00, 0x00, 	//........................+@@@@@@+............................
0x00, 0x00, 0x00, 0x00, 0x00, 0x00, 0x00, 0x00, 0x00, 0x00, 0x00, 0x00, 0x0e, 0xff, 0xff, 0xfb, 0x00, 0x00, 0x00, 0x00, 0x00, 0x00, 0x00, 0x00, 0x00, 0x00, 0x00, 0x00, 0x00, 0x00, 	//.........................@@@@@@%............................
0x00, 0x00, 0x00, 0x00, 0x00, 0x00, 0x00, 0x00, 0x00, 0x00, 0x00, 0x00, 0x08, 0xff, 0xff, 0xff, 0x30, 0x00, 0x00, 0x00, 0x00, 0x00, 0x00, 0x00, 0x00, 0x00, 0x00, 0x00, 0x00, 0x00, 	//.........................*@@@@@@+...........................
0x00, 0x00, 0x00, 0x00, 0x00, 0x00, 0x00, 0x00, 0x00, 0x00, 0x00, 0x00, 0x01, 0xff, 0xff, 0xff, 0xc0, 0x00, 0x00, 0x00, 0x00, 0x00, 0x00, 0x00, 0x00, 0x00, 0x00, 0x00, 0x00, 0x00, 	//.........................+@@@@@@@...........................
0x00, 0x00, 0x00, 0x00, 0x00, 0x00, 0x00, 0x00, 0x00, 0x00, 0x00, 0x00, 0x00, 0xaf, 0xff, 0xff, 0xf6, 0x00, 0x00, 0x00, 0x00, 0x00, 0x00, 0x00, 0x00, 0x00, 0x00, 0x00, 0x00, 0x00, 	//..........................%@@@@@@*..........................
0x00, 0x00, 0x00, 0x00, 0x00, 0x00, 0x00, 0x00, 0x00, 0x00, 0x00, 0x00, 0x00, 0x3f, 0xff, 0xff, 0xff, 0x40, 0x00, 0x00, 0x00, 0x00, 0x00, 0x00, 0x00, 0x00, 0x01, 0xc5, 0x00, 0x00, 	//..........................+@@@@@@@+..................+@+....
0x00, 0x00, 0x00, 0x00, 0x00, 0x00, 0x00, 0x00, 0x00, 0x00, 0x00, 0x00, 0x00, 0x08, 0xff, 0xff, 0xff, 0xf3, 0x00, 0x00, 0x00, 0x00, 0x00, 0x00, 0x00, 0x00, 0x1c, 0xff, 0x40, 0x00, 	//...........................*@@@@@@@+................+@@@+...
0x00, 0x00, 0x00, 0x00, 0x00, 0x00, 0x00, 0x00, 0x00, 0x00, 0x00, 0x00, 0x00, 0x00, 0xcf, 0xff, 0xff, 0xff, 0x60, 0x00, 0x00, 0x00, 0x00, 0x00, 0x00, 0x04, 0xdf, 0xff, 0xf3, 0x00, 	//............................@@@@@@@@*..............+@@@@@+..
0x00, 0x00, 0x00, 0x00, 0x00, 0x00, 0x00, 0x00, 0x00, 0x00, 0x00, 0x00, 0x00, 0x00, 0x2f, 0xff, 0xff, 0xff, 0xfc, 0x30, 0x00, 0x00, 0x00, 0x00, 0x01, 0x9f, 0xff, 0xff, 0xff, 0x10, 	//............................+@@@@@@@@@+..........+%@@@@@@@+.
0x00, 0x00, 0x00, 0x00, 0x00, 0x00, 0x00, 0x00, 0x00, 0x00, 0x00, 0x00, 0x00, 0x00, 0x03, 0xef, 0xff, 0xff, 0xff, 0xfd, 0x84, 0x21, 0x02, 0x36, 0xcf, 0xff, 0xff, 0xff, 0xf7, 0x00, 	//.............................+@@@@@@@@@@*+++.++*@@@@@@@@@*..
0x00, 0x00, 0x00, 0x00, 0x00, 0x00, 0x00, 0x00, 0x00, 0x00, 0x00, 0x00, 0x00, 0x00, 0x00, 0x2e, 0xff, 0xff, 0xff, 0xff, 0xff, 0xff, 0xff, 0xff, 0xff, 0xff, 0xff, 0xff, 0x60, 0x00, 	//..............................+@@@@@@@@@@@@@@@@@@@@@@@@@*...
0x00, 0x00, 0x00, 0x00, 0x00, 0x00, 0x00, 0x00, 0x00, 0x00, 0x00, 0x00, 0x00, 0x00, 0x00, 0x02, 0xdf, 0xff, 0xff, 0xff, 0xff, 0xff, 0xff, 0xff, 0xff, 0xff, 0xff, 0xf6, 0x00, 0x00, 	//...............................+@@@@@@@@@@@@@@@@@@@@@@@*....
0x00, 0x00, 0x00, 0x00, 0x00, 0x00, 0x00, 0x00, 0x00, 0x00, 0x00, 0x00, 0x00, 0x00, 0x00, 0x00, 0x06, 0xef, 0xff, 0xff, 0xff, 0xff, 0xff, 0xff, 0xff, 0xff, 0xfb, 0x20, 0x00, 0x00, 	//.................................*@@@@@@@@@@@@@@@@@@@%+.....
0x00, 0x00, 0x00, 0x00, 0x00, 0x00, 0x00, 0x00, 0x00, 0x00, 0x00, 0x00, 0x00, 0x00, 0x00, 0x00, 0x00, 0x19, 0xff, 0xff, 0xff, 0xff, 0xff, 0xff, 0xff, 0xfd, 0x50, 0x00, 0x00, 0x00, 	//..................................+%@@@@@@@@@@@@@@@@+.......
0x00, 0x00, 0x00, 0x00, 0x00, 0x00, 0x00, 0x00, 0x00, 0x00, 0x00, 0x00, 0x00, 0x00, 0x00, 0x00, 0x00, 0x00, 0x04, 0x9e, 0xff, 0xff, 0xff, 0xff, 0xd8, 0x20, 0x00, 0x00, 0x00, 0x00, 	//.....................................+%@@@@@@@@@@*+.........
0x00, 0x00, 0x00, 0x00, 0x00, 0x00, 0x00, 0x00, 0x00, 0x00, 0x00, 0x00, 0x00, 0x00, 0x00, 0x00, 0x00, 0x00, 0x00, 0x00, 0x02, 0x35, 0x53, 0x20, 0x00, 0x00, 0x00, 0x00, 0x00, 0x00, 	//.........................................++++++.............


/* 、 */
0x00, 0x02, 0xb1, 0x00, 0x00, 0x00, 0x00, 0x00, 0x00, 0x00, 	//...+%+..............
0x00, 0x3e, 0xfe, 0x30, 0x00, 0x00, 0x00, 0x00, 0x00, 0x00, 	//..+@@@+.............
0x04, 0xff, 0xff, 0xf5, 0x00, 0x00, 0x00, 0x00, 0x00, 0x00, 	//.+@@@@@+............
0x5f, 0xff, 0xff, 0xff, 0x60, 0x00, 0x00, 0x00, 0x00, 0x00, 	//+@@@@@@@*...........
0x1b, 0xff, 0xff, 0xff, 0xf7, 0x00, 0x00, 0x00, 0x00, 0x00, 	//+%@@@@@@@*..........
0x00, 0xaf, 0xff, 0xff, 0xff, 0x70, 0x00, 0x00, 0x00, 0x00, 	//..%@@@@@@@*.........
0x00, 0x08, 0xff, 0xff, 0xff, 0xf8, 0x00, 0x00, 0x00, 0x00, 	//...*@@@@@@@*........
0x00, 0x00, 0x7f, 0xff, 0xff, 0xff, 0x80, 0x00, 0x00, 0x00, 	//....*@@@@@@@*.......
0x00, 0x00, 0x06, 0xff, 0xff, 0xff, 0xf7, 0x00, 0x00, 0x00, 	//.....*@@@@@@@*......
0x00, 0x00, 0x00, 0x5f, 0xff, 0xff, 0xff, 0x70, 0x00, 0x00, 	//......+@@@@@@@*.....
0x00, 0x00, 0x00, 0x05, 0xff, 0xff, 0xff, 0xf6, 0x00, 0x00, 	//.......+@@@@@@@*....
0x00, 0x00, 0x00, 0x00, 0x6f, 0xff, 0xff, 0xff, 0x50, 0x00, 	//........*@@@@@@@+...
0x00, 0x00, 0x00, 0x00, 0x06, 0xff, 0xff, 0xff, 0xf3, 0x00, 	//.........*@@@@@@@+..
0x00, 0x00, 0x00, 0x00, 0x00, 0x7f, 0xff, 0xff, 0xfe, 0x20, 	//..........*@@@@@@@+.
0x00, 0x00, 0x00, 0x00, 0x00, 0x08, 0xff, 0xff, 0xff, 0x70, 	//...........*@@@@@@*.
0x00, 0x00, 0x00, 0x00, 0x00, 0x00, 0xaf, 0xff, 0xf6, 0x00, 	//............%@@@@*..
0x00, 0x00, 0x00, 0x00, 0x00, 0x00, 0x0c, 0xff, 0x40, 0x00, 	//.............@@@+...
0x00, 0x00, 0x00, 0x00, 0x00, 0x00, 0x01, 0xc2, 0x00, 0x00, 	//.............+@+....


/* 。 */
0x00, 0x00, 0x00, 0x00, 0x02, 0x32, 0x00, 0x00, 0x00, 0x00, 0x00, 	//.........+++..........
0x00, 0x00, 0x00, 0x6b, 0xff, 0xff, 0xfb, 0x50, 0x00, 0x00, 0x00, 	//......*%@@@@@%+.......
0x00, 0x00, 0x2d, 0xff, 0xff, 0xff, 0xff, 0xfc, 0x20, 0x00, 0x00, 	//....+@@@@@@@@@@@+.....
0x00, 0x04, 0xff, 0xff, 0xff, 0xff, 0xff, 0xff, 0xe3, 0x00, 0x00, 	//...+@@@@@@@@@@@@@+....
0x00, 0x2f, 0xff, 0xfd, 0x51, 0x02, 0x6d, 0xff, 0xfe, 0x10, 0x00, 	//..+@@@@@++.+*@@@@@+...
0x00, 0xdf, 0xff, 0x80, 0x00, 0x00, 0x00, 0xaf, 0xff, 0xb0, 0x00, 	//..@@@@*.......%@@@%...
0x05, 0xff, 0xf8, 0x00, 0x00, 0x00, 0x00, 0x0a, 0xff, 0xf3, 0x00, 	//.+@@@*.........%@@@+..
0x0b, 0xff, 0xd0, 0x00, 0x00, 0x00, 0x00, 0x01, 0xef, 0xf9, 0x00, 	//.%@@@..........+@@@%..
0x0f, 0xff, 0x50, 0x00, 0x00, 0x00, 0x00, 0x00, 0x7f, 0xfe, 0x00, 	//.@@@+...........*@@@..
0x2f, 0xff, 0x10, 0x00, 0x00, 0x00, 0x00, 0x00, 0x3f, 0xff, 0x10, 	//+@@@+...........+@@@+.
0x4f, 0xff, 0x00, 0x00, 0x00, 0x00, 0x00, 0x00, 0x1f, 0xff, 0x20, 	//+@@@............+@@@+.
0x4f, 0xff, 0x00, 0x00, 0x00, 0x00, 0x00, 0x00, 0x1f, 0xff, 0x20, 	//+@@@............+@@@+.
0x2f, 0xff, 0x20, 0x00, 0x00, 0x00, 0x00, 0x00, 0x4f, 0xff, 0x00, 	//+@@@+...........+@@@..
0x0e, 0xff, 0x70, 0x00, 0x00, 0x00, 0x00, 0x00, 0x9f, 0xfd, 0x00, 	//.@@@*...........%@@@..
0x0a, 0xff, 0xf1, 0x00, 0x00, 0x00, 0x00, 0x02, 0xff, 0xf8, 0x00, 	//.%@@@+.........+@@@*..
0x03, 0xff, 0xfb, 0x00, 0x00, 0x00, 0x00, 0x0c, 0xff, 0xf1, 0x00, 	//.+@@@%.........@@@@+..
0x00, 0xaf, 0xff, 0xc2, 0x00, 0x00, 0x02, 0xdf, 0xff, 0x80, 0x00, 	//..%@@@@+.....+@@@@*...
0x00, 0x0d, 0xff, 0xff, 0x95, 0x45, 0xaf, 0xff, 0xfc, 0x00, 0x00, 	//...@@@@@%+++%@@@@@....
0x00, 0x01, 0xdf, 0xff, 0xff, 0xff, 0xff, 0xff, 0xc1, 0x00, 0x00, 	//...+@@@@@@@@@@@@@+....
0x00, 0x00, 0x09, 0xff, 0xff, 0xff, 0xff, 0xf8, 0x00, 0x00, 0x00, 	//.....%@@@@@@@@@*......
0x00, 0x00, 0x00, 0x27, 0xce, 0xfe, 0xb7, 0x10, 0x00, 0x00, 0x00, 	//......+*@@@@%*+.......


/* 〈 */
0x00, 0x00, 0x00, 0x00, 0x00, 0x00, 0x00, 0x00, 0x00, 0x0a, 0x92, 0x00, 	//...................%%+..
0x00, 0x00, 0x00, 0x00, 0x00, 0x00, 0x00, 0x00, 0x00, 0x5f, 0xff, 0xa2, 	//..................+@@@%+
0x00, 0x00, 0x00, 0x00, 0x00, 0x00, 0x00, 0x00, 0x01, 0xef, 0xff, 0xf3, 	//.................+@@@@@+
0x00, 0x00, 0x00, 0x00, 0x00, 0x00, 0x00, 0x00, 0x09, 0xff, 0xff, 0x90, 	//.................%@@@@%.
0x00, 0x00, 0x00, 0x00, 0x00, 0x00, 0x00, 0x00, 0x3f, 0xff, 0xfe, 0x10, 	//................+@@@@@+.
0x00, 0x00, 0x00, 0x00, 0x00, 0x00, 0x00, 0x00, 0xdf, 0xff, 0xf5, 0x00, 	//................@@@@@+..
0x00, 0x00, 0x00, 0x00, 0x00, 0x00, 0x00, 0x08, 0xff, 0xff, 0xa0, 0x00, 	//...............*@@@@%...
0x00, 0x00, 0x00, 0x00, 0x00, 0x00, 0x00, 0x2f, 0xff, 0xff, 0x10, 0x00, 	//..............+@@@@@+...
0x00, 0x00, 0x00, 0x00, 0x00, 0x00, 0x00, 0xcf, 0xff, 0xf6, 0x00, 0x00, 	//..............@@@@@*....
0x00, 0x00, 0x00, 0x00, 0x00, 0x00, 0x06, 0xff, 0xff, 0xc0, 0x00, 0x00, 	//.............*@@@@@.....
0x00, 0x00, 0x00, 0x00, 0x00, 0x00, 0x1f, 0xff, 0xff, 0x20, 0x00, 0x00, 	//............+@@@@@+.....
0x00, 0x00, 0x00, 0x00, 0x00, 0x00, 0xbf, 0xff, 0xf7, 0x00, 0x00, 0x00, 	//............%@@@@*......
0x00, 0x00, 0x00, 0x00, 0x00, 0x05, 0xff, 0xff, 0xd0, 0x00, 0x00, 0x00, 	//...........+@@@@@.......
0x00, 0x00, 0x00, 0x00, 0x00, 0x1e, 0xff, 0xff, 0x30, 0x00, 0x00, 0x00, 	//..........+@@@@@+.......
0x00, 0x00, 0x00, 0x00, 0x00, 0x9f, 0xff, 0xf8, 0x00, 0x00, 0x00, 0x00, 	//..........%@@@@*........
0x00, 0x00, 0x00, 0x00, 0x04, 0xff, 0xff, 0xd0, 0x00, 0x00, 0x00, 0x00, 	//.........+@@@@@.........
0x00, 0x00, 0x00, 0x00, 0x0d, 0xff, 0xff, 0x40, 0x00, 0x00, 0x00, 0x00, 	//.........@@@@@+.........
0x00, 0x00, 0x00, 0x00, 0x8f, 0xff, 0xfa, 0x00, 0x00, 0x00, 0x00, 0x00, 	//........*@@@@%..........
0x00, 0x00, 0x00, 0x02, 0xff, 0xff, 0xe1, 0x00, 0x00, 0x00, 0x00, 0x00, 	//.......+@@@@@+..........
0x00, 0x00, 0x00, 0x0c, 0xff, 0xff, 0x50, 0x00, 0x00, 0x00, 0x00, 0x00, 	//.......@@@@@+...........
0x00, 0x00, 0x00, 0x6f, 0xff, 0xfb, 0x00, 0x00, 0x00, 0x00, 0x00, 0x00, 	//......*@@@@%............
0x00, 0x00, 0x01, 0xff, 0xff, 0xf1, 0x00, 0x00, 0x00, 0x00, 0x00, 0x00, 	//.....+@@@@@+............
0x00, 0x00, 0x0b, 0xff, 0xff, 0x60, 0x00, 0x00, 0x00, 0x00, 0x00, 0x00, 	//.....%@@@@*.............
0x00, 0x00, 0x5f, 0xff, 0xfc, 0x00, 0x00, 0x00, 0x00, 0x00, 0x00, 0x00, 	//....+@@@@@..............
0x00, 0x01, 0xef, 0xff, 0xf2, 0x00, 0x00, 0x00, 0x00, 0x00, 0x00, 0x00, 	//...+@@@@@+..............
0x00, 0x09, 0xff, 0xff, 0x80, 0x00, 0x00, 0x00, 0x00, 0x00, 0x00, 0x00, 	//...%@@@@*...............
0x00, 0x4f, 0xff, 0xfd, 0x00, 0x00, 0x00, 0x00, 0x00, 0x00, 0x00, 0x00, 	//..+@@@@@................
0x00, 0xdf, 0xff, 0xf3, 0x00, 0x00, 0x00, 0x00, 0x00, 0x00, 0x00, 0x00, 	//..@@@@@+................
0x08, 0xff, 0xff, 0x90, 0x00, 0x00, 0x00, 0x00, 0x00, 0x00, 0x00, 0x00, 	//.*@@@@%.................
0x2f, 0xff, 0xfe, 0x00, 0x00, 0x00, 0x00, 0x00, 0x00, 0x00, 0x00, 0x00, 	//+@@@@@..................
0x0e, 0xff, 0xff, 0x20, 0x00, 0x00, 0x00, 0x00, 0x00, 0x00, 0x00, 0x00, 	//.@@@@@+.................
0x04, 0xff, 0xff, 0xc0, 0x00, 0x00, 0x00, 0x00, 0x00, 0x00, 0x00, 0x00, 	//.+@@@@@.................
0x00, 0xaf, 0xff, 0xf7, 0x00, 0x00, 0x00, 0x00, 0x00, 0x00, 0x00, 0x00, 	//..%@@@@*................
0x00, 0x1f, 0xff, 0xff, 0x20, 0x00, 0x00, 0x00, 0x00, 0x00, 0x00, 0x00, 	//..+@@@@@+...............
0x00, 0x06, 0xff, 0xff, 0xb0, 0x00, 0x00, 0x00, 0x00, 0x00, 0x00, 0x00, 	//...*@@@@%...............
0x00, 0x00, 0xcf, 0xff, 0xf5, 0x00, 0x00, 0x00, 0x00, 0x00, 0x00, 0x00, 	//....@@@@@+..............
0x00, 0x00, 0x2f, 0xff, 0xfe, 0x10, 0x00, 0x00, 0x00, 0x00, 0x00, 0x00, 	//....+@@@@@+.............
0x00, 0x00, 0x07, 0xff, 0xff, 0xa0, 0x00, 0x00, 0x00, 0x00, 0x00, 0x00, 	//.....*@@@@%.............
0x00, 0x00, 0x00, 0xdf, 0xff, 0xf4, 0x00, 0x00, 0x00, 0x00, 0x00, 0x00, 	//......@@@@@+............
0x00, 0x00, 0x00, 0x3f, 0xff, 0xfe, 0x00, 0x00, 0x00, 0x00, 0x00, 0x00, 	//......+@@@@@............
0x00, 0x00, 0x00, 0x09, 0xff, 0xff, 0x90, 0x00, 0x00, 0x00, 0x00, 0x00, 	//.......%@@@@%...........
0x00, 0x00, 0x00, 0x00, 0xef, 0xff, 0xf3, 0x00, 0x00, 0x00, 0x00, 0x00, 	//........@@@@@+..........
0x00, 0x00, 0x00, 0x00, 0x4f, 0xff, 0xfd, 0x00, 0x00, 0x00, 0x00, 0x00, 	//........+@@@@@..........
0x00, 0x00, 0x00, 0x00, 0x0a, 0xff, 0xff, 0x70, 0x00, 0x00, 0x00, 0x00, 	//.........%@@@@*.........
0x00, 0x00, 0x00, 0x00, 0x01, 0xef, 0xff, 0xf2, 0x00, 0x00, 0x00, 0x00, 	//.........+@@@@@+........
0x00, 0x00, 0x00, 0x00, 0x00, 0x6f, 0xff, 0xfc, 0x00, 0x00, 0x00, 0x00, 	//..........*@@@@@........
0x00, 0x00, 0x00, 0x00, 0x00, 0x0c, 0xff, 0xff, 0x60, 0x00, 0x00, 0x00, 	//...........@@@@@*.......
0x00, 0x00, 0x00, 0x00, 0x00, 0x02, 0xff, 0xff, 0xf1, 0x00, 0x00, 0x00, 	//...........+@@@@@+......
0x00, 0x00, 0x00, 0x00, 0x00, 0x00, 0x7f, 0xff, 0xfb, 0x00, 0x00, 0x00, 	//............*@@@@%......
0x00, 0x00, 0x00, 0x00, 0x00, 0x00, 0x0d, 0xff, 0xff, 0x50, 0x00, 0x00, 	//.............@@@@@+.....
0x00, 0x00, 0x00, 0x00, 0x00, 0x00, 0x03, 0xff, 0xff, 0xe1, 0x00, 0x00, 	//.............+@@@@@+....
0x00, 0x00, 0x00, 0x00, 0x00, 0x00, 0x00, 0x9f, 0xff, 0xf9, 0x00, 0x00, 	//..............%@@@@%....
0x00, 0x00, 0x00, 0x00, 0x00, 0x00, 0x00, 0x0e, 0xff, 0xff, 0x40, 0x00, 	//...............@@@@@+...
0x00, 0x00, 0x00, 0x00, 0x00, 0x00, 0x00, 0x04, 0xff, 0xff, 0xd0, 0x00, 	//...............+@@@@@...
0x00, 0x00, 0x00, 0x00, 0x00, 0x00, 0x00, 0x00, 0xaf, 0xff, 0xf8, 0x00, 	//................%@@@@*..
0x00, 0x00, 0x00, 0x00, 0x00, 0x00, 0x00, 0x00, 0x1e, 0xff, 0xff, 0x30, 	//................+@@@@@+.
0x00, 0x00, 0x00, 0x00, 0x00, 0x00, 0x00, 0x00, 0x06, 0xff, 0xff, 0xc0, 	//.................*@@@@@.
0x00, 0x00, 0x00, 0x00, 0x00, 0x00, 0x00, 0x00, 0x00, 0xbf, 0xff, 0xf6, 	//..................%@@@@*
0x00, 0x00, 0x00, 0x00, 0x00, 0x00, 0x00, 0x00, 0x00, 0x2f, 0xfc, 0x50, 	//..................+@@@+.
0x00, 0x00, 0x00, 0x00, 0x00, 0x00, 0x00, 0x00, 0x00, 0x05, 0x40, 0x00, 	//...................++...


/* 〉 */
0x00, 0x29, 0xa0, 0x00, 0x00, 0x00, 0x00, 0x00, 0x00, 0x00, 0x00, 0x00, 	//..+%%...................
0x3a, 0xff, 0xf5, 0x00, 0x00, 0x00, 0x00, 0x00, 0x00, 0x00, 0x00, 0x00, 	//+%@@@+..................
0x4f, 0xff, 0xfe, 0x00, 0x00, 0x00, 0x00, 0x00, 0x00, 0x00, 0x00, 0x00, 	//+@@@@@..................
0x0a, 0xff, 0xff, 0x90, 0x00, 0x00, 0x00, 0x00, 0x00, 0x00, 0x00, 0x00, 	//.%@@@@%.................
0x01, 0xef, 0xff, 0xf3, 0x00, 0x00, 0x00, 0x00, 0x00, 0x00, 0x00, 0x00, 	//.+@@@@@+................
0x00, 0x5f, 0xff, 0xfd, 0x00, 0x00, 0x00, 0x00, 0x00, 0x00, 0x00, 0x00, 	//..+@@@@@................
0x00, 0x0b, 0xff, 0xff, 0x70, 0x00, 0x00, 0x00, 0x00, 0x00, 0x00, 0x00, 	//...%@@@@*...............
0x00, 0x01, 0xff, 0xff, 0xf2, 0x00, 0x00, 0x00, 0x00, 0x00, 0x00, 0x00, 	//...+@@@@@+..............
0x00, 0x00, 0x6f, 0xff, 0xfc, 0x00, 0x00, 0x00, 0x00, 0x00, 0x00, 0x00, 	//....*@@@@@..............
0x00, 0x00, 0x0c, 0xff, 0xff, 0x60, 0x00, 0x00, 0x00, 0x00, 0x00, 0x00, 	//.....@@@@@*.............
0x00, 0x00, 0x02, 0xff, 0xff, 0xf1, 0x00, 0x00, 0x00, 0x00, 0x00, 0x00, 	//.....+@@@@@+............
0x00, 0x00, 0x00, 0x8f, 0xff, 0xfa, 0x00, 0x00, 0x00, 0x00, 0x00, 0x00, 	//......*@@@@%............
0x00, 0x00, 0x00, 0x0d, 0xff, 0xff, 0x50, 0x00, 0x00, 0x00, 0x00, 0x00, 	//.......@@@@@+...........
0x00, 0x00, 0x00, 0x03, 0xff, 0xff, 0xe0, 0x00, 0x00, 0x00, 0x00, 0x00, 	//.......+@@@@@...........
0x00, 0x00, 0x00, 0x00, 0x9f, 0xff, 0xf9, 0x00, 0x00, 0x00, 0x00, 0x00, 	//........%@@@@%..........
0x00, 0x00, 0x00, 0x00, 0x0e, 0xff, 0xff, 0x30, 0x00, 0x00, 0x00, 0x00, 	//.........@@@@@+.........
0x00, 0x00, 0x00, 0x00, 0x04, 0xff, 0xff, 0xd0, 0x00, 0x00, 0x00, 0x00, 	//.........+@@@@@.........
0x00, 0x00, 0x00, 0x00, 0x00, 0xaf, 0xff, 0xf8, 0x00, 0x00, 0x00, 0x00, 	//..........%@@@@*........
0x00, 0x00, 0x00, 0x00, 0x00, 0x1e, 0xff, 0xff, 0x20, 0x00, 0x00, 0x00, 	//..........+@@@@@+.......
0x00, 0x00, 0x00, 0x00, 0x00, 0x06, 0xff, 0xff, 0xc0, 0x00, 0x00, 0x00, 	//...........*@@@@@.......
0x00, 0x00, 0x00, 0x00, 0x00, 0x00, 0xbf, 0xff, 0xf6, 0x00, 0x00, 0x00, 	//............%@@@@*......
0x00, 0x00, 0x00, 0x00, 0x00, 0x00, 0x2f, 0xff, 0xff, 0x10, 0x00, 0x00, 	//............+@@@@@+.....
0x00, 0x00, 0x00, 0x00, 0x00, 0x00, 0x07, 0xff, 0xff, 0xb0, 0x00, 0x00, 	//.............*@@@@%.....
0x00, 0x00, 0x00, 0x00, 0x00, 0x00, 0x00, 0xcf, 0xff, 0xf5, 0x00, 0x00, 	//..............@@@@@+....
0x00, 0x00, 0x00, 0x00, 0x00, 0x00, 0x00, 0x3f, 0xff, 0xfe, 0x10, 0x00, 	//..............+@@@@@+...
0x00, 0x00, 0x00, 0x00, 0x00, 0x00, 0x00, 0x08, 0xff, 0xff, 0x90, 0x00, 	//...............*@@@@%...
0x00, 0x00, 0x00, 0x00, 0x00, 0x00, 0x00, 0x00, 0xdf, 0xff, 0xf3, 0x00, 	//................@@@@@+..
0x00, 0x00, 0x00, 0x00, 0x00, 0x00, 0x00, 0x00, 0x4f, 0xff, 0xfd, 0x00, 	//................+@@@@@..
0x00, 0x00, 0x00, 0x00, 0x00, 0x00, 0x00, 0x00, 0x09, 0xff, 0xff, 0x80, 	//.................%@@@@*.
0x00, 0x00, 0x00, 0x00, 0x00, 0x00, 0x00, 0x00, 0x01, 0xef, 0xff, 0xf2, 	//.................+@@@@@+
0x00, 0x00, 0x00, 0x00, 0x00, 0x00, 0x00, 0x00, 0x03, 0xff, 0xff, 0xe0, 	//.................+@@@@@.
0x00, 0x00, 0x00, 0x00, 0x00, 0x00, 0x00, 0x00, 0x0d, 0xff, 0xff, 0x40, 	//.................@@@@@+.
0x00, 0x00, 0x00, 0x00, 0x00, 0x00, 0x00, 0x00, 0x7f, 0xff, 0xfa, 0x00, 	//................*@@@@%..
0x00, 0x00, 0x00, 0x00, 0x00, 0x00, 0x00, 0x02, 0xff, 0xff, 0xe1, 0x00, 	//...............+@@@@@+..
0x00, 0x00, 0x00, 0x00, 0x00, 0x00, 0x00, 0x0c, 0xff, 0xff, 0x60, 0x00, 	//...............@@@@@*...
0x00, 0x00, 0x00, 0x00, 0x00, 0x00, 0x00, 0x6f, 0xff, 0xfb, 0x00, 0x00, 	//..............*@@@@%....
0x00, 0x00, 0x00, 0x00, 0x00, 0x00, 0x01, 0xff, 0xff, 0xf2, 0x00, 0x00, 	//.............+@@@@@+....
0x00, 0x00, 0x00, 0x00, 0x00, 0x00, 0x0a, 0xff, 0xff, 0x70, 0x00, 0x00, 	//.............%@@@@*.....
0x00, 0x00, 0x00, 0x00, 0x00, 0x00, 0x5f, 0xff, 0xfd, 0x00, 0x00, 0x00, 	//............+@@@@@......
0x00, 0x00, 0x00, 0x00, 0x00, 0x01, 0xef, 0xff, 0xf3, 0x00, 0x00, 0x00, 	//...........+@@@@@+......
0x00, 0x00, 0x00, 0x00, 0x00, 0x09, 0xff, 0xff, 0x80, 0x00, 0x00, 0x00, 	//...........%@@@@*.......
0x00, 0x00, 0x00, 0x00, 0x00, 0x3f, 0xff, 0xfe, 0x00, 0x00, 0x00, 0x00, 	//..........+@@@@@........
0x00, 0x00, 0x00, 0x00, 0x00, 0xdf, 0xff, 0xf4, 0x00, 0x00, 0x00, 0x00, 	//..........@@@@@+........
0x00, 0x00, 0x00, 0x00, 0x08, 0xff, 0xff, 0xa0, 0x00, 0x00, 0x00, 0x00, 	//.........*@@@@%.........
0x00, 0x00, 0x00, 0x00, 0x2f, 0xff, 0xfe, 0x10, 0x00, 0x00, 0x00, 0x00, 	//........+@@@@@+.........
0x00, 0x00, 0x00, 0x00, 0xcf, 0xff, 0xf5, 0x00, 0x00, 0x00, 0x00, 0x00, 	//........@@@@@+..........
0x00, 0x00, 0x00, 0x07, 0xff, 0xff, 0xb0, 0x00, 0x00, 0x00, 0x00, 0x00, 	//.......*@@@@%...........
0x00, 0x00, 0x00, 0x2f, 0xff, 0xff, 0x20, 0x00, 0x00, 0x00, 0x00, 0x00, 	//......+@@@@@+...........
0x00, 0x00, 0x00, 0xbf, 0xff, 0xf7, 0x00, 0x00, 0x00, 0x00, 0x00, 0x00, 	//......%@@@@*............
0x00, 0x00, 0x05, 0xff, 0xff, 0xc0, 0x00, 0x00, 0x00, 0x00, 0x00, 0x00, 	//.....+@@@@@.............
0x00, 0x00, 0x1e, 0xff, 0xff, 0x30, 0x00, 0x00, 0x00, 0x00, 0x00, 0x00, 	//....+@@@@@+.............
0x00, 0x00, 0xaf, 0xff, 0xf8, 0x00, 0x00, 0x00, 0x00, 0x00, 0x00, 0x00, 	//....%@@@@*..............
0x00, 0x04, 0xff, 0xff, 0xd0, 0x00, 0x00, 0x00, 0x00, 0x00, 0x00, 0x00, 	//...+@@@@@...............
0x00, 0x0e, 0xff, 0xff, 0x40, 0x00, 0x00, 0x00, 0x00, 0x00, 0x00, 0x00, 	//...@@@@@+...............
0x00, 0x9f, 0xff, 0xfa, 0x00, 0x00, 0x00, 0x00, 0x00, 0x00, 0x00, 0x00, 	//..%@@@@%................
0x03, 0xff, 0xff, 0xe1, 0x00, 0x00, 0x00, 0x00, 0x00, 0x00, 0x00, 0x00, 	//.+@@@@@+................
0x0d, 0xff, 0xff, 0x50, 0x00, 0x00, 0x00, 0x00, 0x00, 0x00, 0x00, 0x00, 	//.@@@@@+.................
0x7f, 0xff, 0xfb, 0x00, 0x00, 0x00, 0x00, 0x00, 0x00, 0x00, 0x00, 0x00, 	//*@@@@%..................
0x05, 0xcf, 0xf2, 0x00, 0x00, 0x00, 0x00, 0x00, 0x00, 0x00, 0x00, 0x00, 	//.+@@@+..................
0x00, 0x04, 0x50, 0x00, 0x00, 0x00, 0x00, 0x00, 0x00, 0x00, 0x00, 0x00, 	//...++...................


/* 《 */
0x00, 0x00, 0x00, 0x00, 0x00, 0x00, 0x00, 0x3d, 0x83, 0x00, 0x00, 0x00, 0x1d, 0x83, 0x00, 	//..............+@*+......+@*+..
0x00, 0x00, 0x00, 0x00, 0x00, 0x00, 0x00, 0xaf, 0xff, 0x50, 0x00, 0x00, 0x8f, 0xff, 0x60, 	//..............%@@@+.....*@@@*.
0x00, 0x00, 0x00, 0x00, 0x00, 0x00, 0x02, 0xff, 0xfe, 0x00, 0x00, 0x01, 0xff, 0xfe, 0x00, 	//.............+@@@@.....+@@@@..
0x00, 0x00, 0x00, 0x00, 0x00, 0x00, 0x09, 0xff, 0xf7, 0x00, 0x00, 0x08, 0xff, 0xf7, 0x00, 	//.............%@@@*.....*@@@*..
0x00, 0x00, 0x00, 0x00, 0x00, 0x00, 0x1f, 0xff, 0xe0, 0x00, 0x00, 0x0e, 0xff, 0xf1, 0x00, 	//............+@@@@......@@@@+..
0x00, 0x00, 0x00, 0x00, 0x00, 0x00, 0x9f, 0xff, 0x70, 0x00, 0x00, 0x7f, 0xff, 0x80, 0x00, 	//............%@@@*.....*@@@*...
0x00, 0x00, 0x00, 0x00, 0x00, 0x01, 0xff, 0xff, 0x00, 0x00, 0x00, 0xef, 0xff, 0x10, 0x00, 	//...........+@@@@......@@@@+...
0x00, 0x00, 0x00, 0x00, 0x00, 0x08, 0xff, 0xf8, 0x00, 0x00, 0x06, 0xff, 0xf9, 0x00, 0x00, 	//...........*@@@*.....*@@@%....
0x00, 0x00, 0x00, 0x00, 0x00, 0x0f, 0xff, 0xf1, 0x00, 0x00, 0x0d, 0xff, 0xf1, 0x00, 0x00, 	//...........@@@@+.....@@@@+....
0x00, 0x00, 0x00, 0x00, 0x00, 0x7f, 0xff, 0x80, 0x00, 0x00, 0x5f, 0xff, 0x90, 0x00, 0x00, 	//..........*@@@*.....+@@@%.....
0x00, 0x00, 0x00, 0x00, 0x00, 0xef, 0xff, 0x10, 0x00, 0x00, 0xdf, 0xff, 0x20, 0x00, 0x00, 	//..........@@@@+.....@@@@+.....
0x00, 0x00, 0x00, 0x00, 0x06, 0xff, 0xf9, 0x00, 0x00, 0x05, 0xff, 0xfa, 0x00, 0x00, 0x00, 	//.........*@@@%.....+@@@%......
0x00, 0x00, 0x00, 0x00, 0x0e, 0xff, 0xf2, 0x00, 0x00, 0x0c, 0xff, 0xf2, 0x00, 0x00, 0x00, 	//.........@@@@+.....@@@@+......
0x00, 0x00, 0x00, 0x00, 0x6f, 0xff, 0x90, 0x00, 0x00, 0x4f, 0xff, 0xb0, 0x00, 0x00, 0x00, 	//........*@@@%.....+@@@%.......
0x00, 0x00, 0x00, 0x00, 0xdf, 0xff, 0x20, 0x00, 0x00, 0xbf, 0xff, 0x30, 0x00, 0x00, 0x00, 	//........@@@@+.....%@@@+.......
0x00, 0x00, 0x00, 0x05, 0xff, 0xfa, 0x00, 0x00, 0x03, 0xff, 0xfb, 0x00, 0x00, 0x00, 0x00, 	//.......+@@@%.....+@@@%........
0x00, 0x00, 0x00, 0x0c, 0xff, 0xf2, 0x00, 0x00, 0x0b, 0xff, 0xf4, 0x00, 0x00, 0x00, 0x00, 	//.......@@@@+.....%@@@+........
0x00, 0x00, 0x00, 0x4f, 0xff, 0xb0, 0x00, 0x00, 0x2f, 0xff, 0xc0, 0x00, 0x00, 0x00, 0x00, 	//......+@@@%.....+@@@@.........
0x00, 0x00, 0x00, 0xcf, 0xff, 0x30, 0x00, 0x00, 0xaf, 0xff, 0x40, 0x00, 0x00, 0x00, 0x00, 	//......@@@@+.....%@@@+.........
0x00, 0x00, 0x03, 0xff, 0xfb, 0x00, 0x00, 0x02, 0xff, 0xfd, 0x00, 0x00, 0x00, 0x00, 0x00, 	//.....+@@@%.....+@@@@..........
0x00, 0x00, 0x0b, 0xff, 0xf3, 0x00, 0x00, 0x09, 0xff, 0xf5, 0x00, 0x00, 0x00, 0x00, 0x00, 	//.....%@@@+.....%@@@+..........
0x00, 0x00, 0x3f, 0xff, 0xc0, 0x00, 0x00, 0x1f, 0xff, 0xd0, 0x00, 0x00, 0x00, 0x00, 0x00, 	//....+@@@@.....+@@@@...........
0x00, 0x00, 0xaf, 0xff, 0x40, 0x00, 0x00, 0x8f, 0xff, 0x60, 0x00, 0x00, 0x00, 0x00, 0x00, 	//....%@@@+.....*@@@*...........
0x00, 0x02, 0xff, 0xfc, 0x00, 0x00, 0x01, 0xff, 0xfe, 0x00, 0x00, 0x00, 0x00, 0x00, 0x00, 	//...+@@@@.....+@@@@............
0x00, 0x09, 0xff, 0xf5, 0x00, 0x00, 0x08, 0xff, 0xf6, 0x00, 0x00, 0x00, 0x00, 0x00, 0x00, 	//...%@@@+.....*@@@*............
0x00, 0x1f, 0xff, 0xd0, 0x00, 0x00, 0x0e, 0xff, 0xe0, 0x00, 0x00, 0x00, 0x00, 0x00, 0x00, 	//..+@@@@......@@@@.............
0x00, 0x9f, 0xff, 0x50, 0x00, 0x00, 0x7f, 0xff, 0x70, 0x00, 0x00, 0x00, 0x00, 0x00, 0x00, 	//..%@@@+.....*@@@*.............
0x01, 0xff, 0xfd, 0x00, 0x00, 0x00, 0xef, 0xfe, 0x00, 0x00, 0x00, 0x00, 0x00, 0x00, 0x00, 	//.+@@@@......@@@@..............
0x08, 0xff, 0xf6, 0x00, 0x00, 0x06, 0xff, 0xf7, 0x00, 0x00, 0x00, 0x00, 0x00, 0x00, 0x00, 	//.*@@@*.....*@@@*..............
0x0f, 0xff, 0xe0, 0x00, 0x00, 0x0d, 0xff, 0xf1, 0x00, 0x00, 0x00, 0x00, 0x00, 0x00, 0x00, 	//.@@@@......@@@@+..............
0x0d, 0xff, 0xf1, 0x00, 0x00, 0x0b, 0xff, 0xf2, 0x00, 0x00, 0x00, 0x00, 0x00, 0x00, 0x00, 	//.@@@@+.....%@@@+..............
0x05, 0xff, 0xf8, 0x00, 0x00, 0x04, 0xff, 0xfa, 0x00, 0x00, 0x00, 0x00, 0x00, 0x00, 0x00, 	//.+@@@*.....+@@@%..............
0x00, 0xdf, 0xff, 0x10, 0x00, 0x00, 0xcf, 0xff, 0x20, 0x00, 0x00, 0x00, 0x00, 0x00, 0x00, 	//..@@@@+.....@@@@+.............
0x00, 0x6f, 0xff, 0x80, 0x00, 0x00, 0x4f, 0xff, 0x90, 0x00, 0x00, 0x00, 0x00, 0x00, 0x00, 	//..*@@@*.....+@@@%.............
0x00, 0x0e, 0xff, 0xf0, 0x00, 0x00, 0x0d, 0xff, 0xf1, 0x00, 0x00, 0x00, 0x00, 0x00, 0x00, 	//...@@@@......@@@@+............
0x00, 0x07, 0xff, 0xf7, 0x00, 0x00, 0x05, 0xff, 0xf9, 0x00, 0x00, 0x00, 0x00, 0x00, 0x00, 	//...*@@@*.....+@@@%............
0x00, 0x00, 0xef, 0xfe, 0x00, 0x00, 0x00, 0xdf, 0xff, 0x10, 0x00, 0x00, 0x00, 0x00, 0x00, 	//....@@@@......@@@@+...........
0x00, 0x00, 0x8f, 0xff, 0x70, 0x00, 0x00, 0x6f, 0xff, 0x80, 0x00, 0x00, 0x00, 0x00, 0x00, 	//....*@@@*.....*@@@*...........
0x00, 0x00, 0x1f, 0xff, 0xe0, 0x00, 0x00, 0x0e, 0xff, 0xf1, 0x00, 0x00, 0x00, 0x00, 0x00, 	//....+@@@@......@@@@+..........
0x00, 0x00, 0x08, 0xff, 0xf6, 0x00, 0x00, 0x07, 0xff, 0xf8, 0x00, 0x00, 0x00, 0x00, 0x00, 	//.....*@@@*.....*@@@*..........
0x00, 0x00, 0x01, 0xff, 0xfe, 0x00, 0x00, 0x00, 0xef, 0xfe, 0x00, 0x00, 0x00, 0x00, 0x00, 	//.....+@@@@......@@@@..........
0x00, 0x00, 0x00, 0x9f, 0xff, 0x60, 0x00, 0x00, 0x7f, 0xff, 0x70, 0x00, 0x00, 0x00, 0x00, 	//......%@@@*.....*@@@*.........
0x00, 0x00, 0x00, 0x2f, 0xff, 0xd0, 0x00, 0x00, 0x1f, 0xff, 0xe0, 0x00, 0x00, 0x00, 0x00, 	//......+@@@@.....+@@@@.........
0x00, 0x00, 0x00, 0x0a, 0xff, 0xf5, 0x00, 0x00, 0x08, 0xff, 0xf6, 0x00, 0x00, 0x00, 0x00, 	//.......%@@@+.....*@@@*........
0x00, 0x00, 0x00, 0x02, 0xff, 0xfd, 0x00, 0x00, 0x01, 0xff, 0xfe, 0x00, 0x00, 0x00, 0x00, 	//.......+@@@@.....+@@@@........
0x00, 0x00, 0x00, 0x00, 0xbf, 0xff, 0x40, 0x00, 0x00, 0x9f, 0xff, 0x60, 0x00, 0x00, 0x00, 	//........%@@@+.....%@@@*.......
0x00, 0x00, 0x00, 0x00, 0x3f, 0xff, 0xc0, 0x00, 0x00, 0x2f, 0xff, 0xd0, 0x00, 0x00, 0x00, 	//........+@@@@.....+@@@@.......
0x00, 0x00, 0x00, 0x00, 0x0b, 0xff, 0xf4, 0x00, 0x00, 0x0a, 0xff, 0xf5, 0x00, 0x00, 0x00, 	//.........%@@@+.....%@@@+......
0x00, 0x00, 0x00, 0x00, 0x04, 0xff, 0xfc, 0x00, 0x00, 0x02, 0xff, 0xfd, 0x00, 0x00, 0x00, 	//.........+@@@@.....+@@@@......
0x00, 0x00, 0x00, 0x00, 0x00, 0xcf, 0xff, 0x30, 0x00, 0x00, 0xaf, 0xff, 0x40, 0x00, 0x00, 	//..........@@@@+.....%@@@+.....
0x00, 0x00, 0x00, 0x00, 0x00, 0x5f, 0xff, 0xb0, 0x00, 0x00, 0x3f, 0xff, 0xc0, 0x00, 0x00, 	//..........+@@@%.....+@@@@.....
0x00, 0x00, 0x00, 0x00, 0x00, 0x0d, 0xff, 0xf3, 0x00, 0x00, 0x0b, 0xff, 0xf4, 0x00, 0x00, 	//...........@@@@+.....%@@@+....
0x00, 0x00, 0x00, 0x00, 0x00, 0x05, 0xff, 0xfa, 0x00, 0x00, 0x04, 0xff, 0xfb, 0x00, 0x00, 	//...........+@@@%.....+@@@%....
0x00, 0x00, 0x00, 0x00, 0x00, 0x00, 0xdf, 0xff, 0x20, 0x00, 0x00, 0xcf, 0xff, 0x30, 0x00, 	//............@@@@+.....@@@@+...
0x00, 0x00, 0x00, 0x00, 0x00, 0x00, 0x6f, 0xff, 0xa0, 0x00, 0x00, 0x4f, 0xff, 0xb0, 0x00, 	//............*@@@%.....+@@@%...
0x00, 0x00, 0x00, 0x00, 0x00, 0x00, 0x0e, 0xff, 0xf2, 0x00, 0x00, 0x0d, 0xff, 0xf2, 0x00, 	//.............@@@@+.....@@@@+..
0x00, 0x00, 0x00, 0x00, 0x00, 0x00, 0x07, 0xff, 0xf9, 0x00, 0x00, 0x05, 0xff, 0xfa, 0x00, 	//.............*@@@%.....+@@@%..
0x00, 0x00, 0x00, 0x00, 0x00, 0x00, 0x00, 0xef, 0xff, 0x10, 0x00, 0x00, 0xdf, 0xff, 0x20, 	//..............@@@@+.....@@@@+.
0x00, 0x00, 0x00, 0x00, 0x00, 0x00, 0x00, 0x8f, 0xfd, 0x40, 0x00, 0x00, 0x6f, 0xfd, 0x50, 	//..............*@@@+.....*@@@+.
0x00, 0x00, 0x00, 0x00, 0x00, 0x00, 0x00, 0x18, 0x20, 0x00, 0x00, 0x00, 0x08, 0x30, 0x00, 	//..............+*+........*+...


/* 》 */
0x03, 0x9d, 0x00, 0x00, 0x00, 0x03, 0x8d, 0x10, 0x00, 0x00, 0x00, 0x00, 0x00, 0x00, 0x00, 	//.+%@.......+*@+...............
0x7f, 0xff, 0x70, 0x00, 0x00, 0x6f, 0xff, 0x90, 0x00, 0x00, 0x00, 0x00, 0x00, 0x00, 0x00, 	//*@@@*.....*@@@%...............
0x1f, 0xff, 0xe0, 0x00, 0x00, 0x0e, 0xff, 0xf1, 0x00, 0x00, 0x00, 0x00, 0x00, 0x00, 0x00, 	//+@@@@......@@@@+..............
0x09, 0xff, 0xf6, 0x00, 0x00, 0x07, 0xff, 0xf8, 0x00, 0x00, 0x00, 0x00, 0x00, 0x00, 0x00, 	//.%@@@*.....*@@@*..............
0x01, 0xff, 0xfd, 0x00, 0x00, 0x00, 0xef, 0xff, 0x00, 0x00, 0x00, 0x00, 0x00, 0x00, 0x00, 	//.+@@@@......@@@@..............
0x00, 0x9f, 0xff, 0x50, 0x00, 0x00, 0x8f, 0xff, 0x70, 0x00, 0x00, 0x00, 0x00, 0x00, 0x00, 	//..%@@@+.....*@@@*.............
0x00, 0x2f, 0xff, 0xd0, 0x00, 0x00, 0x1f, 0xff, 0xe0, 0x00, 0x00, 0x00, 0x00, 0x00, 0x00, 	//..+@@@@.....+@@@@.............
0x00, 0x0a, 0xff, 0xf5, 0x00, 0x00, 0x08, 0xff, 0xf6, 0x00, 0x00, 0x00, 0x00, 0x00, 0x00, 	//...%@@@+.....*@@@*............
0x00, 0x02, 0xff, 0xfc, 0x00, 0x00, 0x01, 0xff, 0xfe, 0x00, 0x00, 0x00, 0x00, 0x00, 0x00, 	//...+@@@@.....+@@@@............
0x00, 0x00, 0xbf, 0xff, 0x40, 0x00, 0x00, 0x9f, 0xff, 0x60, 0x00, 0x00, 0x00, 0x00, 0x00, 	//....%@@@+.....%@@@*...........
0x00, 0x00, 0x3f, 0xff, 0xb0, 0x00, 0x00, 0x2f, 0xff, 0xd0, 0x00, 0x00, 0x00, 0x00, 0x00, 	//....+@@@%.....+@@@@...........
0x00, 0x00, 0x0b, 0xff, 0xf3, 0x00, 0x00, 0x0a, 0xff, 0xf5, 0x00, 0x00, 0x00, 0x00, 0x00, 	//.....%@@@+.....%@@@+..........
0x00, 0x00, 0x04, 0xff, 0xfb, 0x00, 0x00, 0x02, 0xff, 0xfc, 0x00, 0x00, 0x00, 0x00, 0x00, 	//.....+@@@%.....+@@@@..........
0x00, 0x00, 0x00, 0xcf, 0xff, 0x20, 0x00, 0x00, 0xaf, 0xff, 0x40, 0x00, 0x00, 0x00, 0x00, 	//......@@@@+.....%@@@+.........
0x00, 0x00, 0x00, 0x4f, 0xff, 0xa0, 0x00, 0x00, 0x3f, 0xff, 0xc0, 0x00, 0x00, 0x00, 0x00, 	//......+@@@%.....+@@@@.........
0x00, 0x00, 0x00, 0x0d, 0xff, 0xf2, 0x00, 0x00, 0x0b, 0xff, 0xf3, 0x00, 0x00, 0x00, 0x00, 	//.......@@@@+.....%@@@+........
0x00, 0x00, 0x00, 0x05, 0xff, 0xf9, 0x00, 0x00, 0x03, 0xff, 0xfb, 0x00, 0x00, 0x00, 0x00, 	//.......+@@@%.....+@@@%........
0x00, 0x00, 0x00, 0x00, 0xdf, 0xff, 0x10, 0x00, 0x00, 0xbf, 0xff, 0x30, 0x00, 0x00, 0x00, 	//........@@@@+.....%@@@+.......
0x00, 0x00, 0x00, 0x00, 0x6f, 0xff, 0x80, 0x00, 0x00, 0x4f, 0xff, 0xa0, 0x00, 0x00, 0x00, 	//........*@@@*.....+@@@%.......
0x00, 0x00, 0x00, 0x00, 0x0e, 0xff, 0xf1, 0x00, 0x00, 0x0c, 0xff, 0xf2, 0x00, 0x00, 0x00, 	//.........@@@@+.....@@@@+......
0x00, 0x00, 0x00, 0x00, 0x06, 0xff, 0xf8, 0x00, 0x00, 0x04, 0xff, 0xf9, 0x00, 0x00, 0x00, 	//.........*@@@*.....+@@@%......
0x00, 0x00, 0x00, 0x00, 0x00, 0xef, 0xfe, 0x00, 0x00, 0x00, 0xdf, 0xff, 0x10, 0x00, 0x00, 	//..........@@@@......@@@@+.....
0x00, 0x00, 0x00, 0x00, 0x00, 0x7f, 0xff, 0x70, 0x00, 0x00, 0x5f, 0xff, 0x90, 0x00, 0x00, 	//..........*@@@*.....+@@@%.....
0x00, 0x00, 0x00, 0x00, 0x00, 0x0e, 0xff, 0xe0, 0x00, 0x00, 0x0d, 0xff, 0xf1, 0x00, 0x00, 	//...........@@@@......@@@@+....
0x00, 0x00, 0x00, 0x00, 0x00, 0x07, 0xff, 0xf6, 0x00, 0x00, 0x06, 0xff, 0xf8, 0x00, 0x00, 	//...........*@@@*.....*@@@*....
0x00, 0x00, 0x00, 0x00, 0x00, 0x01, 0xff, 0xfd, 0x00, 0x00, 0x00, 0xef, 0xff, 0x00, 0x00, 	//...........+@@@@......@@@@....
0x00, 0x00, 0x00, 0x00, 0x00, 0x00, 0x8f, 0xff, 0x50, 0x00, 0x00, 0x6f, 0xff, 0x70, 0x00, 	//............*@@@+.....*@@@*...
0x00, 0x00, 0x00, 0x00, 0x00, 0x00, 0x1f, 0xff, 0xd0, 0x00, 0x00, 0x0e, 0xff, 0xe0, 0x00, 	//............+@@@@......@@@@...
0x00, 0x00, 0x00, 0x00, 0x00, 0x00, 0x09, 0xff, 0xf5, 0x00, 0x00, 0x07, 0xff, 0xf6, 0x00, 	//.............%@@@+.....*@@@*..
0x00, 0x00, 0x00, 0x00, 0x00, 0x00, 0x01, 0xff, 0xfc, 0x00, 0x00, 0x00, 0xff, 0xfe, 0x00, 	//.............+@@@@......@@@@..
0x00, 0x00, 0x00, 0x00, 0x00, 0x00, 0x04, 0xff, 0xfa, 0x00, 0x00, 0x02, 0xff, 0xfb, 0x00, 	//.............+@@@%.....+@@@%..
0x00, 0x00, 0x00, 0x00, 0x00, 0x00, 0x0b, 0xff, 0xf2, 0x00, 0x00, 0x0a, 0xff, 0xf4, 0x00, 	//.............%@@@+.....%@@@+..
0x00, 0x00, 0x00, 0x00, 0x00, 0x00, 0x3f, 0xff, 0xa0, 0x00, 0x00, 0x2f, 0xff, 0xc0, 0x00, 	//............+@@@%.....+@@@@...
0x00, 0x00, 0x00, 0x00, 0x00, 0x00, 0xbf, 0xff, 0x30, 0x00, 0x00, 0x9f, 0xff, 0x40, 0x00, 	//............%@@@+.....%@@@+...
0x00, 0x00, 0x00, 0x00, 0x00, 0x02, 0xff, 0xfb, 0x00, 0x00, 0x01, 0xff, 0xfd, 0x00, 0x00, 	//...........+@@@%.....+@@@@....
0x00, 0x00, 0x00, 0x00, 0x00, 0x0a, 0xff, 0xf3, 0x00, 0x00, 0x08, 0xff, 0xf5, 0x00, 0x00, 	//...........%@@@+.....*@@@+....
0x00, 0x00, 0x00, 0x00, 0x00, 0x2f, 0xff, 0xc0, 0x00, 0x00, 0x1f, 0xff, 0xd0, 0x00, 0x00, 	//..........+@@@@.....+@@@@.....
0x00, 0x00, 0x00, 0x00, 0x00, 0x9f, 0xff, 0x40, 0x00, 0x00, 0x8f, 0xff, 0x60, 0x00, 0x00, 	//..........%@@@+.....*@@@*.....
0x00, 0x00, 0x00, 0x00, 0x01, 0xff, 0xfd, 0x00, 0x00, 0x00, 0xef, 0xfe, 0x00, 0x00, 0x00, 	//.........+@@@@......@@@@......
0x00, 0x00, 0x00, 0x00, 0x09, 0xff, 0xf5, 0x00, 0x00, 0x07, 0xff, 0xf7, 0x00, 0x00, 0x00, 	//.........%@@@+.....*@@@*......
0x00, 0x00, 0x00, 0x00, 0x1f, 0xff, 0xd0, 0x00, 0x00, 0x0e, 0xff, 0xe0, 0x00, 0x00, 0x00, 	//........+@@@@......@@@@.......
0x00, 0x00, 0x00, 0x00, 0x8f, 0xff, 0x60, 0x00, 0x00, 0x6f, 0xff, 0x80, 0x00, 0x00, 0x00, 	//........*@@@*.....*@@@*.......
0x00, 0x00, 0x00, 0x01, 0xff, 0xfe, 0x00, 0x00, 0x00, 0xef, 0xff, 0x10, 0x00, 0x00, 0x00, 	//.......+@@@@......@@@@+.......
0x00, 0x00, 0x00, 0x08, 0xff, 0xf7, 0x00, 0x00, 0x06, 0xff, 0xf8, 0x00, 0x00, 0x00, 0x00, 	//.......*@@@*.....*@@@*........
0x00, 0x00, 0x00, 0x0e, 0xff, 0xe0, 0x00, 0x00, 0x0d, 0xff, 0xf1, 0x00, 0x00, 0x00, 0x00, 	//.......@@@@......@@@@+........
0x00, 0x00, 0x00, 0x7f, 0xff, 0x70, 0x00, 0x00, 0x5f, 0xff, 0x90, 0x00, 0x00, 0x00, 0x00, 	//......*@@@*.....+@@@%.........
0x00, 0x00, 0x00, 0xef, 0xff, 0x10, 0x00, 0x00, 0xdf, 0xff, 0x20, 0x00, 0x00, 0x00, 0x00, 	//......@@@@+.....@@@@+.........
0x00, 0x00, 0x06, 0xff, 0xf8, 0x00, 0x00, 0x05, 0xff, 0xfa, 0x00, 0x00, 0x00, 0x00, 0x00, 	//.....*@@@*.....+@@@%..........
0x00, 0x00, 0x0e, 0xff, 0xf1, 0x00, 0x00, 0x0c, 0xff, 0xf2, 0x00, 0x00, 0x00, 0x00, 0x00, 	//.....@@@@+.....@@@@+..........
0x00, 0x00, 0x6f, 0xff, 0x90, 0x00, 0x00, 0x4f, 0xff, 0xb0, 0x00, 0x00, 0x00, 0x00, 0x00, 	//....*@@@%.....+@@@%...........
0x00, 0x00, 0xdf, 0xff, 0x20, 0x00, 0x00, 0xcf, 0xff, 0x30, 0x00, 0x00, 0x00, 0x00, 0x00, 	//....@@@@+.....@@@@+...........
0x00, 0x05, 0xff, 0xfa, 0x00, 0x00, 0x03, 0xff, 0xfb, 0x00, 0x00, 0x00, 0x00, 0x00, 0x00, 	//...+@@@%.....+@@@%............
0x00, 0x0d, 0xff, 0xf2, 0x00, 0x00, 0x0b, 0xff, 0xf4, 0x00, 0x00, 0x00, 0x00, 0x00, 0x00, 	//...@@@@+.....%@@@+............
0x00, 0x4f, 0xff, 0xa0, 0x00, 0x00, 0x3f, 0xff, 0xc0, 0x00, 0x00, 0x00, 0x00, 0x00, 0x00, 	//..+@@@%.....+@@@@.............
0x00, 0xcf, 0xff, 0x30, 0x00, 0x00, 0xaf, 0xff, 0x40, 0x00, 0x00, 0x00, 0x00, 0x00, 0x00, 	//..@@@@+.....%@@@+.............
0x04, 0xff, 0xfb, 0x00, 0x00, 0x02, 0xff, 0xfd, 0x00, 0x00, 0x00, 0x00, 0x00, 0x00, 0x00, 	//.+@@@%.....+@@@@..............
0x0b, 0xff, 0xf3, 0x00, 0x00, 0x0a, 0xff, 0xf5, 0x00, 0x00, 0x00, 0x00, 0x00, 0x00, 0x00, 	//.%@@@+.....%@@@+..............
0x3f, 0xff, 0xc0, 0x00, 0x00, 0x2f, 0xff, 0xd0, 0x00, 0x00, 0x00, 0x00, 0x00, 0x00, 0x00, 	//+@@@@.....+@@@@...............
0x6e, 0xff, 0x40, 0x00, 0x00, 0x4d, 0xff, 0x60, 0x00, 0x00, 0x00, 0x00, 0x00, 0x00, 0x00, 	//*@@@+.....+@@@*...............
0x00, 0x37, 0x00, 0x00, 0x00, 0x00, 0x38, 0x00, 0x00, 0x00, 0x00, 0x00, 0x00, 0x00, 0x00, 	//..+*........+*................


/* 「 */
0x26, 0x66, 0x66, 0x66, 0x66, 0x66, 0x66, 0x66, 0x66, 0x66, 0x50, 	//+*******************+.
0x6f, 0xff, 0xff, 0xff, 0xff, 0xff, 0xff, 0xff, 0xff, 0xff, 0xc0, 	//*@@@@@@@@@@@@@@@@@@@@.
0x6f, 0xff, 0xff, 0xff, 0xff, 0xff, 0xff, 0xff, 0xff, 0xff, 0xc0, 	//*@@@@@@@@@@@@@@@@@@@@.
0x6f, 0xff, 0xff, 0xff, 0xff, 0xff, 0xff, 0xff, 0xff, 0xff, 0xc0, 	//*@@@@@@@@@@@@@@@@@@@@.
0x6f, 0xff, 0xff, 0xff, 0xff, 0xff, 0xff, 0xff, 0xff, 0xff, 0xc0, 	//*@@@@@@@@@@@@@@@@@@@@.
0x6f, 0xff, 0xf5, 0x00, 0x00, 0x00, 0x00, 0x00, 0x00, 0x00, 0x00, 	//*@@@@+................
0x6f, 0xff, 0xf5, 0x00, 0x00, 0x00, 0x00, 0x00, 0x00, 0x00, 0x00, 	//*@@@@+................
0x6f, 0xff, 0xf5, 0x00, 0x00, 0x00, 0x00, 0x00, 0x00, 0x00, 0x00, 	//*@@@@+................
0x6f, 0xff, 0xf5, 0x00, 0x00, 0x00, 0x00, 0x00, 0x00, 0x00, 0x00, 	//*@@@@+................
0x6f, 0xff, 0xf5, 0x00, 0x00, 0x00, 0x00, 0x00, 0x00, 0x00, 0x00, 	//*@@@@+................
0x6f, 0xff, 0xf5, 0x00, 0x00, 0x00, 0x00, 0x00, 0x00, 0x00, 0x00, 	//*@@@@+................
0x6f, 0xff, 0xf5, 0x00, 0x00, 0x00, 0x00, 0x00, 0x00, 0x00, 0x00, 	//*@@@@+................
0x6f, 0xff, 0xf5, 0x00, 0x00, 0x00, 0x00, 0x00, 0x00, 0x00, 0x00, 	//*@@@@+................
0x6f, 0xff, 0xf5, 0x00, 0x00, 0x00, 0x00, 0x00, 0x00, 0x00, 0x00, 	//*@@@@+................
0x6f, 0xff, 0xf5, 0x00, 0x00, 0x00, 0x00, 0x00, 0x00, 0x00, 0x00, 	//*@@@@+................
0x6f, 0xff, 0xf5, 0x00, 0x00, 0x00, 0x00, 0x00, 0x00, 0x00, 0x00, 	//*@@@@+................
0x6f, 0xff, 0xf5, 0x00, 0x00, 0x00, 0x00, 0x00, 0x00, 0x00, 0x00, 	//*@@@@+................
0x6f, 0xff, 0xf5, 0x00, 0x00, 0x00, 0x00, 0x00, 0x00, 0x00, 0x00, 	//*@@@@+................
0x6f, 0xff, 0xf5, 0x00, 0x00, 0x00, 0x00, 0x00, 0x00, 0x00, 0x00, 	//*@@@@+................
0x6f, 0xff, 0xf5, 0x00, 0x00, 0x00, 0x00, 0x00, 0x00, 0x00, 0x00, 	//*@@@@+................
0x6f, 0xff, 0xf5, 0x00, 0x00, 0x00, 0x00, 0x00, 0x00, 0x00, 0x00, 	//*@@@@+................
0x6f, 0xff, 0xf5, 0x00, 0x00, 0x00, 0x00, 0x00, 0x00, 0x00, 0x00, 	//*@@@@+................
0x6f, 0xff, 0xf5, 0x00, 0x00, 0x00, 0x00, 0x00, 0x00, 0x00, 0x00, 	//*@@@@+................
0x6f, 0xff, 0xf5, 0x00, 0x00, 0x00, 0x00, 0x00, 0x00, 0x00, 0x00, 	//*@@@@+................
0x6f, 0xff, 0xf5, 0x00, 0x00, 0x00, 0x00, 0x00, 0x00, 0x00, 0x00, 	//*@@@@+................
0x6f, 0xff, 0xf5, 0x00, 0x00, 0x00, 0x00, 0x00, 0x00, 0x00, 0x00, 	//*@@@@+................
0x6f, 0xff, 0xf5, 0x00, 0x00, 0x00, 0x00, 0x00, 0x00, 0x00, 0x00, 	//*@@@@+................
0x6f, 0xff, 0xf5, 0x00, 0x00, 0x00, 0x00, 0x00, 0x00, 0x00, 0x00, 	//*@@@@+................
0x6f, 0xff, 0xf5, 0x00, 0x00, 0x00, 0x00, 0x00, 0x00, 0x00, 0x00, 	//*@@@@+................
0x6f, 0xff, 0xf5, 0x00, 0x00, 0x00, 0x00, 0x00, 0x00, 0x00, 0x00, 	//*@@@@+................
0x6f, 0xff, 0xf5, 0x00, 0x00, 0x00, 0x00, 0x00, 0x00, 0x00, 0x00, 	//*@@@@+................
0x6f, 0xff, 0xf5, 0x00, 0x00, 0x00, 0x00, 0x00, 0x00, 0x00, 0x00, 	//*@@@@+................
0x6f, 0xff, 0xf5, 0x00, 0x00, 0x00, 0x00, 0x00, 0x00, 0x00, 0x00, 	//*@@@@+................
0x6f, 0xff, 0xf5, 0x00, 0x00, 0x00, 0x00, 0x00, 0x00, 0x00, 0x00, 	//*@@@@+................
0x6f, 0xff, 0xf5, 0x00, 0x00, 0x00, 0x00, 0x00, 0x00, 0x00, 0x00, 	//*@@@@+................
0x6f, 0xff, 0xf5, 0x00, 0x00, 0x00, 0x00, 0x00, 0x00, 0x00, 0x00, 	//*@@@@+................
0x6f, 0xff, 0xf5, 0x00, 0x00, 0x00, 0x00, 0x00, 0x00, 0x00, 0x00, 	//*@@@@+................
0x6f, 0xff, 0xf5, 0x00, 0x00, 0x00, 0x00, 0x00, 0x00, 0x00, 0x00, 	//*@@@@+................
0x6f, 0xff, 0xf5, 0x00, 0x00, 0x00, 0x00, 0x00, 0x00, 0x00, 0x00, 	//*@@@@+................
0x6f, 0xff, 0xf5, 0x00, 0x00, 0x00, 0x00, 0x00, 0x00, 0x00, 0x00, 	//*@@@@+................
0x6f, 0xff, 0xf5, 0x00, 0x00, 0x00, 0x00, 0x00, 0x00, 0x00, 0x00, 	//*@@@@+................
0x6f, 0xff, 0xf5, 0x00, 0x00, 0x00, 0x00, 0x00, 0x00, 0x00, 0x00, 	//*@@@@+................
0x4b, 0xbb, 0xb3, 0x00, 0x00, 0x00, 0x00, 0x00, 0x00, 0x00, 0x00, 	//+%%%%+................


/* 」 */
0x00, 0x00, 0x00, 0x00, 0x00, 0x00, 0x00, 0x03, 0xaa, 0xaa, 0x40, 	//...............+%%%%+.
0x00, 0x00, 0x00, 0x00, 0x00, 0x00, 0x00, 0x05, 0xff, 0xff, 0x60, 	//...............+@@@@*.
0x00, 0x00, 0x00, 0x00, 0x00, 0x00, 0x00, 0x05, 0xff, 0xff, 0x60, 	//...............+@@@@*.
0x00, 0x00, 0x00, 0x00, 0x00, 0x00, 0x00, 0x05, 0xff, 0xff, 0x60, 	//...............+@@@@*.
0x00, 0x00, 0x00, 0x00, 0x00, 0x00, 0x00, 0x05, 0xff, 0xff, 0x60, 	//...............+@@@@*.
0x00, 0x00, 0x00, 0x00, 0x00, 0x00, 0x00, 0x05, 0xff, 0xff, 0x60, 	//...............+@@@@*.
0x00, 0x00, 0x00, 0x00, 0x00, 0x00, 0x00, 0x05, 0xff, 0xff, 0x60, 	//...............+@@@@*.
0x00, 0x00, 0x00, 0x00, 0x00, 0x00, 0x00, 0x05, 0xff, 0xff, 0x60, 	//...............+@@@@*.
0x00, 0x00, 0x00, 0x00, 0x00, 0x00, 0x00, 0x05, 0xff, 0xff, 0x60, 	//...............+@@@@*.
0x00, 0x00, 0x00, 0x00, 0x00, 0x00, 0x00, 0x05, 0xff, 0xff, 0x60, 	//...............+@@@@*.
0x00, 0x00, 0x00, 0x00, 0x00, 0x00, 0x00, 0x05, 0xff, 0xff, 0x60, 	//...............+@@@@*.
0x00, 0x00, 0x00, 0x00, 0x00, 0x00, 0x00, 0x05, 0xff, 0xff, 0x60, 	//...............+@@@@*.
0x00, 0x00, 0x00, 0x00, 0x00, 0x00, 0x00, 0x05, 0xff, 0xff, 0x60, 	//...............+@@@@*.
0x00, 0x00, 0x00, 0x00, 0x00, 0x00, 0x00, 0x05, 0xff, 0xff, 0x60, 	//...............+@@@@*.
0x00, 0x00, 0x00, 0x00, 0x00, 0x00, 0x00, 0x05, 0xff, 0xff, 0x60, 	//...............+@@@@*.
0x00, 0x00, 0x00, 0x00, 0x00, 0x00, 0x00, 0x05, 0xff, 0xff, 0x60, 	//...............+@@@@*.
0x00, 0x00, 0x00, 0x00, 0x00, 0x00, 0x00, 0x05, 0xff, 0xff, 0x60, 	//...............+@@@@*.
0x00, 0x00, 0x00, 0x00, 0x00, 0x00, 0x00, 0x05, 0xff, 0xff, 0x60, 	//...............+@@@@*.
0x00, 0x00, 0x00, 0x00, 0x00, 0x00, 0x00, 0x05, 0xff, 0xff, 0x60, 	//...............+@@@@*.
0x00, 0x00, 0x00, 0x00, 0x00, 0x00, 0x00, 0x05, 0xff, 0xff, 0x60, 	//...............+@@@@*.
0x00, 0x00, 0x00, 0x00, 0x00, 0x00, 0x00, 0x05, 0xff, 0xff, 0x60, 	//...............+@@@@*.
0x00, 0x00, 0x00, 0x00, 0x00, 0x00, 0x00, 0x05, 0xff, 0xff, 0x60, 	//...............+@@@@*.
0x00, 0x00, 0x00, 0x00, 0x00, 0x00, 0x00, 0x05, 0xff, 0xff, 0x60, 	//...............+@@@@*.
0x00, 0x00, 0x00, 0x00, 0x00, 0x00, 0x00, 0x05, 0xff, 0xff, 0x60, 	//...............+@@@@*.
0x00, 0x00, 0x00, 0x00, 0x00, 0x00, 0x00, 0x05, 0xff, 0xff, 0x60, 	//...............+@@@@*.
0x00, 0x00, 0x00, 0x00, 0x00, 0x00, 0x00, 0x05, 0xff, 0xff, 0x60, 	//...............+@@@@*.
0x00, 0x00, 0x00, 0x00, 0x00, 0x00, 0x00, 0x05, 0xff, 0xff, 0x60, 	//...............+@@@@*.
0x00, 0x00, 0x00, 0x00, 0x00, 0x00, 0x00, 0x05, 0xff, 0xff, 0x60, 	//...............+@@@@*.
0x00, 0x00, 0x00, 0x00, 0x00, 0x00, 0x00, 0x05, 0xff, 0xff, 0x60, 	//...............+@@@@*.
0x00, 0x00, 0x00, 0x00, 0x00, 0x00, 0x00, 0x05, 0xff, 0xff, 0x60, 	//...............+@@@@*.
0x00, 0x00, 0x00, 0x00, 0x00, 0x00, 0x00, 0x05, 0xff, 0xff, 0x60, 	//...............+@@@@*.
0x00, 0x00, 0x00, 0x00, 0x00, 0x00, 0x00, 0x05, 0xff, 0xff, 0x60, 	//...............+@@@@*.
0x00, 0x00, 0x00, 0x00, 0x00, 0x00, 0x00, 0x05, 0xff, 0xff, 0x60, 	//...............+@@@@*.
0x00, 0x00, 0x00, 0x00, 0x00, 0x00, 0x00, 0x05, 0xff, 0xff, 0x60, 	//...............+@@@@*.
0x00, 0x00, 0x00, 0x00, 0x00, 0x00, 0x00, 0x05, 0xff, 0xff, 0x60, 	//...............+@@@@*.
0x00, 0x00, 0x00, 0x00, 0x00, 0x00, 0x00, 0x05, 0xff, 0xff, 0x60, 	//...............+@@@@*.
0x00, 0x00, 0x00, 0x00, 0x00, 0x00, 0x00, 0x05, 0xff, 0xff, 0x60, 	//...............+@@@@*.
0x00, 0x00, 0x00, 0x00, 0x00, 0x00, 0x00, 0x05, 0xff, 0xff, 0x60, 	//...............+@@@@*.
0xdf, 0xff, 0xff, 0xff, 0xff, 0xff, 0xff, 0xff, 0xff, 0xff, 0x60, 	//@@@@@@@@@@@@@@@@@@@@*.
0xdf, 0xff, 0xff, 0xff, 0xff, 0xff, 0xff, 0xff, 0xff, 0xff, 0x60, 	//@@@@@@@@@@@@@@@@@@@@*.
0xdf, 0xff, 0xff, 0xff, 0xff, 0xff, 0xff, 0xff, 0xff, 0xff, 0x60, 	//@@@@@@@@@@@@@@@@@@@@*.
0xdf, 0xff, 0xff, 0xff, 0xff, 0xff, 0xff, 0xff, 0xff, 0xff, 0x60, 	//@@@@@@@@@@@@@@@@@@@@*.
0x56, 0x66, 0x66, 0x66, 0x66, 0x66, 0x66, 0x66, 0x66, 0x66, 0x20, 	//+*******************+.


/* 『 */
0x11, 0x11, 0x11, 0x11, 0x11, 0x11, 0x11, 0x11, 0x11, 0x11, 0x11, 0x11, 	//++++++++++++++++++++++++
0xaf, 0xff, 0xff, 0xff, 0xff, 0xff, 0xff, 0xff, 0xff, 0xff, 0xff, 0xfc, 	//%@@@@@@@@@@@@@@@@@@@@@@@
0xaf, 0xff, 0xff, 0xff, 0xff, 0xff, 0xff, 0xff, 0xff, 0xff, 0xff, 0xfc, 	//%@@@@@@@@@@@@@@@@@@@@@@@
0xaf, 0x60, 0x00, 0x00, 0x00, 0x00, 0x00, 0x00, 0x00, 0x00, 0x04, 0xfc, 	//%@*..................+@@
0xaf, 0x60, 0x00, 0x00, 0x00, 0x00, 0x00, 0x00, 0x00, 0x00, 0x04, 0xfc, 	//%@*..................+@@
0xaf, 0x60, 0x00, 0x00, 0x00, 0x00, 0x00, 0x00, 0x00, 0x00, 0x04, 0xfc, 	//%@*..................+@@
0xaf, 0x60, 0x00, 0x00, 0x00, 0x00, 0x00, 0x00, 0x00, 0x00, 0x04, 0xfc, 	//%@*..................+@@
0xaf, 0x60, 0x00, 0x00, 0x00, 0x00, 0x00, 0x00, 0x00, 0x00, 0x04, 0xfc, 	//%@*..................+@@
0xaf, 0x60, 0x00, 0x00, 0x01, 0x11, 0x11, 0x11, 0x11, 0x11, 0x15, 0xfc, 	//%@*......+++++++++++++@@
0xaf, 0x60, 0x00, 0x00, 0x0d, 0xff, 0xff, 0xff, 0xff, 0xff, 0xff, 0xfc, 	//%@*......@@@@@@@@@@@@@@@
0xaf, 0x60, 0x00, 0x00, 0x0d, 0xff, 0xff, 0xff, 0xff, 0xff, 0xff, 0xfc, 	//%@*......@@@@@@@@@@@@@@@
0xaf, 0x60, 0x00, 0x00, 0x0d, 0xf4, 0x00, 0x00, 0x00, 0x00, 0x00, 0x00, 	//%@*......@@+............
0xaf, 0x60, 0x00, 0x00, 0x0d, 0xf4, 0x00, 0x00, 0x00, 0x00, 0x00, 0x00, 	//%@*......@@+............
0xaf, 0x60, 0x00, 0x00, 0x0d, 0xf4, 0x00, 0x00, 0x00, 0x00, 0x00, 0x00, 	//%@*......@@+............
0xaf, 0x60, 0x00, 0x00, 0x0d, 0xf4, 0x00, 0x00, 0x00, 0x00, 0x00, 0x00, 	//%@*......@@+............
0xaf, 0x60, 0x00, 0x00, 0x0d, 0xf4, 0x00, 0x00, 0x00, 0x00, 0x00, 0x00, 	//%@*......@@+............
0xaf, 0x60, 0x00, 0x00, 0x0d, 0xf4, 0x00, 0x00, 0x00, 0x00, 0x00, 0x00, 	//%@*......@@+............
0xaf, 0x60, 0x00, 0x00, 0x0d, 0xf4, 0x00, 0x00, 0x00, 0x00, 0x00, 0x00, 	//%@*......@@+............
0xaf, 0x60, 0x00, 0x00, 0x0d, 0xf4, 0x00, 0x00, 0x00, 0x00, 0x00, 0x00, 	//%@*......@@+............
0xaf, 0x60, 0x00, 0x00, 0x0d, 0xf4, 0x00, 0x00, 0x00, 0x00, 0x00, 0x00, 	//%@*......@@+............
0xaf, 0x60, 0x00, 0x00, 0x0d, 0xf4, 0x00, 0x00, 0x00, 0x00, 0x00, 0x00, 	//%@*......@@+............
0xaf, 0x60, 0x00, 0x00, 0x0d, 0xf4, 0x00, 0x00, 0x00, 0x00, 0x00, 0x00, 	//%@*......@@+............
0xaf, 0x60, 0x00, 0x00, 0x0d, 0xf4, 0x00, 0x00, 0x00, 0x00, 0x00, 0x00, 	//%@*......@@+............
0xaf, 0x60, 0x00, 0x00, 0x0d, 0xf4, 0x00, 0x00, 0x00, 0x00, 0x00, 0x00, 	//%@*......@@+............
0xaf, 0x60, 0x00, 0x00, 0x0d, 0xf4, 0x00, 0x00, 0x00, 0x00, 0x00, 0x00, 	//%@*......@@+............
0xaf, 0x60, 0x00, 0x00, 0x0d, 0xf4, 0x00, 0x00, 0x00, 0x00, 0x00, 0x00, 	//%@*......@@+............
0xaf, 0x60, 0x00, 0x00, 0x0d, 0xf4, 0x00, 0x00, 0x00, 0x00, 0x00, 0x00, 	//%@*......@@+............
0xaf, 0x60, 0x00, 0x00, 0x0d, 0xf4, 0x00, 0x00, 0x00, 0x00, 0x00, 0x00, 	//%@*......@@+............
0xaf, 0x60, 0x00, 0x00, 0x0d, 0xf4, 0x00, 0x00, 0x00, 0x00, 0x00, 0x00, 	//%@*......@@+............
0xaf, 0x60, 0x00, 0x00, 0x0d, 0xf4, 0x00, 0x00, 0x00, 0x00, 0x00, 0x00, 	//%@*......@@+............
0xaf, 0x60, 0x00, 0x00, 0x0d, 0xf4, 0x00, 0x00, 0x00, 0x00, 0x00, 0x00, 	//%@*......@@+............
0xaf, 0x60, 0x00, 0x00, 0x0d, 0xf4, 0x00, 0x00, 0x00, 0x00, 0x00, 0x00, 	//%@*......@@+............
0xaf, 0x60, 0x00, 0x00, 0x0d, 0xf4, 0x00, 0x00, 0x00, 0x00, 0x00, 0x00, 	//%@*......@@+............
0xaf, 0x60, 0x00, 0x00, 0x0d, 0xf4, 0x00, 0x00, 0x00, 0x00, 0x00, 0x00, 	//%@*......@@+............
0xaf, 0x60, 0x00, 0x00, 0x0d, 0xf4, 0x00, 0x00, 0x00, 0x00, 0x00, 0x00, 	//%@*......@@+............
0xaf, 0x60, 0x00, 0x00, 0x0d, 0xf4, 0x00, 0x00, 0x00, 0x00, 0x00, 0x00, 	//%@*......@@+............
0xaf, 0x60, 0x00, 0x00, 0x0d, 0xf4, 0x00, 0x00, 0x00, 0x00, 0x00, 0x00, 	//%@*......@@+............
0xaf, 0x60, 0x00, 0x00, 0x0d, 0xf4, 0x00, 0x00, 0x00, 0x00, 0x00, 0x00, 	//%@*......@@+............
0xaf, 0x60, 0x00, 0x00, 0x0d, 0xf4, 0x00, 0x00, 0x00, 0x00, 0x00, 0x00, 	//%@*......@@+............
0xaf, 0x60, 0x00, 0x00, 0x0d, 0xf4, 0x00, 0x00, 0x00, 0x00, 0x00, 0x00, 	//%@*......@@+............
0xaf, 0x60, 0x00, 0x00, 0x0d, 0xf4, 0x00, 0x00, 0x00, 0x00, 0x00, 0x00, 	//%@*......@@+............
0xaf, 0x71, 0x11, 0x11, 0x1d, 0xf4, 0x00, 0x00, 0x00, 0x00, 0x00, 0x00, 	//%@*++++++@@+............
0xaf, 0xff, 0xff, 0xff, 0xff, 0xf4, 0x00, 0x00, 0x00, 0x00, 0x00, 0x00, 	//%@@@@@@@@@@+............
0xaf, 0xff, 0xff, 0xff, 0xff, 0xf4, 0x00, 0x00, 0x00, 0x00, 0x00, 0x00, 	//%@@@@@@@@@@+............


/* 』 */
0x00, 0x00, 0x00, 0x00, 0x00, 0x00, 0x4f, 0xff, 0xff, 0xff, 0xff, 0xfa, 	//............+@@@@@@@@@@%
0x00, 0x00, 0x00, 0x00, 0x00, 0x00, 0x4f, 0xff, 0xff, 0xff, 0xff, 0xfa, 	//............+@@@@@@@@@@%
0x00, 0x00, 0x00, 0x00, 0x00, 0x00, 0x4f, 0xd1, 0x11, 0x11, 0x18, 0xfa, 	//............+@@++++++*@%
0x00, 0x00, 0x00, 0x00, 0x00, 0x00, 0x4f, 0xd0, 0x00, 0x00, 0x07, 0xfa, 	//............+@@......*@%
0x00, 0x00, 0x00, 0x00, 0x00, 0x00, 0x4f, 0xd0, 0x00, 0x00, 0x07, 0xfa, 	//............+@@......*@%
0x00, 0x00, 0x00, 0x00, 0x00, 0x00, 0x4f, 0xd0, 0x00, 0x00, 0x07, 0xfa, 	//............+@@......*@%
0x00, 0x00, 0x00, 0x00, 0x00, 0x00, 0x4f, 0xd0, 0x00, 0x00, 0x07, 0xfa, 	//............+@@......*@%
0x00, 0x00, 0x00, 0x00, 0x00, 0x00, 0x4f, 0xd0, 0x00, 0x00, 0x07, 0xfa, 	//............+@@......*@%
0x00, 0x00, 0x00, 0x00, 0x00, 0x00, 0x4f, 0xd0, 0x00, 0x00, 0x07, 0xfa, 	//............+@@......*@%
0x00, 0x00, 0x00, 0x00, 0x00, 0x00, 0x4f, 0xd0, 0x00, 0x00, 0x07, 0xfa, 	//............+@@......*@%
0x00, 0x00, 0x00, 0x00, 0x00, 0x00, 0x4f, 0xd0, 0x00, 0x00, 0x07, 0xfa, 	//............+@@......*@%
0x00, 0x00, 0x00, 0x00, 0x00, 0x00, 0x4f, 0xd0, 0x00, 0x00, 0x07, 0xfa, 	//............+@@......*@%
0x00, 0x00, 0x00, 0x00, 0x00, 0x00, 0x4f, 0xd0, 0x00, 0x00, 0x07, 0xfa, 	//............+@@......*@%
0x00, 0x00, 0x00, 0x00, 0x00, 0x00, 0x4f, 0xd0, 0x00, 0x00, 0x07, 0xfa, 	//............+@@......*@%
0x00, 0x00, 0x00, 0x00, 0x00, 0x00, 0x4f, 0xd0, 0x00, 0x00, 0x07, 0xfa, 	//............+@@......*@%
0x00, 0x00, 0x00, 0x00, 0x00, 0x00, 0x4f, 0xd0, 0x00, 0x00, 0x07, 0xfa, 	//............+@@......*@%
0x00, 0x00, 0x00, 0x00, 0x00, 0x00, 0x4f, 0xd0, 0x00, 0x00, 0x07, 0xfa, 	//............+@@......*@%
0x00, 0x00, 0x00, 0x00, 0x00, 0x00, 0x4f, 0xd0, 0x00, 0x00, 0x07, 0xfa, 	//............+@@......*@%
0x00, 0x00, 0x00, 0x00, 0x00, 0x00, 0x4f, 0xd0, 0x00, 0x00, 0x07, 0xfa, 	//............+@@......*@%
0x00, 0x00, 0x00, 0x00, 0x00, 0x00, 0x4f, 0xd0, 0x00, 0x00, 0x07, 0xfa, 	//............+@@......*@%
0x00, 0x00, 0x00, 0x00, 0x00, 0x00, 0x4f, 0xd0, 0x00, 0x00, 0x07, 0xfa, 	//............+@@......*@%
0x00, 0x00, 0x00, 0x00, 0x00, 0x00, 0x4f, 0xd0, 0x00, 0x00, 0x07, 0xfa, 	//............+@@......*@%
0x00, 0x00, 0x00, 0x00, 0x00, 0x00, 0x4f, 0xd0, 0x00, 0x00, 0x07, 0xfa, 	//............+@@......*@%
0x00, 0x00, 0x00, 0x00, 0x00, 0x00, 0x4f, 0xd0, 0x00, 0x00, 0x07, 0xfa, 	//............+@@......*@%
0x00, 0x00, 0x00, 0x00, 0x00, 0x00, 0x4f, 0xd0, 0x00, 0x00, 0x07, 0xfa, 	//............+@@......*@%
0x00, 0x00, 0x00, 0x00, 0x00, 0x00, 0x4f, 0xd0, 0x00, 0x00, 0x07, 0xfa, 	//............+@@......*@%
0x00, 0x00, 0x00, 0x00, 0x00, 0x00, 0x4f, 0xd0, 0x00, 0x00, 0x07, 0xfa, 	//............+@@......*@%
0x00, 0x00, 0x00, 0x00, 0x00, 0x00, 0x4f, 0xd0, 0x00, 0x00, 0x07, 0xfa, 	//............+@@......*@%
0x00, 0x00, 0x00, 0x00, 0x00, 0x00, 0x4f, 0xd0, 0x00, 0x00, 0x07, 0xfa, 	//............+@@......*@%
0x00, 0x00, 0x00, 0x00, 0x00, 0x00, 0x4f, 0xd0, 0x00, 0x00, 0x07, 0xfa, 	//............+@@......*@%
0x00, 0x00, 0x00, 0x00, 0x00, 0x00, 0x4f, 0xd0, 0x00, 0x00, 0x07, 0xfa, 	//............+@@......*@%
0x00, 0x00, 0x00, 0x00, 0x00, 0x00, 0x4f, 0xd0, 0x00, 0x00, 0x07, 0xfa, 	//............+@@......*@%
0x00, 0x00, 0x00, 0x00, 0x00, 0x00, 0x4f, 0xd0, 0x00, 0x00, 0x07, 0xfa, 	//............+@@......*@%
0xdf, 0xff, 0xff, 0xff, 0xff, 0xff, 0xff, 0xd0, 0x00, 0x00, 0x07, 0xfa, 	//@@@@@@@@@@@@@@@......*@%
0xdf, 0xff, 0xff, 0xff, 0xff, 0xff, 0xff, 0xd0, 0x00, 0x00, 0x07, 0xfa, 	//@@@@@@@@@@@@@@@......*@%
0xdf, 0x51, 0x11, 0x11, 0x11, 0x11, 0x11, 0x10, 0x00, 0x00, 0x07, 0xfa, 	//@@+++++++++++++......*@%
0xdf, 0x40, 0x00, 0x00, 0x00, 0x00, 0x00, 0x00, 0x00, 0x00, 0x07, 0xfa, 	//@@+..................*@%
0xdf, 0x40, 0x00, 0x00, 0x00, 0x00, 0x00, 0x00, 0x00, 0x00, 0x07, 0xfa, 	//@@+..................*@%
0xdf, 0x40, 0x00, 0x00, 0x00, 0x00, 0x00, 0x00, 0x00, 0x00, 0x07, 0xfa, 	//@@+..................*@%
0xdf, 0x40, 0x00, 0x00, 0x00, 0x00, 0x00, 0x00, 0x00, 0x00, 0x07, 0xfa, 	//@@+..................*@%
0xdf, 0x40, 0x00, 0x00, 0x00, 0x00, 0x00, 0x00, 0x00, 0x00, 0x07, 0xfa, 	//@@+..................*@%
0xdf, 0xff, 0xff, 0xff, 0xff, 0xff, 0xff, 0xff, 0xff, 0xff, 0xff, 0xfa, 	//@@@@@@@@@@@@@@@@@@@@@@@%
0xdf, 0xff, 0xff, 0xff, 0xff, 0xff, 0xff, 0xff, 0xff, 0xff, 0xff, 0xfa, 	//@@@@@@@@@@@@@@@@@@@@@@@%
0x11, 0x11, 0x11, 0x11, 0x11, 0x11, 0x11, 0x11, 0x11, 0x11, 0x11, 0x11, 	//++++++++++++++++++++++++


/* 【 */
0x6f, 0xff, 0xff, 0xff, 0xff, 0xff, 0xff, 0xff, 0xff, 0xf9, 	//*@@@@@@@@@@@@@@@@@@%
0x6f, 0xff, 0xff, 0xff, 0xff, 0xff, 0xff, 0xff, 0xff, 0x90, 	//*@@@@@@@@@@@@@@@@@%.
0x6f, 0xff, 0xff, 0xff, 0xff, 0xff, 0xff, 0xff, 0xf8, 0x00, 	//*@@@@@@@@@@@@@@@@*..
0x6f, 0xff, 0xff, 0xff, 0xff, 0xff, 0xff, 0xff, 0xa0, 0x00, 	//*@@@@@@@@@@@@@@@%...
0x6f, 0xff, 0xff, 0xff, 0xff, 0xff, 0xff, 0xfc, 0x00, 0x00, 	//*@@@@@@@@@@@@@@@....
0x6f, 0xff, 0xff, 0xff, 0xff, 0xff, 0xff, 0xe1, 0x00, 0x00, 	//*@@@@@@@@@@@@@@+....
0x6f, 0xff, 0xff, 0xff, 0xff, 0xff, 0xff, 0x40, 0x00, 0x00, 	//*@@@@@@@@@@@@@+.....
0x6f, 0xff, 0xff, 0xff, 0xff, 0xff, 0xf9, 0x00, 0x00, 0x00, 	//*@@@@@@@@@@@@%......
0x6f, 0xff, 0xff, 0xff, 0xff, 0xff, 0xe1, 0x00, 0x00, 0x00, 	//*@@@@@@@@@@@@+......
0x6f, 0xff, 0xff, 0xff, 0xff, 0xff, 0x60, 0x00, 0x00, 0x00, 	//*@@@@@@@@@@@*.......
0x6f, 0xff, 0xff, 0xff, 0xff, 0xfd, 0x00, 0x00, 0x00, 0x00, 	//*@@@@@@@@@@@........
0x6f, 0xff, 0xff, 0xff, 0xff, 0xf5, 0x00, 0x00, 0x00, 0x00, 	//*@@@@@@@@@@+........
0x6f, 0xff, 0xff, 0xff, 0xff, 0xd0, 0x00, 0x00, 0x00, 0x00, 	//*@@@@@@@@@@.........
0x6f, 0xff, 0xff, 0xff, 0xff, 0x60, 0x00, 0x00, 0x00, 0x00, 	//*@@@@@@@@@*.........
0x6f, 0xff, 0xff, 0xff, 0xff, 0x10, 0x00, 0x00, 0x00, 0x00, 	//*@@@@@@@@@+.........
0x6f, 0xff, 0xff, 0xff, 0xfa, 0x00, 0x00, 0x00, 0x00, 0x00, 	//*@@@@@@@@%..........
0x6f, 0xff, 0xff, 0xff, 0xf4, 0x00, 0x00, 0x00, 0x00, 0x00, 	//*@@@@@@@@+..........
0x6f, 0xff, 0xff, 0xff, 0xf0, 0x00, 0x00, 0x00, 0x00, 0x00, 	//*@@@@@@@@...........
0x6f, 0xff, 0xff, 0xff, 0xb0, 0x00, 0x00, 0x00, 0x00, 0x00, 	//*@@@@@@@%...........
0x6f, 0xff, 0xff, 0xff, 0x60, 0x00, 0x00, 0x00, 0x00, 0x00, 	//*@@@@@@@*...........
0x6f, 0xff, 0xff, 0xff, 0x20, 0x00, 0x00, 0x00, 0x00, 0x00, 	//*@@@@@@@+...........
0x6f, 0xff, 0xff, 0xff, 0x00, 0x00, 0x00, 0x00, 0x00, 0x00, 	//*@@@@@@@............
0x6f, 0xff, 0xff, 0xfd, 0x00, 0x00, 0x00, 0x00, 0x00, 0x00, 	//*@@@@@@@............
0x6f, 0xff, 0xff, 0xfa, 0x00, 0x00, 0x00, 0x00, 0x00, 0x00, 	//*@@@@@@%............
0x6f, 0xff, 0xff, 0xf7, 0x00, 0x00, 0x00, 0x00, 0x00, 0x00, 	//*@@@@@@*............
0x6f, 0xff, 0xff, 0xf6, 0x00, 0x00, 0x00, 0x00, 0x00, 0x00, 	//*@@@@@@*............
0x6f, 0xff, 0xff, 0xf5, 0x00, 0x00, 0x00, 0x00, 0x00, 0x00, 	//*@@@@@@+............
0x6f, 0xff, 0xff, 0xf4, 0x00, 0x00, 0x00, 0x00, 0x00, 0x00, 	//*@@@@@@+............
0x6f, 0xff, 0xff, 0xf3, 0x00, 0x00, 0x00, 0x00, 0x00, 0x00, 	//*@@@@@@+............
0x6f, 0xff, 0xff, 0xf2, 0x00, 0x00, 0x00, 0x00, 0x00, 0x00, 	//*@@@@@@+............
0x6f, 0xff, 0xff, 0xf2, 0x00, 0x00, 0x00, 0x00, 0x00, 0x00, 	//*@@@@@@+............
0x6f, 0xff, 0xff, 0xf3, 0x00, 0x00, 0x00, 0x00, 0x00, 0x00, 	//*@@@@@@+............
0x6f, 0xff, 0xff, 0xf4, 0x00, 0x00, 0x00, 0x00, 0x00, 0x00, 	//*@@@@@@+............
0x6f, 0xff, 0xff, 0xf5, 0x00, 0x00, 0x00, 0x00, 0x00, 0x00, 	//*@@@@@@+............
0x6f, 0xff, 0xff, 0xf6, 0x00, 0x00, 0x00, 0x00, 0x00, 0x00, 	//*@@@@@@*............
0x6f, 0xff, 0xff, 0xf8, 0x00, 0x00, 0x00, 0x00, 0x00, 0x00, 	//*@@@@@@*............
0x6f, 0xff, 0xff, 0xfb, 0x00, 0x00, 0x00, 0x00, 0x00, 0x00, 	//*@@@@@@%............
0x6f, 0xff, 0xff, 0xfd, 0x00, 0x00, 0x00, 0x00, 0x00, 0x00, 	//*@@@@@@@............
0x6f, 0xff, 0xff, 0xff, 0x00, 0x00, 0x00, 0x00, 0x00, 0x00, 	//*@@@@@@@............
0x6f, 0xff, 0xff, 0xff, 0x40, 0x00, 0x00, 0x00, 0x00, 0x00, 	//*@@@@@@@+...........
0x6f, 0xff, 0xff, 0xff, 0x80, 0x00, 0x00, 0x00, 0x00, 0x00, 	//*@@@@@@@*...........
0x6f, 0xff, 0xff, 0xff, 0xc0, 0x00, 0x00, 0x00, 0x00, 0x00, 	//*@@@@@@@@...........
0x6f, 0xff, 0xff, 0xff, 0xf1, 0x00, 0x00, 0x00, 0x00, 0x00, 	//*@@@@@@@@+..........
0x6f, 0xff, 0xff, 0xff, 0xf6, 0x00, 0x00, 0x00, 0x00, 0x00, 	//*@@@@@@@@*..........
0x6f, 0xff, 0xff, 0xff, 0xfc, 0x00, 0x00, 0x00, 0x00, 0x00, 	//*@@@@@@@@@..........
0x6f, 0xff, 0xff, 0xff, 0xff, 0x20, 0x00, 0x00, 0x00, 0x00, 	//*@@@@@@@@@+.........
0x6f, 0xff, 0xff, 0xff, 0xff, 0x90, 0x00, 0x00, 0x00, 0x00, 	//*@@@@@@@@@%.........
0x6f, 0xff, 0xff, 0xff, 0xff, 0xe0, 0x00, 0x00, 0x00, 0x00, 	//*@@@@@@@@@@.........
0x6f, 0xff, 0xff, 0xff, 0xff, 0xf8, 0x00, 0x00, 0x00, 0x00, 	//*@@@@@@@@@@*........
0x6f, 0xff, 0xff, 0xff, 0xff, 0xff, 0x10, 0x00, 0x00, 0x00, 	//*@@@@@@@@@@@+.......
0x6f, 0xff, 0xff, 0xff, 0xff, 0xff, 0x90, 0x00, 0x00, 0x00, 	//*@@@@@@@@@@@%.......
0x6f, 0xff, 0xff, 0xff, 0xff, 0xff, 0xf3, 0x00, 0x00, 0x00, 	//*@@@@@@@@@@@@+......
0x6f, 0xff, 0xff, 0xff, 0xff, 0xff, 0xfd, 0x00, 0x00, 0x00, 	//*@@@@@@@@@@@@@......
0x6f, 0xff, 0xff, 0xff, 0xff, 0xff, 0xff, 0x80, 0x00, 0x00, 	//*@@@@@@@@@@@@@*.....
0x6f, 0xff, 0xff, 0xff, 0xff, 0xff, 0xff, 0xf4, 0x00, 0x00, 	//*@@@@@@@@@@@@@@+....
0x6f, 0xff, 0xff, 0xff, 0xff, 0xff, 0xff, 0xfe, 0x20, 0x00, 	//*@@@@@@@@@@@@@@@+...
0x6f, 0xff, 0xff, 0xff, 0xff, 0xff, 0xff, 0xff, 0xd1, 0x00, 	//*@@@@@@@@@@@@@@@@+..
0x6f, 0xff, 0xff, 0xff, 0xff, 0xff, 0xff, 0xff, 0xfc, 0x10, 	//*@@@@@@@@@@@@@@@@@+.
0x6f, 0xff, 0xff, 0xff, 0xff, 0xff, 0xff, 0xff, 0xff, 0xd1, 	//*@@@@@@@@@@@@@@@@@@+
0x4a, 0xaa, 0xaa, 0xaa, 0xaa, 0xaa, 0xaa, 0xaa, 0xaa, 0xa7, 	//+%%%%%%%%%%%%%%%%%%*


/* 】 */
0x9f, 0xff, 0xff, 0xff, 0xff, 0xff, 0xff, 0xff, 0xff, 0xf5, 	//%@@@@@@@@@@@@@@@@@@+
0x09, 0xff, 0xff, 0xff, 0xff, 0xff, 0xff, 0xff, 0xff, 0xf5, 	//.%@@@@@@@@@@@@@@@@@+
0x00, 0x8f, 0xff, 0xff, 0xff, 0xff, 0xff, 0xff, 0xff, 0xf5, 	//..*@@@@@@@@@@@@@@@@+
0x00, 0x0a, 0xff, 0xff, 0xff, 0xff, 0xff, 0xff, 0xff, 0xf5, 	//...%@@@@@@@@@@@@@@@+
0x00, 0x00, 0xcf, 0xff, 0xff, 0xff, 0xff, 0xff, 0xff, 0xf5, 	//....@@@@@@@@@@@@@@@+
0x00, 0x00, 0x1e, 0xff, 0xff, 0xff, 0xff, 0xff, 0xff, 0xf5, 	//....+@@@@@@@@@@@@@@+
0x00, 0x00, 0x04, 0xff, 0xff, 0xff, 0xff, 0xff, 0xff, 0xf5, 	//.....+@@@@@@@@@@@@@+
0x00, 0x00, 0x00, 0xaf, 0xff, 0xff, 0xff, 0xff, 0xff, 0xf5, 	//......%@@@@@@@@@@@@+
0x00, 0x00, 0x00, 0x1e, 0xff, 0xff, 0xff, 0xff, 0xff, 0xf5, 	//......+@@@@@@@@@@@@+
0x00, 0x00, 0x00, 0x06, 0xff, 0xff, 0xff, 0xff, 0xff, 0xf5, 	//.......*@@@@@@@@@@@+
0x00, 0x00, 0x00, 0x00, 0xdf, 0xff, 0xff, 0xff, 0xff, 0xf5, 	//........@@@@@@@@@@@+
0x00, 0x00, 0x00, 0x00, 0x5f, 0xff, 0xff, 0xff, 0xff, 0xf5, 	//........+@@@@@@@@@@+
0x00, 0x00, 0x00, 0x00, 0x0d, 0xff, 0xff, 0xff, 0xff, 0xf5, 	//.........@@@@@@@@@@+
0x00, 0x00, 0x00, 0x00, 0x07, 0xff, 0xff, 0xff, 0xff, 0xf5, 	//.........*@@@@@@@@@+
0x00, 0x00, 0x00, 0x00, 0x01, 0xff, 0xff, 0xff, 0xff, 0xf5, 	//.........+@@@@@@@@@+
0x00, 0x00, 0x00, 0x00, 0x00, 0xaf, 0xff, 0xff, 0xff, 0xf5, 	//..........%@@@@@@@@+
0x00, 0x00, 0x00, 0x00, 0x00, 0x4f, 0xff, 0xff, 0xff, 0xf5, 	//..........+@@@@@@@@+
0x00, 0x00, 0x00, 0x00, 0x00, 0x0f, 0xff, 0xff, 0xff, 0xf5, 	//...........@@@@@@@@+
0x00, 0x00, 0x00, 0x00, 0x00, 0x0b, 0xff, 0xff, 0xff, 0xf5, 	//...........%@@@@@@@+
0x00, 0x00, 0x00, 0x00, 0x00, 0x07, 0xff, 0xff, 0xff, 0xf5, 	//...........*@@@@@@@+
0x00, 0x00, 0x00, 0x00, 0x00, 0x02, 0xff, 0xff, 0xff, 0xf5, 	//...........+@@@@@@@+
0x00, 0x00, 0x00, 0x00, 0x00, 0x00, 0xff, 0xff, 0xff, 0xf5, 	//............@@@@@@@+
0x00, 0x00, 0x00, 0x00, 0x00, 0x00, 0xdf, 0xff, 0xff, 0xf5, 	//............@@@@@@@+
0x00, 0x00, 0x00, 0x00, 0x00, 0x00, 0xaf, 0xff, 0xff, 0xf5, 	//............%@@@@@@+
0x00, 0x00, 0x00, 0x00, 0x00, 0x00, 0x8f, 0xff, 0xff, 0xf5, 	//............*@@@@@@+
0x00, 0x00, 0x00, 0x00, 0x00, 0x00, 0x6f, 0xff, 0xff, 0xf5, 	//............*@@@@@@+
0x00, 0x00, 0x00, 0x00, 0x00, 0x00, 0x5f, 0xff, 0xff, 0xf5, 	//............+@@@@@@+
0x00, 0x00, 0x00, 0x00, 0x00, 0x00, 0x4f, 0xff, 0xff, 0xf5, 	//............+@@@@@@+
0x00, 0x00, 0x00, 0x00, 0x00, 0x00, 0x3f, 0xff, 0xff, 0xf5, 	//............+@@@@@@+
0x00, 0x00, 0x00, 0x00, 0x00, 0x00, 0x2f, 0xff, 0xff, 0xf5, 	//............+@@@@@@+
0x00, 0x00, 0x00, 0x00, 0x00, 0x00, 0x3f, 0xff, 0xff, 0xf5, 	//............+@@@@@@+
0x00, 0x00, 0x00, 0x00, 0x00, 0x00, 0x3f, 0xff, 0xff, 0xf5, 	//............+@@@@@@+
0x00, 0x00, 0x00, 0x00, 0x00, 0x00, 0x4f, 0xff, 0xff, 0xf5, 	//............+@@@@@@+
0x00, 0x00, 0x00, 0x00, 0x00, 0x00, 0x5f, 0xff, 0xff, 0xf5, 	//............+@@@@@@+
0x00, 0x00, 0x00, 0x00, 0x00, 0x00, 0x6f, 0xff, 0xff, 0xf5, 	//............*@@@@@@+
0x00, 0x00, 0x00, 0x00, 0x00, 0x00, 0x9f, 0xff, 0xff, 0xf5, 	//............%@@@@@@+
0x00, 0x00, 0x00, 0x00, 0x00, 0x00, 0xbf, 0xff, 0xff, 0xf5, 	//............%@@@@@@+
0x00, 0x00, 0x00, 0x00, 0x00, 0x00, 0xef, 0xff, 0xff, 0xf5, 	//............@@@@@@@+
0x00, 0x00, 0x00, 0x00, 0x00, 0x00, 0xff, 0xff, 0xff, 0xf5, 	//............@@@@@@@+
0x00, 0x00, 0x00, 0x00, 0x00, 0x04, 0xff, 0xff, 0xff, 0xf5, 	//...........+@@@@@@@+
0x00, 0x00, 0x00, 0x00, 0x00, 0x08, 0xff, 0xff, 0xff, 0xf5, 	//...........*@@@@@@@+
0x00, 0x00, 0x00, 0x00, 0x00, 0x0d, 0xff, 0xff, 0xff, 0xf5, 	//...........@@@@@@@@+
0x00, 0x00, 0x00, 0x00, 0x00, 0x1f, 0xff, 0xff, 0xff, 0xf5, 	//..........+@@@@@@@@+
0x00, 0x00, 0x00, 0x00, 0x00, 0x6f, 0xff, 0xff, 0xff, 0xf5, 	//..........*@@@@@@@@+
0x00, 0x00, 0x00, 0x00, 0x00, 0xcf, 0xff, 0xff, 0xff, 0xf5, 	//..........@@@@@@@@@+
0x00, 0x00, 0x00, 0x00, 0x03, 0xff, 0xff, 0xff, 0xff, 0xf5, 	//.........+@@@@@@@@@+
0x00, 0x00, 0x00, 0x00, 0x09, 0xff, 0xff, 0xff, 0xff, 0xf5, 	//.........%@@@@@@@@@+
0x00, 0x00, 0x00, 0x00, 0x1f, 0xff, 0xff, 0xff, 0xff, 0xf5, 	//........+@@@@@@@@@@+
0x00, 0x00, 0x00, 0x00, 0x8f, 0xff, 0xff, 0xff, 0xff, 0xf5, 	//........*@@@@@@@@@@+
0x00, 0x00, 0x00, 0x01, 0xff, 0xff, 0xff, 0xff, 0xff, 0xf5, 	//.......+@@@@@@@@@@@+
0x00, 0x00, 0x00, 0x09, 0xff, 0xff, 0xff, 0xff, 0xff, 0xf5, 	//.......%@@@@@@@@@@@+
0x00, 0x00, 0x00, 0x3f, 0xff, 0xff, 0xff, 0xff, 0xff, 0xf5, 	//......+@@@@@@@@@@@@+
0x00, 0x00, 0x00, 0xdf, 0xff, 0xff, 0xff, 0xff, 0xff, 0xf5, 	//......@@@@@@@@@@@@@+
0x00, 0x00, 0x08, 0xff, 0xff, 0xff, 0xff, 0xff, 0xff, 0xf5, 	//.....*@@@@@@@@@@@@@+
0x00, 0x00, 0x4f, 0xff, 0xff, 0xff, 0xff, 0xff, 0xff, 0xf5, 	//....+@@@@@@@@@@@@@@+
0x00, 0x02, 0xff, 0xff, 0xff, 0xff, 0xff, 0xff, 0xff, 0xf5, 	//...+@@@@@@@@@@@@@@@+
0x00, 0x1d, 0xff, 0xff, 0xff, 0xff, 0xff, 0xff, 0xff, 0xf5, 	//..+@@@@@@@@@@@@@@@@+
0x01, 0xdf, 0xff, 0xff, 0xff, 0xff, 0xff, 0xff, 0xff, 0xf5, 	//.+@@@@@@@@@@@@@@@@@+
0x1d, 0xff, 0xff, 0xff, 0xff, 0xff, 0xff, 0xff, 0xff, 0xf5, 	//+@@@@@@@@@@@@@@@@@@+
0x7a, 0xaa, 0xaa, 0xaa, 0xaa, 0xaa, 0xaa, 0xaa, 0xaa, 0xa3, 	//*%%%%%%%%%%%%%%%%%%+


/* ！ */
0x07, 0xee, 0xee, 0xee, 0x70, 	//.*@@@@@@*.
0x08, 0xff, 0xff, 0xff, 0x70, 	//.*@@@@@@*.
0x07, 0xff, 0xff, 0xff, 0x70, 	//.*@@@@@@*.
0x07, 0xff, 0xff, 0xff, 0x70, 	//.*@@@@@@*.
0x07, 0xff, 0xff, 0xff, 0x60, 	//.*@@@@@@*.
0x07, 0xff, 0xff, 0xff, 0x60, 	//.*@@@@@@*.
0x06, 0xff, 0xff, 0xff, 0x60, 	//.*@@@@@@*.
0x06, 0xff, 0xff, 0xff, 0x60, 	//.*@@@@@@*.
0x05, 0xff, 0xff, 0xff, 0x50, 	//.+@@@@@@+.
0x05, 0xff, 0xff, 0xff, 0x40, 	//.+@@@@@@+.
0x04, 0xff, 0xff, 0xff, 0x30, 	//.+@@@@@@+.
0x03, 0xff, 0xff, 0xff, 0x20, 	//.+@@@@@@+.
0x02, 0xff, 0xff, 0xff, 0x20, 	//.+@@@@@@+.
0x01, 0xff, 0xff, 0xff, 0x10, 	//.+@@@@@@+.
0x01, 0xff, 0xff, 0xff, 0x00, 	//.+@@@@@@..
0x00, 0xff, 0xff, 0xff, 0x00, 	//..@@@@@@..
0x00, 0xff, 0xff, 0xfe, 0x00, 	//..@@@@@@..
0x00, 0xef, 0xff, 0xfe, 0x00, 	//..@@@@@@..
0x00, 0xdf, 0xff, 0xfd, 0x00, 	//..@@@@@@..
0x00, 0xdf, 0xff, 0xfc, 0x00, 	//..@@@@@@..
0x00, 0xcf, 0xff, 0xfb, 0x00, 	//..@@@@@%..
0x00, 0xbf, 0xff, 0xfa, 0x00, 	//..%@@@@%..
0x00, 0xaf, 0xff, 0xfa, 0x00, 	//..%@@@@%..
0x00, 0x9f, 0xff, 0xf9, 0x00, 	//..%@@@@%..
0x00, 0x8f, 0xff, 0xf8, 0x00, 	//..*@@@@*..
0x00, 0x8f, 0xff, 0xf7, 0x00, 	//..*@@@@*..
0x00, 0x7f, 0xff, 0xf6, 0x00, 	//..*@@@@*..
0x00, 0x6f, 0xff, 0xf6, 0x00, 	//..*@@@@*..
0x00, 0x5f, 0xff, 0xf5, 0x00, 	//..+@@@@+..
0x00, 0x4f, 0xff, 0xf4, 0x00, 	//..+@@@@+..
0x00, 0x4f, 0xff, 0xf3, 0x00, 	//..+@@@@+..
0x00, 0x3f, 0xff, 0xf2, 0x00, 	//..+@@@@+..
0x00, 0x2f, 0xff, 0xf2, 0x00, 	//..+@@@@+..
0x00, 0x01, 0x11, 0x10, 0x00, 	//...++++...
0x00, 0x00, 0x00, 0x00, 0x00, 	//..........
0x00, 0x00, 0x00, 0x00, 0x00, 	//..........
0x00, 0x00, 0x00, 0x00, 0x00, 	//..........
0x00, 0x00, 0x00, 0x00, 0x00, 	//..........
0x00, 0x00, 0x00, 0x00, 0x00, 	//..........
0x00, 0x00, 0x00, 0x00, 0x00, 	//..........
0x00, 0x02, 0x66, 0x20, 0x00, 	//...+**+...
0x00, 0x9f, 0xff, 0xf9, 0x00, 	//..%@@@@%..
0x07, 0xff, 0xff, 0xff, 0x60, 	//.*@@@@@@*.
0x0d, 0xff, 0xff, 0xff, 0xd0, 	//.@@@@@@@@.
0x0f, 0xff, 0xff, 0xff, 0xf0, 	//.@@@@@@@@.
0x0f, 0xff, 0xff, 0xff, 0xf0, 	//.@@@@@@@@.
0x0b, 0xff, 0xff, 0xff, 0xb0, 	//.%@@@@@@%.
0x02, 0xff, 0xff, 0xff, 0x20, 	//.+@@@@@@+.
0x00, 0x2b, 0xee, 0xa2, 0x00, 	//..+%@@%+..


/* （ */
0x00, 0x00, 0x00, 0x00, 0x00, 0x00, 0x3b, 0x40, 0x00, 	//............+%+...
0x00, 0x00, 0x00, 0x00, 0x00, 0x02, 0xef, 0xfb, 0x30, 	//...........+@@@%+.
0x00, 0x00, 0x00, 0x00, 0x00, 0x1e, 0xff, 0xff, 0xa0, 	//..........+@@@@@%.
0x00, 0x00, 0x00, 0x00, 0x00, 0xcf, 0xff, 0xfb, 0x00, 	//..........@@@@@%..
0x00, 0x00, 0x00, 0x00, 0x09, 0xff, 0xff, 0xd0, 0x00, 	//.........%@@@@@...
0x00, 0x00, 0x00, 0x00, 0x5f, 0xff, 0xfe, 0x10, 0x00, 	//........+@@@@@+...
0x00, 0x00, 0x00, 0x02, 0xff, 0xff, 0xf4, 0x00, 0x00, 	//.......+@@@@@+....
0x00, 0x00, 0x00, 0x0b, 0xff, 0xff, 0x80, 0x00, 0x00, 	//.......%@@@@*.....
0x00, 0x00, 0x00, 0x5f, 0xff, 0xfd, 0x00, 0x00, 0x00, 	//......+@@@@@......
0x00, 0x00, 0x01, 0xef, 0xff, 0xf3, 0x00, 0x00, 0x00, 	//.....+@@@@@+......
0x00, 0x00, 0x08, 0xff, 0xff, 0x90, 0x00, 0x00, 0x00, 	//.....*@@@@%.......
0x00, 0x00, 0x1f, 0xff, 0xff, 0x10, 0x00, 0x00, 0x00, 	//....+@@@@@+.......
0x00, 0x00, 0x8f, 0xff, 0xf8, 0x00, 0x00, 0x00, 0x00, 	//....*@@@@*........
0x00, 0x00, 0xff, 0xff, 0xf1, 0x00, 0x00, 0x00, 0x00, 	//....@@@@@+........
0x00, 0x06, 0xff, 0xff, 0x80, 0x00, 0x00, 0x00, 0x00, 	//...*@@@@*.........
0x00, 0x0c, 0xff, 0xff, 0x10, 0x00, 0x00, 0x00, 0x00, 	//...@@@@@+.........
0x00, 0x2f, 0xff, 0xfb, 0x00, 0x00, 0x00, 0x00, 0x00, 	//..+@@@@%..........
0x00, 0x8f, 0xff, 0xf5, 0x00, 0x00, 0x00, 0x00, 0x00, 	//..*@@@@+..........
0x00, 0xcf, 0xff, 0xf0, 0x00, 0x00, 0x00, 0x00, 0x00, 	//..@@@@@...........
0x01, 0xff, 0xff, 0xb0, 0x00, 0x00, 0x00, 0x00, 0x00, 	//.+@@@@%...........
0x05, 0xff, 0xff, 0x70, 0x00, 0x00, 0x00, 0x00, 0x00, 	//.+@@@@*...........
0x09, 0xff, 0xff, 0x30, 0x00, 0x00, 0x00, 0x00, 0x00, 	//.%@@@@+...........
0x0c, 0xff, 0xff, 0x00, 0x00, 0x00, 0x00, 0x00, 0x00, 	//.@@@@@............
0x0e, 0xff, 0xfc, 0x00, 0x00, 0x00, 0x00, 0x00, 0x00, 	//.@@@@@............
0x1f, 0xff, 0xfa, 0x00, 0x00, 0x00, 0x00, 0x00, 0x00, 	//+@@@@%............
0x3f, 0xff, 0xf7, 0x00, 0x00, 0x00, 0x00, 0x00, 0x00, 	//+@@@@*............
0x5f, 0xff, 0xf5, 0x00, 0x00, 0x00, 0x00, 0x00, 0x00, 	//+@@@@+............
0x6f, 0xff, 0xf4, 0x00, 0x00, 0x00, 0x00, 0x00, 0x00, 	//*@@@@+............
0x6f, 0xff, 0xf3, 0x00, 0x00, 0x00, 0x00, 0x00, 0x00, 	//*@@@@+............
0x7f, 0xff, 0xf3, 0x00, 0x00, 0x00, 0x00, 0x00, 0x00, 	//*@@@@+............
0x8f, 0xff, 0xf2, 0x00, 0x00, 0x00, 0x00, 0x00, 0x00, 	//*@@@@+............
0x7f, 0xff, 0xf2, 0x00, 0x00, 0x00, 0x00, 0x00, 0x00, 	//*@@@@+............
0x6f, 0xff, 0xf3, 0x00, 0x00, 0x00, 0x00, 0x00, 0x00, 	//*@@@@+............
0x6f, 0xff, 0xf4, 0x00, 0x00, 0x00, 0x00, 0x00, 0x00, 	//*@@@@+............
0x5f, 0xff, 0xf5, 0x00, 0x00, 0x00, 0x00, 0x00, 0x00, 	//+@@@@+............
0x3f, 0xff, 0xf7, 0x00, 0x00, 0x00, 0x00, 0x00, 0x00, 	//+@@@@*............
0x1f, 0xff, 0xf9, 0x00, 0x00, 0x00, 0x00, 0x00, 0x00, 	//+@@@@%............
0x0e, 0xff, 0xfc, 0x00, 0x00, 0x00, 0x00, 0x00, 0x00, 	//.@@@@@............
0x0c, 0xff, 0xfe, 0x00, 0x00, 0x00, 0x00, 0x00, 0x00, 	//.@@@@@............
0x09, 0xff, 0xff, 0x20, 0x00, 0x00, 0x00, 0x00, 0x00, 	//.%@@@@+...........
0x05, 0xff, 0xff, 0x60, 0x00, 0x00, 0x00, 0x00, 0x00, 	//.+@@@@*...........
0x01, 0xff, 0xff, 0xa0, 0x00, 0x00, 0x00, 0x00, 0x00, 	//.+@@@@%...........
0x00, 0xdf, 0xff, 0xe0, 0x00, 0x00, 0x00, 0x00, 0x00, 	//..@@@@@...........
0x00, 0x8f, 0xff, 0xf5, 0x00, 0x00, 0x00, 0x00, 0x00, 	//..*@@@@+..........
0x00, 0x3f, 0xff, 0xfb, 0x00, 0x00, 0x00, 0x00, 0x00, 	//..+@@@@%..........
0x00, 0x0d, 0xff, 0xff, 0x10, 0x00, 0x00, 0x00, 0x00, 	//...@@@@@+.........
0x00, 0x06, 0xff, 0xff, 0x70, 0x00, 0x00, 0x00, 0x00, 	//...*@@@@*.........
0x00, 0x01, 0xff, 0xff, 0xe0, 0x00, 0x00, 0x00, 0x00, 	//...+@@@@@.........
0x00, 0x00, 0x8f, 0xff, 0xf7, 0x00, 0x00, 0x00, 0x00, 	//....*@@@@*........
0x00, 0x00, 0x1f, 0xff, 0xfe, 0x00, 0x00, 0x00, 0x00, 	//....+@@@@@........
0x00, 0x00, 0x09, 0xff, 0xff, 0x80, 0x00, 0x00, 0x00, 	//.....%@@@@*.......
0x00, 0x00, 0x01, 0xff, 0xff, 0xf2, 0x00, 0x00, 0x00, 	//.....+@@@@@+......
0x00, 0x00, 0x00, 0x6f, 0xff, 0xfc, 0x00, 0x00, 0x00, 	//......*@@@@@......
0x00, 0x00, 0x00, 0x0c, 0xff, 0xff, 0x70, 0x00, 0x00, 	//.......@@@@@*.....
0x00, 0x00, 0x00, 0x02, 0xff, 0xff, 0xf3, 0x00, 0x00, 	//.......+@@@@@+....
0x00, 0x00, 0x00, 0x00, 0x6f, 0xff, 0xfe, 0x10, 0x00, 	//........*@@@@@+...
0x00, 0x00, 0x00, 0x00, 0x0a, 0xff, 0xff, 0xc0, 0x00, 	//.........%@@@@@...
0x00, 0x00, 0x00, 0x00, 0x00, 0xdf, 0xff, 0xfa, 0x00, 	//..........@@@@@%..
0x00, 0x00, 0x00, 0x00, 0x00, 0x2e, 0xff, 0xff, 0x90, 	//..........+@@@@@%.
0x00, 0x00, 0x00, 0x00, 0x00, 0x03, 0xff, 0xfd, 0x50, 	//...........+@@@@+.
0x00, 0x00, 0x00, 0x00, 0x00, 0x00, 0x4d, 0x50, 0x00, 	//............+@+...


/* ） */
0x00, 0x04, 0xb3, 0x00, 0x00, 0x00, 0x00, 0x00, 0x00, 	//...+%+............
0x03, 0xbf, 0xfe, 0x20, 0x00, 0x00, 0x00, 0x00, 0x00, 	//.+%@@@+...........
0x0a, 0xff, 0xff, 0xd1, 0x00, 0x00, 0x00, 0x00, 0x00, 	//.%@@@@@+..........
0x00, 0xcf, 0xff, 0xfc, 0x00, 0x00, 0x00, 0x00, 0x00, 	//..@@@@@@..........
0x00, 0x1d, 0xff, 0xff, 0x90, 0x00, 0x00, 0x00, 0x00, 	//..+@@@@@%.........
0x00, 0x02, 0xff, 0xff, 0xf5, 0x00, 0x00, 0x00, 0x00, 	//...+@@@@@+........
0x00, 0x00, 0x5f, 0xff, 0xff, 0x10, 0x00, 0x00, 0x00, 	//....+@@@@@+.......
0x00, 0x00, 0x09, 0xff, 0xff, 0xb0, 0x00, 0x00, 0x00, 	//.....%@@@@%.......
0x00, 0x00, 0x00, 0xdf, 0xff, 0xf5, 0x00, 0x00, 0x00, 	//......@@@@@+......
0x00, 0x00, 0x00, 0x4f, 0xff, 0xfe, 0x00, 0x00, 0x00, 	//......+@@@@@......
0x00, 0x00, 0x00, 0x0a, 0xff, 0xff, 0x70, 0x00, 0x00, 	//.......%@@@@*.....
0x00, 0x00, 0x00, 0x01, 0xff, 0xff, 0xe0, 0x00, 0x00, 	//.......+@@@@@.....
0x00, 0x00, 0x00, 0x00, 0x8f, 0xff, 0xf7, 0x00, 0x00, 	//........*@@@@*....
0x00, 0x00, 0x00, 0x00, 0x1f, 0xff, 0xfe, 0x00, 0x00, 	//........+@@@@@....
0x00, 0x00, 0x00, 0x00, 0x08, 0xff, 0xff, 0x50, 0x00, 	//.........*@@@@+...
0x00, 0x00, 0x00, 0x00, 0x02, 0xff, 0xff, 0xc0, 0x00, 	//.........+@@@@@...
0x00, 0x00, 0x00, 0x00, 0x00, 0xcf, 0xff, 0xf2, 0x00, 	//..........@@@@@+..
0x00, 0x00, 0x00, 0x00, 0x00, 0x6f, 0xff, 0xf7, 0x00, 	//..........*@@@@*..
0x00, 0x00, 0x00, 0x00, 0x00, 0x0f, 0xff, 0xfc, 0x00, 	//...........@@@@@..
0x00, 0x00, 0x00, 0x00, 0x00, 0x0b, 0xff, 0xff, 0x00, 	//...........%@@@@..
0x00, 0x00, 0x00, 0x00, 0x00, 0x07, 0xff, 0xff, 0x40, 	//...........*@@@@+.
0x00, 0x00, 0x00, 0x00, 0x00, 0x03, 0xff, 0xff, 0x80, 	//...........+@@@@*.
0x00, 0x00, 0x00, 0x00, 0x00, 0x00, 0xff, 0xff, 0xb0, 	//............@@@@%.
0x00, 0x00, 0x00, 0x00, 0x00, 0x00, 0xcf, 0xff, 0xe0, 	//............@@@@@.
0x00, 0x00, 0x00, 0x00, 0x00, 0x00, 0xaf, 0xff, 0xf0, 	//............%@@@@.
0x00, 0x00, 0x00, 0x00, 0x00, 0x00, 0x8f, 0xff, 0xf3, 	//............*@@@@+
0x00, 0x00, 0x00, 0x00, 0x00, 0x00, 0x5f, 0xff, 0xf4, 	//............+@@@@+
0x00, 0x00, 0x00, 0x00, 0x00, 0x00, 0x4f, 0xff, 0xf5, 	//............+@@@@+
0x00, 0x00, 0x00, 0x00, 0x00, 0x00, 0x4f, 0xff, 0xf6, 	//............+@@@@*
0x00, 0x00, 0x00, 0x00, 0x00, 0x00, 0x3f, 0xff, 0xf7, 	//............+@@@@*
0x00, 0x00, 0x00, 0x00, 0x00, 0x00, 0x2f, 0xff, 0xf8, 	//............+@@@@*
0x00, 0x00, 0x00, 0x00, 0x00, 0x00, 0x3f, 0xff, 0xf7, 	//............+@@@@*
0x00, 0x00, 0x00, 0x00, 0x00, 0x00, 0x4f, 0xff, 0xf6, 	//............+@@@@*
0x00, 0x00, 0x00, 0x00, 0x00, 0x00, 0x4f, 0xff, 0xf5, 	//............+@@@@+
0x00, 0x00, 0x00, 0x00, 0x00, 0x00, 0x5f, 0xff, 0xf4, 	//............+@@@@+
0x00, 0x00, 0x00, 0x00, 0x00, 0x00, 0x7f, 0xff, 0xf3, 	//............*@@@@+
0x00, 0x00, 0x00, 0x00, 0x00, 0x00, 0xaf, 0xff, 0xf1, 	//............%@@@@+
0x00, 0x00, 0x00, 0x00, 0x00, 0x00, 0xcf, 0xff, 0xe0, 	//............@@@@@.
0x00, 0x00, 0x00, 0x00, 0x00, 0x00, 0xff, 0xff, 0xc0, 	//............@@@@@.
0x00, 0x00, 0x00, 0x00, 0x00, 0x02, 0xff, 0xff, 0x90, 	//...........+@@@@%.
0x00, 0x00, 0x00, 0x00, 0x00, 0x07, 0xff, 0xff, 0x50, 	//...........*@@@@+.
0x00, 0x00, 0x00, 0x00, 0x00, 0x0b, 0xff, 0xff, 0x10, 	//...........%@@@@+.
0x00, 0x00, 0x00, 0x00, 0x00, 0x0f, 0xff, 0xfc, 0x00, 	//...........@@@@@..
0x00, 0x00, 0x00, 0x00, 0x00, 0x5f, 0xff, 0xf8, 0x00, 	//..........+@@@@*..
0x00, 0x00, 0x00, 0x00, 0x00, 0xbf, 0xff, 0xf2, 0x00, 	//..........%@@@@+..
0x00, 0x00, 0x00, 0x00, 0x01, 0xff, 0xff, 0xc0, 0x00, 	//.........+@@@@@...
0x00, 0x00, 0x00, 0x00, 0x08, 0xff, 0xff, 0x60, 0x00, 	//.........*@@@@*...
0x00, 0x00, 0x00, 0x00, 0x0e, 0xff, 0xff, 0x10, 0x00, 	//.........@@@@@+...
0x00, 0x00, 0x00, 0x00, 0x7f, 0xff, 0xf8, 0x00, 0x00, 	//........*@@@@*....
0x00, 0x00, 0x00, 0x00, 0xef, 0xff, 0xf1, 0x00, 0x00, 	//........@@@@@+....
0x00, 0x00, 0x00, 0x09, 0xff, 0xff, 0x80, 0x00, 0x00, 	//.......%@@@@*.....
0x00, 0x00, 0x00, 0x3f, 0xff, 0xfe, 0x10, 0x00, 0x00, 	//......+@@@@@+.....
0x00, 0x00, 0x00, 0xcf, 0xff, 0xf6, 0x00, 0x00, 0x00, 	//......@@@@@*......
0x00, 0x00, 0x07, 0xff, 0xff, 0xc0, 0x00, 0x00, 0x00, 	//.....*@@@@@.......
0x00, 0x00, 0x4f, 0xff, 0xff, 0x20, 0x00, 0x00, 0x00, 	//....+@@@@@+.......
0x00, 0x01, 0xef, 0xff, 0xf6, 0x00, 0x00, 0x00, 0x00, 	//...+@@@@@*........
0x00, 0x0c, 0xff, 0xff, 0xa0, 0x00, 0x00, 0x00, 0x00, 	//...@@@@@%.........
0x00, 0xaf, 0xff, 0xfd, 0x00, 0x00, 0x00, 0x00, 0x00, 	//..%@@@@@..........
0x09, 0xff, 0xff, 0xe2, 0x00, 0x00, 0x00, 0x00, 0x00, 	//.%@@@@@+..........
0x05, 0xdf, 0xff, 0x30, 0x00, 0x00, 0x00, 0x00, 0x00, 	//.+@@@@+...........
0x00, 0x05, 0xd4, 0x00, 0x00, 0x00, 0x00, 0x00, 0x00, 	//...+@+............


/* ， */
0x00, 0x00, 0x00, 0x01, 0x00, 0x00, 0x00, 	//.......+......
0x00, 0x00, 0x2a, 0xff, 0xfc, 0x30, 0x00, 	//....+%@@@@+...
0x00, 0x02, 0xff, 0xff, 0xff, 0xf5, 0x00, 	//...+@@@@@@@+..
0x00, 0x0b, 0xff, 0xff, 0xff, 0xff, 0x00, 	//...%@@@@@@@@..
0x00, 0x0f, 0xff, 0xff, 0xff, 0xff, 0x70, 	//...@@@@@@@@@*.
0x00, 0x2f, 0xff, 0xff, 0xff, 0xff, 0xc0, 	//..+@@@@@@@@@@.
0x00, 0x0f, 0xff, 0xff, 0xff, 0xff, 0xe0, 	//...@@@@@@@@@@.
0x00, 0x0b, 0xff, 0xff, 0xff, 0xff, 0xf0, 	//...%@@@@@@@@@.
0x00, 0x01, 0xef, 0xff, 0xff, 0xff, 0xf1, 	//...+@@@@@@@@@+
0x00, 0x00, 0x19, 0xdf, 0xff, 0xff, 0xf0, 	//....+%@@@@@@@.
0x00, 0x00, 0x00, 0x00, 0x7f, 0xff, 0xe0, 	//........*@@@@.
0x00, 0x00, 0x00, 0x00, 0xaf, 0xff, 0xb0, 	//........%@@@%.
0x00, 0x00, 0x00, 0x00, 0xef, 0xff, 0x70, 	//........@@@@*.
0x00, 0x00, 0x00, 0x05, 0xff, 0xff, 0x20, 	//.......+@@@@+.
0x00, 0x00, 0x00, 0x1e, 0xff, 0xfa, 0x00, 	//......+@@@@%..
0x00, 0x00, 0x00, 0xaf, 0xff, 0xf3, 0x00, 	//......%@@@@+..
0x00, 0x00, 0x0b, 0xff, 0xff, 0x80, 0x00, 	//.....%@@@@*...
0x00, 0x03, 0xdf, 0xff, 0xfb, 0x00, 0x00, 	//...+@@@@@%....
0x02, 0xaf, 0xff, 0xff, 0xc0, 0x00, 0x00, 	//.+%@@@@@@.....
0x3f, 0xff, 0xff, 0xfa, 0x00, 0x00, 0x00, 	//+@@@@@@%......
0x0d, 0xff, 0xff, 0x70, 0x00, 0x00, 0x00, 	//.@@@@@*.......
0x07, 0xff, 0xa1, 0x00, 0x00, 0x00, 0x00, 	//.*@@%+........
0x01, 0x71, 0x00, 0x00, 0x00, 0x00, 0x00, 	//.+*+..........


/* ： */
0x00, 0x04, 0x87, 0x40, 0x00, 	//...+**+...
0x02, 0xdf, 0xff, 0xfc, 0x20, 	//.+@@@@@@+.
0x0e, 0xff, 0xff, 0xff, 0xd0, 	//.@@@@@@@@.
0x8f, 0xff, 0xff, 0xff, 0xf7, 	//*@@@@@@@@*
0xbf, 0xff, 0xff, 0xff, 0xfb, 	//%@@@@@@@@%
0xdf, 0xff, 0xff, 0xff, 0xfc, 	//@@@@@@@@@@
0x9f, 0xff, 0xff, 0xff, 0xf9, 	//%@@@@@@@@%
0x4f, 0xff, 0xff, 0xff, 0xf4, 	//+@@@@@@@@+
0x08, 0xff, 0xff, 0xff, 0x80, 	//.*@@@@@@*.
0x00, 0x4b, 0xee, 0xb4, 0x00, 	//..+%@@%+..
0x00, 0x00, 0x00, 0x00, 0x00, 	//..........
0x00, 0x00, 0x00, 0x00, 0x00, 	//..........
0x00, 0x00, 0x00, 0x00, 0x00, 	//..........
0x00, 0x00, 0x00, 0x00, 0x00, 	//..........
0x00, 0x00, 0x00, 0x00, 0x00, 	//..........
0x00, 0x00, 0x00, 0x00, 0x00, 	//..........
0x00, 0x00, 0x00, 0x00, 0x00, 	//..........
0x00, 0x00, 0x00, 0x00, 0x00, 	//..........
0x00, 0x00, 0x00, 0x00, 0x00, 	//..........
0x00, 0x00, 0x00, 0x00, 0x00, 	//..........
0x00, 0x00, 0x00, 0x00, 0x00, 	//..........
0x00, 0x00, 0x00, 0x00, 0x00, 	//..........
0x00, 0x00, 0x00, 0x00, 0x00, 	//..........
0x00, 0x00, 0x00, 0x00, 0x00, 	//..........
0x00, 0x00, 0x00, 0x00, 0x00, 	//..........
0x00, 0x00, 0x00, 0x00, 0x00, 	//..........
0x00, 0x00, 0x00, 0x00, 0x00, 	//..........
0x00, 0x00, 0x00, 0x00, 0x00, 	//..........
0x00, 0x00, 0x00, 0x00, 0x00, 	//..........
0x00, 0x00, 0x00, 0x00, 0x00, 	//..........
0x00, 0x00, 0x00, 0x00, 0x00, 	//..........
0x00, 0x00, 0x00, 0x00, 0x00, 	//..........
0x00, 0x05, 0x87, 0x40, 0x00, 	//...+**+...
0x03, 0xdf, 0xff, 0xfd, 0x30, 	//.+@@@@@@+.
0x1e, 0xff, 0xff, 0xff, 0xe1, 	//+@@@@@@@@+
0x8f, 0xff, 0xff, 0xff, 0xf8, 	//*@@@@@@@@*
0xbf, 0xff, 0xff, 0xff, 0xfb, 	//%@@@@@@@@%
0xcf, 0xff, 0xff, 0xff, 0xfc, 	//@@@@@@@@@@
0x9f, 0xff, 0xff, 0xff, 0xf9, 	//%@@@@@@@@%
0x3f, 0xff, 0xff, 0xff, 0xf3, 	//+@@@@@@@@+
0x07, 0xff, 0xff, 0xff, 0x70, 	//.*@@@@@@*.
0x00, 0x4b, 0xee, 0xb3, 0x00, 	//..+%@@%+..


/* ； */
0x00, 0x00, 0x04, 0x87, 0x40, 0x00, 0x00, 	//.....+**+.....
0x00, 0x02, 0xdf, 0xff, 0xfc, 0x20, 0x00, 	//...+@@@@@@+...
0x00, 0x0e, 0xff, 0xff, 0xff, 0xd0, 0x00, 	//...@@@@@@@@...
0x00, 0x8f, 0xff, 0xff, 0xff, 0xf7, 0x00, 	//..*@@@@@@@@*..
0x00, 0xbf, 0xff, 0xff, 0xff, 0xfb, 0x00, 	//..%@@@@@@@@%..
0x00, 0xdf, 0xff, 0xff, 0xff, 0xfc, 0x00, 	//..@@@@@@@@@@..
0x00, 0x9f, 0xff, 0xff, 0xff, 0xf9, 0x00, 	//..%@@@@@@@@%..
0x00, 0x4f, 0xff, 0xff, 0xff, 0xf4, 0x00, 	//..+@@@@@@@@+..
0x00, 0x08, 0xff, 0xff, 0xff, 0x80, 0x00, 	//...*@@@@@@*...
0x00, 0x00, 0x4b, 0xee, 0xb4, 0x00, 0x00, 	//....+%@@%+....
0x00, 0x00, 0x00, 0x00, 0x00, 0x00, 0x00, 	//..............
0x00, 0x00, 0x00, 0x00, 0x00, 0x00, 0x00, 	//..............
0x00, 0x00, 0x00, 0x00, 0x00, 0x00, 0x00, 	//..............
0x00, 0x00, 0x00, 0x00, 0x00, 0x00, 0x00, 	//..............
0x00, 0x00, 0x00, 0x00, 0x00, 0x00, 0x00, 	//..............
0x00, 0x00, 0x00, 0x00, 0x00, 0x00, 0x00, 	//..............
0x00, 0x00, 0x00, 0x00, 0x00, 0x00, 0x00, 	//..............
0x00, 0x00, 0x00, 0x00, 0x00, 0x00, 0x00, 	//..............
0x00, 0x00, 0x00, 0x00, 0x00, 0x00, 0x00, 	//..............
0x00, 0x00, 0x00, 0x00, 0x00, 0x00, 0x00, 	//..............
0x00, 0x00, 0x00, 0x00, 0x00, 0x00, 0x00, 	//..............
0x00, 0x00, 0x00, 0x00, 0x00, 0x00, 0x00, 	//..............
0x00, 0x00, 0x00, 0x00, 0x00, 0x00, 0x00, 	//..............
0x00, 0x00, 0x00, 0x00, 0x00, 0x00, 0x00, 	//..............
0x00, 0x00, 0x00, 0x00, 0x00, 0x00, 0x00, 	//..............
0x00, 0x00, 0x00, 0x00, 0x00, 0x00, 0x00, 	//..............
0x00, 0x00, 0x00, 0x00, 0x00, 0x00, 0x00, 	//..............
0x00, 0x00, 0x00, 0x00, 0x00, 0x00, 0x00, 	//..............
0x00, 0x00, 0x00, 0x02, 0x10, 0x00, 0x00, 	//.......++.....
0x00, 0x00, 0x5d, 0xff, 0xfb, 0x10, 0x00, 	//....+@@@@%+...
0x00, 0x06, 0xff, 0xff, 0xff, 0xd2, 0x00, 	//...*@@@@@@@+..
0x00, 0x1f, 0xff, 0xff, 0xff, 0xfb, 0x00, 	//..+@@@@@@@@%..
0x00, 0x4f, 0xff, 0xff, 0xff, 0xff, 0x20, 	//..+@@@@@@@@@+.
0x00, 0x6f, 0xff, 0xff, 0xff, 0xff, 0x80, 	//..*@@@@@@@@@*.
0x00, 0x4f, 0xff, 0xff, 0xff, 0xff, 0xa0, 	//..+@@@@@@@@@%.
0x00, 0x1e, 0xff, 0xff, 0xff, 0xff, 0xb0, 	//..+@@@@@@@@@%.
0x00, 0x05, 0xff, 0xff, 0xff, 0xff, 0xd0, 	//...+@@@@@@@@@.
0x00, 0x00, 0x2a, 0xef, 0xff, 0xff, 0xc0, 	//....+%@@@@@@@.
0x00, 0x00, 0x00, 0x00, 0xaf, 0xff, 0xb0, 	//........%@@@%.
0x00, 0x00, 0x00, 0x00, 0xdf, 0xff, 0x90, 	//........@@@@%.
0x00, 0x00, 0x00, 0x00, 0xff, 0xff, 0x60, 	//........@@@@*.
0x00, 0x00, 0x00, 0x03, 0xff, 0xff, 0x20, 	//.......+@@@@+.
0x00, 0x00, 0x00, 0x0b, 0xff, 0xfd, 0x00, 	//.......%@@@@..
0x00, 0x00, 0x00, 0x4f, 0xff, 0xf6, 0x00, 	//......+@@@@*..
0x00, 0x00, 0x01, 0xdf, 0xff, 0xe0, 0x00, 	//.....+@@@@@...
0x00, 0x00, 0x1d, 0xff, 0xff, 0x50, 0x00, 	//....+@@@@@+...
0x00, 0x01, 0xdf, 0xff, 0xfa, 0x00, 0x00, 	//...+@@@@@%....
0x00, 0x7f, 0xff, 0xff, 0xc0, 0x00, 0x00, 	//..*@@@@@@.....
0x4d, 0xff, 0xff, 0xfb, 0x00, 0x00, 0x00, 	//+@@@@@@%......
0x5f, 0xff, 0xff, 0x80, 0x00, 0x00, 0x00, 	//+@@@@@*.......
0x0e, 0xff, 0xd3, 0x00, 0x00, 0x00, 0x00, 	//.@@@@+........
0x07, 0xc5, 0x00, 0x00, 0x00, 0x00, 0x00, 	//.*@+..........
0x00, 0x00, 0x00, 0x00, 0x00, 0x00, 0x00, 	//..............


/* ？ */
0x00, 0x00, 0x00, 0x00, 0x01, 0x58, 0xab, 0xcb, 0xa8, 0x41, 0x00, 0x00, 0x00, 0x00, 	//.........++*%%@%%*++........
0x00, 0x00, 0x00, 0x04, 0xaf, 0xff, 0xff, 0xff, 0xff, 0xff, 0xa3, 0x00, 0x00, 0x00, 	//.......+%@@@@@@@@@@@%+......
0x00, 0x00, 0x04, 0xdf, 0xff, 0xff, 0xff, 0xff, 0xff, 0xff, 0xff, 0xa1, 0x00, 0x00, 	//.....+@@@@@@@@@@@@@@@@%+....
0x00, 0x00, 0x9f, 0xff, 0xff, 0xff, 0xff, 0xff, 0xff, 0xff, 0xff, 0xfe, 0x20, 0x00, 	//....%@@@@@@@@@@@@@@@@@@@+...
0x00, 0x2d, 0xff, 0xff, 0xff, 0xff, 0xff, 0xff, 0xff, 0xff, 0xff, 0xff, 0xd1, 0x00, 	//..+@@@@@@@@@@@@@@@@@@@@@@+..
0x03, 0xef, 0xff, 0xff, 0xff, 0x94, 0x20, 0x02, 0x5a, 0xff, 0xff, 0xff, 0xfb, 0x00, 	//.+@@@@@@@@%++..++%@@@@@@@%..
0x3f, 0xff, 0xff, 0xff, 0x60, 0x00, 0x00, 0x00, 0x00, 0x2d, 0xff, 0xff, 0xff, 0x30, 	//+@@@@@@@*.........+@@@@@@@+.
0x8f, 0xff, 0xff, 0xb1, 0x00, 0x00, 0x00, 0x00, 0x00, 0x00, 0xdf, 0xff, 0xff, 0xb0, 	//*@@@@@%+............@@@@@@%.
0x07, 0xff, 0xf8, 0x00, 0x00, 0x00, 0x00, 0x00, 0x00, 0x00, 0x3f, 0xff, 0xff, 0xf0, 	//.*@@@*..............+@@@@@@.
0x00, 0x6f, 0x80, 0x00, 0x00, 0x00, 0x00, 0x00, 0x00, 0x00, 0x0b, 0xff, 0xff, 0xf3, 	//..*@*................%@@@@@+
0x00, 0x03, 0x00, 0x00, 0x00, 0x00, 0x00, 0x00, 0x00, 0x00, 0x08, 0xff, 0xff, 0xf5, 	//...+.................*@@@@@+
0x00, 0x00, 0x00, 0x00, 0x00, 0x00, 0x00, 0x00, 0x00, 0x00, 0x06, 0xff, 0xff, 0xf7, 	//.....................*@@@@@*
0x00, 0x00, 0x00, 0x00, 0x00, 0x00, 0x00, 0x00, 0x00, 0x00, 0x03, 0xff, 0xff, 0xf7, 	//.....................+@@@@@*
0x00, 0x00, 0x00, 0x00, 0x00, 0x00, 0x00, 0x00, 0x00, 0x00, 0x04, 0xff, 0xff, 0xf5, 	//.....................+@@@@@+
0x00, 0x00, 0x00, 0x00, 0x00, 0x00, 0x00, 0x00, 0x00, 0x00, 0x08, 0xff, 0xff, 0xf2, 	//.....................*@@@@@+
0x00, 0x00, 0x00, 0x00, 0x00, 0x00, 0x00, 0x00, 0x00, 0x00, 0x0e, 0xff, 0xff, 0xd0, 	//.....................@@@@@@.
0x00, 0x00, 0x00, 0x00, 0x00, 0x00, 0x00, 0x00, 0x00, 0x00, 0x9f, 0xff, 0xff, 0x60, 	//....................%@@@@@*.
0x00, 0x00, 0x00, 0x00, 0x00, 0x00, 0x00, 0x00, 0x00, 0x04, 0xff, 0xff, 0xfd, 0x00, 	//...................+@@@@@@..
0x00, 0x00, 0x00, 0x00, 0x00, 0x00, 0x00, 0x00, 0x00, 0x3f, 0xff, 0xff, 0xf4, 0x00, 	//..................+@@@@@@+..
0x00, 0x00, 0x00, 0x00, 0x00, 0x00, 0x00, 0x00, 0x02, 0xef, 0xff, 0xff, 0x60, 0x00, 	//.................+@@@@@@*...
0x00, 0x00, 0x00, 0x00, 0x00, 0x00, 0x00, 0x00, 0x2e, 0xff, 0xff, 0xf9, 0x00, 0x00, 	//................+@@@@@@%....
0x00, 0x00, 0x00, 0x00, 0x00, 0x00, 0x00, 0x02, 0xef, 0xff, 0xff, 0x90, 0x00, 0x00, 	//...............+@@@@@@%.....
0x00, 0x00, 0x00, 0x00, 0x00, 0x00, 0x00, 0x2e, 0xff, 0xff, 0xf9, 0x00, 0x00, 0x00, 	//..............+@@@@@@%......
0x00, 0x00, 0x00, 0x00, 0x00, 0x00, 0x01, 0xef, 0xff, 0xff, 0x90, 0x00, 0x00, 0x00, 	//.............+@@@@@@%.......
0x00, 0x00, 0x00, 0x00, 0x00, 0x00, 0x0d, 0xff, 0xff, 0xf9, 0x00, 0x00, 0x00, 0x00, 	//.............@@@@@@%........
0x00, 0x00, 0x00, 0x00, 0x00, 0x00, 0x8f, 0xff, 0xff, 0x90, 0x00, 0x00, 0x00, 0x00, 	//............*@@@@@%.........
0x00, 0x00, 0x00, 0x00, 0x00, 0x03, 0xff, 0xff, 0xfd, 0x00, 0x00, 0x00, 0x00, 0x00, 	//...........+@@@@@@..........
0x00, 0x00, 0x00, 0x00, 0x00, 0x0b, 0xff, 0xff, 0xf2, 0x00, 0x00, 0x00, 0x00, 0x00, 	//...........%@@@@@+..........
0x00, 0x00, 0x00, 0x00, 0x00, 0x1f, 0xff, 0xff, 0x90, 0x00, 0x00, 0x00, 0x00, 0x00, 	//..........+@@@@@%...........
0x00, 0x00, 0x00, 0x00, 0x00, 0x5f, 0xff, 0xff, 0x20, 0x00, 0x00, 0x00, 0x00, 0x00, 	//..........+@@@@@+...........
0x00, 0x00, 0x00, 0x00, 0x00, 0x9f, 0xff, 0xfc, 0x00, 0x00, 0x00, 0x00, 0x00, 0x00, 	//..........%@@@@@............
0x00, 0x00, 0x00, 0x00, 0x00, 0xbf, 0xff, 0xfa, 0x00, 0x00, 0x00, 0x00, 0x00, 0x00, 	//..........%@@@@%............
0x00, 0x00, 0x00, 0x00, 0x00, 0xbf, 0xff, 0xf9, 0x00, 0x00, 0x00, 0x00, 0x00, 0x00, 	//..........%@@@@%............
0x00, 0x00, 0x00, 0x00, 0x00, 0x9f, 0xff, 0xfa, 0x00, 0x00, 0x00, 0x00, 0x00, 0x00, 	//..........%@@@@%............
0x00, 0x00, 0x00, 0x00, 0x00, 0x00, 0x00, 0x00, 0x00, 0x00, 0x00, 0x00, 0x00, 0x00, 	//............................
0x00, 0x00, 0x00, 0x00, 0x00, 0x00, 0x00, 0x00, 0x00, 0x00, 0x00, 0x00, 0x00, 0x00, 	//............................
0x00, 0x00, 0x00, 0x00, 0x00, 0x00, 0x00, 0x00, 0x00, 0x00, 0x00, 0x00, 0x00, 0x00, 	//............................
0x00, 0x00, 0x00, 0x00, 0x00, 0x00, 0x00, 0x00, 0x00, 0x00, 0x00, 0x00, 0x00, 0x00, 	//............................
0x00, 0x00, 0x00, 0x00, 0x00, 0x00, 0x00, 0x00, 0x00, 0x00, 0x00, 0x00, 0x00, 0x00, 	//............................
0x00, 0x00, 0x00, 0x00, 0x00, 0x00, 0x00, 0x00, 0x00, 0x00, 0x00, 0x00, 0x00, 0x00, 	//............................
0x00, 0x00, 0x00, 0x00, 0x00, 0x00, 0x00, 0x00, 0x00, 0x00, 0x00, 0x00, 0x00, 0x00, 	//............................
0x00, 0x00, 0x00, 0x00, 0x00, 0x01, 0x56, 0x30, 0x00, 0x00, 0x00, 0x00, 0x00, 0x00, 	//...........++*+.............
0x00, 0x00, 0x00, 0x00, 0x00, 0x7f, 0xff, 0xfb, 0x10, 0x00, 0x00, 0x00, 0x00, 0x00, 	//..........*@@@@%+...........
0x00, 0x00, 0x00, 0x00, 0x04, 0xff, 0xff, 0xff, 0xa0, 0x00, 0x00, 0x00, 0x00, 0x00, 	//.........+@@@@@@%...........
0x00, 0x00, 0x00, 0x00, 0x0b, 0xff, 0xff, 0xff, 0xf1, 0x00, 0x00, 0x00, 0x00, 0x00, 	//.........%@@@@@@@+..........
0x00, 0x00, 0x00, 0x00, 0x0e, 0xff, 0xff, 0xff, 0xf3, 0x00, 0x00, 0x00, 0x00, 0x00, 	//.........@@@@@@@@+..........
0x00, 0x00, 0x00, 0x00, 0x0c, 0xff, 0xff, 0xff, 0xf2, 0x00, 0x00, 0x00, 0x00, 0x00, 	//.........@@@@@@@@+..........
0x00, 0x00, 0x00, 0x00, 0x09, 0xff, 0xff, 0xff, 0xe0, 0x00, 0x00, 0x00, 0x00, 0x00, 	//.........%@@@@@@@...........
0x00, 0x00, 0x00, 0x00, 0x01, 0xef, 0xff, 0xff, 0x50, 0x00, 0x00, 0x00, 0x00, 0x00, 	//.........+@@@@@@+...........
0x00, 0x00, 0x00, 0x00, 0x00, 0x19, 0xdf, 0xc4, 0x00, 0x00, 0x00, 0x00, 0x00, 0x00, 	//..........+%@@@+............


/* ￥ */
0x02, 0x22, 0x22, 0x22, 0x00, 0x00, 0x00, 0x00, 0x00, 0x00, 0x00, 0x00, 0x00, 0x00, 0x00, 0x00, 0x00, 0x22, 0x22, 0x22, 0x20, 	//.+++++++..........................+++++++.
0x0a, 0xff, 0xff, 0xff, 0x20, 0x00, 0x00, 0x00, 0x00, 0x00, 0x00, 0x00, 0x00, 0x00, 0x00, 0x00, 0x02, 0xff, 0xff, 0xff, 0x90, 	//.%@@@@@@+........................+@@@@@@%.
0x01, 0xef, 0xff, 0xff, 0xb0, 0x00, 0x00, 0x00, 0x00, 0x00, 0x00, 0x00, 0x00, 0x00, 0x00, 0x00, 0x0b, 0xff, 0xff, 0xfe, 0x00, 	//.+@@@@@@%........................%@@@@@@..
0x00, 0x6f, 0xff, 0xff, 0xf4, 0x00, 0x00, 0x00, 0x00, 0x00, 0x00, 0x00, 0x00, 0x00, 0x00, 0x00, 0x5f, 0xff, 0xff, 0xf4, 0x00, 	//..*@@@@@@+......................+@@@@@@+..
0x00, 0x0b, 0xff, 0xff, 0xfd, 0x00, 0x00, 0x00, 0x00, 0x00, 0x00, 0x00, 0x00, 0x00, 0x00, 0x00, 0xdf, 0xff, 0xff, 0xa0, 0x00, 	//...%@@@@@@......................@@@@@@%...
0x00, 0x02, 0xff, 0xff, 0xff, 0x70, 0x00, 0x00, 0x00, 0x00, 0x00, 0x00, 0x00, 0x00, 0x00, 0x07, 0xff, 0xff, 0xfe, 0x10, 0x00, 	//...+@@@@@@*....................*@@@@@@+...
0x00, 0x00, 0x7f, 0xff, 0xff, 0xf1, 0x00, 0x00, 0x00, 0x00, 0x00, 0x00, 0x00, 0x00, 0x00, 0x1f, 0xff, 0xff, 0xf6, 0x00, 0x00, 	//....*@@@@@@+..................+@@@@@@*....
0x00, 0x00, 0x0d, 0xff, 0xff, 0xfa, 0x00, 0x00, 0x00, 0x00, 0x00, 0x00, 0x00, 0x00, 0x00, 0x9f, 0xff, 0xff, 0xb0, 0x00, 0x00, 	//.....@@@@@@%..................%@@@@@%.....
0x00, 0x00, 0x03, 0xff, 0xff, 0xff, 0x30, 0x00, 0x00, 0x00, 0x00, 0x00, 0x00, 0x00, 0x03, 0xff, 0xff, 0xff, 0x20, 0x00, 0x00, 	//.....+@@@@@@+................+@@@@@@+.....
0x00, 0x00, 0x00, 0x8f, 0xff, 0xff, 0xc0, 0x00, 0x00, 0x00, 0x00, 0x00, 0x00, 0x00, 0x0c, 0xff, 0xff, 0xf7, 0x00, 0x00, 0x00, 	//......*@@@@@@................@@@@@@*......
0x00, 0x00, 0x00, 0x0d, 0xff, 0xff, 0xf5, 0x00, 0x00, 0x00, 0x00, 0x00, 0x00, 0x00, 0x5f, 0xff, 0xff, 0xd0, 0x00, 0x00, 0x00, 	//.......@@@@@@+..............+@@@@@@.......
0x00, 0x00, 0x00, 0x04, 0xff, 0xff, 0xfe, 0x00, 0x00, 0x00, 0x00, 0x00, 0x00, 0x00, 0xef, 0xff, 0xff, 0x30, 0x00, 0x00, 0x00, 	//.......+@@@@@@..............@@@@@@+.......
0x00, 0x00, 0x00, 0x00, 0xaf, 0xff, 0xff, 0x80, 0x00, 0x00, 0x00, 0x00, 0x00, 0x07, 0xff, 0xff, 0xf8, 0x00, 0x00, 0x00, 0x00, 	//........%@@@@@*............*@@@@@*........
0x00, 0x00, 0x00, 0x00, 0x1e, 0xff, 0xff, 0xf2, 0x00, 0x00, 0x00, 0x00, 0x00, 0x1f, 0xff, 0xff, 0xe0, 0x00, 0x00, 0x00, 0x00, 	//........+@@@@@@+..........+@@@@@@.........
0x00, 0x00, 0x00, 0x00, 0x05, 0xff, 0xff, 0xfa, 0x00, 0x00, 0x00, 0x00, 0x00, 0x9f, 0xff, 0xff, 0x40, 0x00, 0x00, 0x00, 0x00, 	//.........+@@@@@%..........%@@@@@+.........
0x00, 0x00, 0x00, 0x00, 0x00, 0xbf, 0xff, 0xff, 0x30, 0x00, 0x00, 0x00, 0x02, 0xff, 0xff, 0xfa, 0x00, 0x00, 0x00, 0x00, 0x00, 	//..........%@@@@@+........+@@@@@%..........
0x00, 0x00, 0x00, 0x00, 0x00, 0x1f, 0xff, 0xff, 0xc0, 0x00, 0x00, 0x00, 0x0a, 0xff, 0xff, 0xe1, 0x00, 0x00, 0x00, 0x00, 0x00, 	//..........+@@@@@@........%@@@@@+..........
0x00, 0x00, 0x00, 0x00, 0x00, 0x06, 0xff, 0xff, 0xf5, 0x00, 0x00, 0x00, 0x3f, 0xff, 0xff, 0x50, 0x00, 0x00, 0x00, 0x00, 0x00, 	//...........*@@@@@+......+@@@@@+...........
0x00, 0x00, 0x00, 0x00, 0x00, 0x00, 0xcf, 0xff, 0xfd, 0x00, 0x00, 0x00, 0xcf, 0xff, 0xfb, 0x00, 0x00, 0x00, 0x00, 0x00, 0x00, 	//............@@@@@@......@@@@@%............
0x00, 0x00, 0x00, 0x00, 0x00, 0x00, 0x2f, 0xff, 0xff, 0x70, 0x00, 0x05, 0xff, 0xff, 0xf2, 0x00, 0x00, 0x00, 0x00, 0x00, 0x00, 	//............+@@@@@*....+@@@@@+............
0x00, 0x00, 0x00, 0x00, 0x00, 0x00, 0x08, 0xff, 0xff, 0xe1, 0x00, 0x0d, 0xff, 0xff, 0x70, 0x00, 0x00, 0x00, 0x00, 0x00, 0x00, 	//.............*@@@@@+...@@@@@*.............
0x00, 0x00, 0x00, 0x00, 0x00, 0x00, 0x00, 0xdf, 0xff, 0xf8, 0x00, 0x7f, 0xff, 0xfc, 0x00, 0x00, 0x00, 0x00, 0x00, 0x00, 0x00, 	//..............@@@@@*..*@@@@@..............
0x00, 0x00, 0x00, 0x00, 0x00, 0x00, 0x00, 0x3f, 0xff, 0xff, 0x21, 0xff, 0xff, 0xf3, 0x00, 0x00, 0x00, 0x00, 0x00, 0x00, 0x00, 	//..............+@@@@@++@@@@@+..............
0x00, 0x00, 0x00, 0x00, 0x00, 0x00, 0x00, 0x09, 0xff, 0xff, 0xaa, 0xff, 0xff, 0x80, 0x00, 0x00, 0x00, 0x00, 0x00, 0x00, 0x00, 	//...............%@@@@%%@@@@*...............
0x00, 0x00, 0x00, 0x00, 0x00, 0x00, 0x00, 0x00, 0xef, 0xff, 0xff, 0xff, 0xfd, 0x00, 0x00, 0x00, 0x00, 0x00, 0x00, 0x00, 0x00, 	//................@@@@@@@@@@................
0x00, 0x00, 0x09, 0xff, 0xff, 0xff, 0xff, 0xff, 0xff, 0xff, 0xff, 0xff, 0xff, 0xff, 0xff, 0xff, 0xff, 0xff, 0x80, 0x00, 0x00, 	//.....%@@@@@@@@@@@@@@@@@@@@@@@@@@@@@@*.....
0x00, 0x00, 0x09, 0xff, 0xff, 0xff, 0xff, 0xff, 0xff, 0xff, 0xff, 0xff, 0xff, 0xff, 0xff, 0xff, 0xff, 0xff, 0x80, 0x00, 0x00, 	//.....%@@@@@@@@@@@@@@@@@@@@@@@@@@@@@@*.....
0x00, 0x00, 0x09, 0xff, 0xff, 0xff, 0xff, 0xff, 0xff, 0xff, 0xff, 0xff, 0xff, 0xff, 0xff, 0xff, 0xff, 0xff, 0x80, 0x00, 0x00, 	//.....%@@@@@@@@@@@@@@@@@@@@@@@@@@@@@@*.....
0x00, 0x00, 0x04, 0x77, 0x77, 0x77, 0x77, 0x77, 0x77, 0xff, 0xff, 0xff, 0x77, 0x77, 0x77, 0x77, 0x77, 0x77, 0x40, 0x00, 0x00, 	//.....+************@@@@@@************+.....
0x00, 0x00, 0x00, 0x00, 0x00, 0x00, 0x00, 0x00, 0x00, 0xff, 0xff, 0xfe, 0x00, 0x00, 0x00, 0x00, 0x00, 0x00, 0x00, 0x00, 0x00, 	//..................@@@@@@..................
0x00, 0x00, 0x00, 0x00, 0x00, 0x00, 0x00, 0x00, 0x00, 0xff, 0xff, 0xfe, 0x00, 0x00, 0x00, 0x00, 0x00, 0x00, 0x00, 0x00, 0x00, 	//..................@@@@@@..................
0x00, 0x00, 0x00, 0x00, 0x00, 0x00, 0x00, 0x00, 0x00, 0xff, 0xff, 0xfe, 0x00, 0x00, 0x00, 0x00, 0x00, 0x00, 0x00, 0x00, 0x00, 	//..................@@@@@@..................
0x00, 0x00, 0x00, 0x00, 0x00, 0x00, 0x00, 0x00, 0x00, 0xff, 0xff, 0xfe, 0x00, 0x00, 0x00, 0x00, 0x00, 0x00, 0x00, 0x00, 0x00, 	//..................@@@@@@..................
0x00, 0x00, 0x09, 0xff, 0xff, 0xff, 0xff, 0xff, 0xff, 0xff, 0xff, 0xff, 0xff, 0xff, 0xff, 0xff, 0xff, 0xff, 0x80, 0x00, 0x00, 	//.....%@@@@@@@@@@@@@@@@@@@@@@@@@@@@@@*.....
0x00, 0x00, 0x09, 0xff, 0xff, 0xff, 0xff, 0xff, 0xff, 0xff, 0xff, 0xff, 0xff, 0xff, 0xff, 0xff, 0xff, 0xff, 0x80, 0x00, 0x00, 	//.....%@@@@@@@@@@@@@@@@@@@@@@@@@@@@@@*.....
0x00, 0x00, 0x09, 0xff, 0xff, 0xff, 0xff, 0xff, 0xff, 0xff, 0xff, 0xff, 0xff, 0xff, 0xff, 0xff, 0xff, 0xff, 0x80, 0x00, 0x00, 	//.....%@@@@@@@@@@@@@@@@@@@@@@@@@@@@@@*.....
0x00, 0x00, 0x04, 0x66, 0x66, 0x66, 0x66, 0x66, 0x66, 0xff, 0xff, 0xff, 0x66, 0x66, 0x66, 0x66, 0x66, 0x66, 0x30, 0x00, 0x00, 	//.....+************@@@@@@************+.....
0x00, 0x00, 0x00, 0x00, 0x00, 0x00, 0x00, 0x00, 0x00, 0xff, 0xff, 0xfe, 0x00, 0x00, 0x00, 0x00, 0x00, 0x00, 0x00, 0x00, 0x00, 	//..................@@@@@@..................
0x00, 0x00, 0x00, 0x00, 0x00, 0x00, 0x00, 0x00, 0x00, 0xff, 0xff, 0xfe, 0x00, 0x00, 0x00, 0x00, 0x00, 0x00, 0x00, 0x00, 0x00, 	//..................@@@@@@..................
0x00, 0x00, 0x00, 0x00, 0x00, 0x00, 0x00, 0x00, 0x00, 0xff, 0xff, 0xfe, 0x00, 0x00, 0x00, 0x00, 0x00, 0x00, 0x00, 0x00, 0x00, 	//..................@@@@@@..................
0x00, 0x00, 0x00, 0x00, 0x00, 0x00, 0x00, 0x00, 0x00, 0xff, 0xff, 0xfe, 0x00, 0x00, 0x00, 0x00, 0x00, 0x00, 0x00, 0x00, 0x00, 	//..................@@@@@@..................
0x00, 0x00, 0x00, 0x00, 0x00, 0x00, 0x00, 0x00, 0x00, 0xff, 0xff, 0xfe, 0x00, 0x00, 0x00, 0x00, 0x00, 0x00, 0x00, 0x00, 0x00, 	//..................@@@@@@..................
0x00, 0x00, 0x00, 0x00, 0x00, 0x00, 0x00, 0x00, 0x00, 0xff, 0xff, 0xfe, 0x00, 0x00, 0x00, 0x00, 0x00, 0x00, 0x00, 0x00, 0x00, 	//..................@@@@@@..................
0x00, 0x00, 0x00, 0x00, 0x00, 0x00, 0x00, 0x00, 0x00, 0xff, 0xff, 0xfe, 0x00, 0x00, 0x00, 0x00, 0x00, 0x00, 0x00, 0x00, 0x00, 	//..................@@@@@@..................
0x00, 0x00, 0x00, 0x00, 0x00, 0x00, 0x00, 0x00, 0x00, 0xff, 0xff, 0xfe, 0x00, 0x00, 0x00, 0x00, 0x00, 0x00, 0x00, 0x00, 0x00, 	//..................@@@@@@..................
0x00, 0x00, 0x00, 0x00, 0x00, 0x00, 0x00, 0x00, 0x00, 0xff, 0xff, 0xfe, 0x00, 0x00, 0x00, 0x00, 0x00, 0x00, 0x00, 0x00, 0x00, 	//..................@@@@@@..................
0x00, 0x00, 0x00, 0x00, 0x00, 0x00, 0x00, 0x00, 0x00, 0xff, 0xff, 0xfe, 0x00, 0x00, 0x00, 0x00, 0x00, 0x00, 0x00, 0x00, 0x00, 	//..................@@@@@@..................
0x00, 0x00, 0x00, 0x00, 0x00, 0x00, 0x00, 0x00, 0x00, 0x89, 0x99, 0x98, 0x00, 0x00, 0x00, 0x00, 0x00, 0x00, 0x00, 0x00, 0x00, 	//..................*%%%%*..................



};



static const lv_font_fmt_txt_glyph_dsc_t glyph_dsc[] = {
	{.bitmap_index = 0, .adv_w = 16, .box_h = 0, .box_w = 16, .ofs_x = 0, .ofs_y = 0},/*( )*/
	{.bitmap_index = 0, .adv_w = 9, .box_h = 49, .box_w = 10, .ofs_x = 6, .ofs_y = -1},/*(!)*/
	{.bitmap_index = 245, .adv_w = 20, .box_h = 19, .box_w = 20, .ofs_x = 5, .ofs_y = 31},/*(")*/
	{.bitmap_index = 435, .adv_w = 32, .box_h = 47, .box_w = 32, .ofs_x = 2, .ofs_y = 0},/*(#)*/
	{.bitmap_index = 1187, .adv_w = 29, .box_h = 61, .box_w = 30, .ofs_x = 3, .ofs_y = -8},/*($)*/
	{.bitmap_index = 2102, .adv_w = 55, .box_h = 49, .box_w = 56, .ofs_x = 2, .ofs_y = -1},/*(%)*/
	{.bitmap_index = 3474, .adv_w = 41, .box_h = 49, .box_w = 42, .ofs_x = 2, .ofs_y = -1},/*(&)*/
	{.bitmap_index = 4503, .adv_w = 7, .box_h = 19, .box_w = 8, .ofs_x = 5, .ofs_y = 31},/*(')*/
	{.bitmap_index = 4579, .adv_w = 14, .box_h = 65, .box_w = 14, .ofs_x = 5, .ofs_y = -13},/*(()*/
	{.bitmap_index = 5034, .adv_w = 14, .box_h = 65, .box_w = 14, .ofs_x = 2, .ofs_y = -13},/*())*/
	{.bitmap_index = 5489, .adv_w = 22, .box_h = 21, .box_w = 22, .ofs_x = 4, .ofs_y = 30},/*(*)*/
	{.bitmap_index = 5720, .adv_w = 32, .box_h = 33, .box_w = 32, .ofs_x = 2, .ofs_y = 7},/*(+)*/
	{.bitmap_index = 6248, .adv_w = 12, .box_h = 22, .box_w = 12, .ofs_x = 3, .ofs_y = -13},/*(,)*/
	{.bitmap_index = 6380, .adv_w = 18, .box_h = 5, .box_w = 18, .ofs_x = 2, .ofs_y = 15},/*(-)*/
	{.bitmap_index = 6425, .adv_w = 10, .box_h = 9, .box_w = 10, .ofs_x = 4, .ofs_y = -1},/*(.)*/
	{.bitmap_index = 6470, .adv_w = 25, .box_h = 63, .box_w = 26, .ofs_x = 0, .ofs_y = -12},/*(/)*/
	{.bitmap_index = 7289, .adv_w = 30, .box_h = 49, .box_w = 30, .ofs_x = 3, .ofs_y = -1},/*(0)*/
	{.bitmap_index = 8024, .adv_w = 27, .box_h = 47, .box_w = 28, .ofs_x = 5, .ofs_y = 0},/*(1)*/
	{.bitmap_index = 8682, .adv_w = 31, .box_h = 48, .box_w = 32, .ofs_x = 2, .ofs_y = 0},/*(2)*/
	{.bitmap_index = 9450, .adv_w = 31, .box_h = 49, .box_w = 32, .ofs_x = 1, .ofs_y = -1},/*(3)*/
	{.bitmap_index = 10234, .adv_w = 33, .box_h = 47, .box_w = 34, .ofs_x = 1, .ofs_y = 0},/*(4)*/
	{.bitmap_index = 11033, .adv_w = 32, .box_h = 48, .box_w = 32, .ofs_x = 1, .ofs_y = -1},/*(5)*/
	{.bitmap_index = 11801, .adv_w = 30, .box_h = 49, .box_w = 30, .ofs_x = 3, .ofs_y = -1},/*(6)*/
	{.bitmap_index = 12536, .adv_w = 30, .box_h = 47, .box_w = 30, .ofs_x = 3, .ofs_y = 0},/*(7)*/
	{.bitmap_index = 13241, .adv_w = 31, .box_h = 49, .box_w = 32, .ofs_x = 2, .ofs_y = -1},/*(8)*/
	{.bitmap_index = 14025, .adv_w = 31, .box_h = 49, .box_w = 32, .ofs_x = 2, .ofs_y = -1},/*(9)*/
	{.bitmap_index = 14809, .adv_w = 10, .box_h = 35, .box_w = 10, .ofs_x = 4, .ofs_y = -1},/*(:)*/
	{.bitmap_index = 14984, .adv_w = 12, .box_h = 47, .box_w = 12, .ofs_x = 3, .ofs_y = -13},/*(;)*/
	{.bitmap_index = 15266, .adv_w = 32, .box_h = 29, .box_w = 32, .ofs_x = 2, .ofs_y = 9},/*(<)*/
	{.bitmap_index = 15730, .adv_w = 32, .box_h = 21, .box_w = 32, .ofs_x = 2, .ofs_y = 13},/*(=)*/
	{.bitmap_index = 16066, .adv_w = 32, .box_h = 29, .box_w = 32, .ofs_x = 2, .ofs_y = 9},/*(>)*/
	{.bitmap_index = 16530, .adv_w = 25, .box_h = 50, .box_w = 26, .ofs_x = 2, .ofs_y = -1},/*(?)*/
	{.bitmap_index = 17180, .adv_w = 54, .box_h = 57, .box_w = 54, .ofs_x = 3, .ofs_y = -11},/*(@)*/
	{.bitmap_index = 18719, .adv_w = 39, .box_h = 47, .box_w = 40, .ofs_x = 0, .ofs_y = 0},/*(A)*/
	{.bitmap_index = 19659, .adv_w = 34, .box_h = 47, .box_w = 34, .ofs_x = 6, .ofs_y = 0},/*(B)*/
	{.bitmap_index = 20458, .adv_w = 36, .box_h = 49, .box_w = 36, .ofs_x = 3, .ofs_y = -1},/*(C)*/
	{.bitmap_index = 21340, .adv_w = 35, .box_h = 47, .box_w = 36, .ofs_x = 6, .ofs_y = 0},/*(D)*/
	{.bitmap_index = 22186, .adv_w = 29, .box_h = 47, .box_w = 30, .ofs_x = 6, .ofs_y = 0},/*(E)*/
	{.bitmap_index = 22891, .adv_w = 28, .box_h = 47, .box_w = 28, .ofs_x = 6, .ofs_y = 0},/*(F)*/
	{.bitmap_index = 23549, .adv_w = 37, .box_h = 49, .box_w = 38, .ofs_x = 3, .ofs_y = -1},/*(G)*/
	{.bitmap_index = 24480, .adv_w = 35, .box_h = 47, .box_w = 36, .ofs_x = 6, .ofs_y = 0},/*(H)*/
	{.bitmap_index = 25326, .adv_w = 7, .box_h = 47, .box_w = 8, .ofs_x = 6, .ofs_y = 0},/*(I)*/
	{.bitmap_index = 25514, .adv_w = 27, .box_h = 48, .box_w = 28, .ofs_x = 2, .ofs_y = -1},/*(J)*/
	{.bitmap_index = 26186, .adv_w = 36, .box_h = 47, .box_w = 36, .ofs_x = 6, .ofs_y = 0},/*(K)*/
	{.bitmap_index = 27032, .adv_w = 27, .box_h = 47, .box_w = 28, .ofs_x = 6, .ofs_y = 0},/*(L)*/
	{.bitmap_index = 27690, .adv_w = 40, .box_h = 47, .box_w = 40, .ofs_x = 6, .ofs_y = 0},/*(M)*/
	{.bitmap_index = 28630, .adv_w = 34, .box_h = 47, .box_w = 34, .ofs_x = 6, .ofs_y = 0},/*(N)*/
	{.bitmap_index = 29429, .adv_w = 41, .box_h = 49, .box_w = 42, .ofs_x = 3, .ofs_y = -1},/*(O)*/
	{.bitmap_index = 30458, .adv_w = 32, .box_h = 47, .box_w = 32, .ofs_x = 6, .ofs_y = 0},/*(P)*/
	{.bitmap_index = 31210, .adv_w = 42, .box_h = 60, .box_w = 42, .ofs_x = 3, .ofs_y = -12},/*(Q)*/
	{.bitmap_index = 32470, .adv_w = 33, .box_h = 47, .box_w = 34, .ofs_x = 6, .ofs_y = 0},/*(R)*/
	{.bitmap_index = 33269, .adv_w = 33, .box_h = 49, .box_w = 34, .ofs_x = 3, .ofs_y = -1},/*(S)*/
	{.bitmap_index = 34102, .adv_w = 36, .box_h = 47, .box_w = 36, .ofs_x = 1, .ofs_y = 0},/*(T)*/
	{.bitmap_index = 34948, .adv_w = 34, .box_h = 48, .box_w = 34, .ofs_x = 6, .ofs_y = -1},/*(U)*/
	{.bitmap_index = 35764, .adv_w = 37, .box_h = 47, .box_w = 38, .ofs_x = 0, .ofs_y = 0},/*(V)*/
	{.bitmap_index = 36657, .adv_w = 54, .box_h = 47, .box_w = 54, .ofs_x = 1, .ofs_y = 0},/*(W)*/
	{.bitmap_index = 37926, .adv_w = 35, .box_h = 47, .box_w = 36, .ofs_x = 1, .ofs_y = 0},/*(X)*/
	{.bitmap_index = 38772, .adv_w = 36, .box_h = 47, .box_w = 36, .ofs_x = -1, .ofs_y = 0},/*(Y)*/
	{.bitmap_index = 39618, .adv_w = 33, .box_h = 47, .box_w = 34, .ofs_x = 3, .ofs_y = 0},/*(Z)*/
	{.bitmap_index = 40417, .adv_w = 14, .box_h = 62, .box_w = 14, .ofs_x = 6, .ofs_y = -11},/*([)*/
	{.bitmap_index = 40851, .adv_w = 25, .box_h = 63, .box_w = 26, .ofs_x = 0, .ofs_y = -12},/*(\)*/
	{.bitmap_index = 41670, .adv_w = 13, .box_h = 62, .box_w = 14, .ofs_x = 2, .ofs_y = -11},/*(])*/
	{.bitmap_index = 42104, .adv_w = 28, .box_h = 28, .box_w = 28, .ofs_x = 4, .ofs_y = 20},/*(^)*/
	{.bitmap_index = 42496, .adv_w = 35, .box_h = 4, .box_w = 36, .ofs_x = 0, .ofs_y = -9},/*(_)*/
	{.bitmap_index = 42568, .adv_w = 15, .box_h = 15, .box_w = 16, .ofs_x = 9, .ofs_y = 41},/*(`)*/
	{.bitmap_index = 42688, .adv_w = 28, .box_h = 37, .box_w = 28, .ofs_x = 3, .ofs_y = -1},/*(a)*/
	{.bitmap_index = 43206, .adv_w = 32, .box_h = 53, .box_w = 32, .ofs_x = 5, .ofs_y = -1},/*(b)*/
	{.bitmap_index = 44054, .adv_w = 28, .box_h = 37, .box_w = 28, .ofs_x = 3, .ofs_y = -1},/*(c)*/
	{.bitmap_index = 44572, .adv_w = 31, .box_h = 53, .box_w = 32, .ofs_x = 3, .ofs_y = -1},/*(d)*/
	{.bitmap_index = 45420, .adv_w = 30, .box_h = 37, .box_w = 30, .ofs_x = 3, .ofs_y = -1},/*(e)*/
	{.bitmap_index = 45975, .adv_w = 21, .box_h = 52, .box_w = 22, .ofs_x = 2, .ofs_y = 0},/*(f)*/
	{.bitmap_index = 46547, .adv_w = 33, .box_h = 52, .box_w = 34, .ofs_x = 3, .ofs_y = -16},/*(g)*/
	{.bitmap_index = 47431, .adv_w = 29, .box_h = 52, .box_w = 30, .ofs_x = 5, .ofs_y = 0},/*(h)*/
	{.bitmap_index = 48211, .adv_w = 9, .box_h = 50, .box_w = 10, .ofs_x = 4, .ofs_y = 0},/*(i)*/
	{.bitmap_index = 48461, .adv_w = 16, .box_h = 66, .box_w = 16, .ofs_x = -3, .ofs_y = -16},/*(j)*/
	{.bitmap_index = 48989, .adv_w = 30, .box_h = 52, .box_w = 30, .ofs_x = 5, .ofs_y = 0},/*(k)*/
	{.bitmap_index = 49769, .adv_w = 11, .box_h = 52, .box_w = 12, .ofs_x = 5, .ofs_y = -1},/*(l)*/
	{.bitmap_index = 50081, .adv_w = 49, .box_h = 36, .box_w = 50, .ofs_x = 5, .ofs_y = 0},/*(m)*/
	{.bitmap_index = 50981, .adv_w = 29, .box_h = 36, .box_w = 30, .ofs_x = 5, .ofs_y = 0},/*(n)*/
	{.bitmap_index = 51521, .adv_w = 33, .box_h = 37, .box_w = 34, .ofs_x = 3, .ofs_y = -1},/*(o)*/
	{.bitmap_index = 52150, .adv_w = 32, .box_h = 51, .box_w = 32, .ofs_x = 5, .ofs_y = -15},/*(p)*/
	{.bitmap_index = 52966, .adv_w = 31, .box_h = 51, .box_w = 32, .ofs_x = 3, .ofs_y = -15},/*(q)*/
	{.bitmap_index = 53782, .adv_w = 20, .box_h = 36, .box_w = 20, .ofs_x = 5, .ofs_y = 0},/*(r)*/
	{.bitmap_index = 54142, .adv_w = 26, .box_h = 37, .box_w = 26, .ofs_x = 2, .ofs_y = -1},/*(s)*/
	{.bitmap_index = 54623, .adv_w = 23, .box_h = 46, .box_w = 24, .ofs_x = 1, .ofs_y = -1},/*(t)*/
	{.bitmap_index = 55175, .adv_w = 29, .box_h = 36, .box_w = 30, .ofs_x = 5, .ofs_y = -1},/*(u)*/
	{.bitmap_index = 55715, .adv_w = 33, .box_h = 35, .box_w = 34, .ofs_x = 0, .ofs_y = 0},/*(v)*/
	{.bitmap_index = 56310, .adv_w = 49, .box_h = 35, .box_w = 50, .ofs_x = 1, .ofs_y = 0},/*(w)*/
	{.bitmap_index = 57185, .adv_w = 31, .box_h = 35, .box_w = 32, .ofs_x = 0, .ofs_y = 0},/*(x)*/
	{.bitmap_index = 57745, .adv_w = 33, .box_h = 50, .box_w = 34, .ofs_x = 0, .ofs_y = -15},/*(y)*/
	{.bitmap_index = 58595, .adv_w = 27, .box_h = 35, .box_w = 28, .ofs_x = 2, .ofs_y = 0},/*(z)*/
	{.bitmap_index = 59085, .adv_w = 18, .box_h = 62, .box_w = 18, .ofs_x = 2, .ofs_y = -11},/*({)*/
	{.bitmap_index = 59643, .adv_w = 5, .box_h = 72, .box_w = 6, .ofs_x = 6, .ofs_y = -18},/*(|)*/
	{.bitmap_index = 59859, .adv_w = 18, .box_h = 62, .box_w = 18, .ofs_x = 2, .ofs_y = -11},/*(})*/
	{.bitmap_index = 60417, .adv_w = 31, .box_h = 11, .box_w = 32, .ofs_x = 2, .ofs_y = 18},/*(~)*/
	{.bitmap_index = 60593, .adv_w = 53, .box_h = 4, .box_w = 54, .ofs_x = 2, .ofs_y = 16},/*(—)*/
	{.bitmap_index = 60701, .adv_w = 10, .box_h = 19, .box_w = 10, .ofs_x = 51, .ofs_y = 36},/*(‘)*/
	{.bitmap_index = 60796, .adv_w = 10, .box_h = 19, .box_w = 10, .ofs_x = 3, .ofs_y = 35},/*(’)*/
	{.bitmap_index = 60891, .adv_w = 23, .box_h = 19, .box_w = 24, .ofs_x = 39, .ofs_y = 36},/*(“)*/
	{.bitmap_index = 61119, .adv_w = 23, .box_h = 19, .box_w = 24, .ofs_x = 2, .ofs_y = 35},/*(”)*/
	{.bitmap_index = 61347, .adv_w = 52, .box_h = 9, .box_w = 52, .ofs_x = 6, .ofs_y = 20},/*(…)*/
	{.bitmap_index = 61581, .adv_w = 59, .box_h = 51, .box_w = 60, .ofs_x = 3, .ofs_y = -2},/*(℃)*/
	{.bitmap_index = 63111, .adv_w = 19, .box_h = 18, .box_w = 20, .ofs_x = 3, .ofs_y = -4},/*(、)*/
	{.bitmap_index = 63291, .adv_w = 21, .box_h = 21, .box_w = 22, .ofs_x = 2, .ofs_y = -5},/*(。)*/
	{.bitmap_index = 63522, .adv_w = 24, .box_h = 60, .box_w = 24, .ofs_x = 37, .ofs_y = -6},/*(〈)*/
	{.bitmap_index = 64242, .adv_w = 24, .box_h = 60, .box_w = 24, .ofs_x = 3, .ofs_y = -6},/*(〉)*/
	{.bitmap_index = 64962, .adv_w = 29, .box_h = 60, .box_w = 30, .ofs_x = 33, .ofs_y = -6},/*(《)*/
	{.bitmap_index = 65862, .adv_w = 29, .box_h = 60, .box_w = 30, .ofs_x = 2, .ofs_y = -6},/*(》)*/
	{.bitmap_index = 66762, .adv_w = 21, .box_h = 43, .box_w = 22, .ofs_x = 41, .ofs_y = 12},/*(「)*/
	{.bitmap_index = 67235, .adv_w = 21, .box_h = 43, .box_w = 22, .ofs_x = 2, .ofs_y = -7},/*(」)*/
	{.bitmap_index = 67708, .adv_w = 24, .box_h = 44, .box_w = 24, .ofs_x = 38, .ofs_y = 11},/*(『)*/
	{.bitmap_index = 68236, .adv_w = 24, .box_h = 44, .box_w = 24, .ofs_x = 2, .ofs_y = -7},/*(』)*/
	{.bitmap_index = 68764, .adv_w = 20, .box_h = 60, .box_w = 20, .ofs_x = 42, .ofs_y = -6},/*(【)*/
	{.bitmap_index = 69364, .adv_w = 20, .box_h = 60, .box_w = 20, .ofs_x = 2, .ofs_y = -6},/*(】)*/
	{.bitmap_index = 69964, .adv_w = 10, .box_h = 49, .box_w = 10, .ofs_x = 11, .ofs_y = -1},/*(！)*/
	{.bitmap_index = 70209, .adv_w = 18, .box_h = 61, .box_w = 18, .ofs_x = 44, .ofs_y = -6},/*(（)*/
	{.bitmap_index = 70758, .adv_w = 18, .box_h = 61, .box_w = 18, .ofs_x = 2, .ofs_y = -6},/*(）)*/
	{.bitmap_index = 71307, .adv_w = 14, .box_h = 23, .box_w = 14, .ofs_x = 8, .ofs_y = -8},/*(，)*/
	{.bitmap_index = 71468, .adv_w = 10, .box_h = 42, .box_w = 10, .ofs_x = 11, .ofs_y = -1},/*(：)*/
	{.bitmap_index = 71678, .adv_w = 13, .box_h = 53, .box_w = 14, .ofs_x = 9, .ofs_y = -12},/*(；)*/
	{.bitmap_index = 72049, .adv_w = 28, .box_h = 50, .box_w = 28, .ofs_x = 2, .ofs_y = -1},/*(？)*/
	{.bitmap_index = 72749, .adv_w = 42, .box_h = 48, .box_w = 42, .ofs_x = 11, .ofs_y = -1},/*(￥)*/

};


static const uint16_t unicode_list[] = {
	0x0020,	/*( )*/
	0x0021,	/*(!)*/
	0x0022,	/*(")*/
	0x0023,	/*(#)*/
	0x0024,	/*($)*/
	0x0025,	/*(%)*/
	0x0026,	/*(&)*/
	0x0027,	/*(')*/
	0x0028,	/*(()*/
	0x0029,	/*())*/
	0x002a,	/*(*)*/
	0x002b,	/*(+)*/
	0x002c,	/*(,)*/
	0x002d,	/*(-)*/
	0x002e,	/*(.)*/
	0x002f,	/*(/)*/
	0x0030,	/*(0)*/
	0x0031,	/*(1)*/
	0x0032,	/*(2)*/
	0x0033,	/*(3)*/
	0x0034,	/*(4)*/
	0x0035,	/*(5)*/
	0x0036,	/*(6)*/
	0x0037,	/*(7)*/
	0x0038,	/*(8)*/
	0x0039,	/*(9)*/
	0x003a,	/*(:)*/
	0x003b,	/*(;)*/
	0x003c,	/*(<)*/
	0x003d,	/*(=)*/
	0x003e,	/*(>)*/
	0x003f,	/*(?)*/
	0x0040,	/*(@)*/
	0x0041,	/*(A)*/
	0x0042,	/*(B)*/
	0x0043,	/*(C)*/
	0x0044,	/*(D)*/
	0x0045,	/*(E)*/
	0x0046,	/*(F)*/
	0x0047,	/*(G)*/
	0x0048,	/*(H)*/
	0x0049,	/*(I)*/
	0x004a,	/*(J)*/
	0x004b,	/*(K)*/
	0x004c,	/*(L)*/
	0x004d,	/*(M)*/
	0x004e,	/*(N)*/
	0x004f,	/*(O)*/
	0x0050,	/*(P)*/
	0x0051,	/*(Q)*/
	0x0052,	/*(R)*/
	0x0053,	/*(S)*/
	0x0054,	/*(T)*/
	0x0055,	/*(U)*/
	0x0056,	/*(V)*/
	0x0057,	/*(W)*/
	0x0058,	/*(X)*/
	0x0059,	/*(Y)*/
	0x005a,	/*(Z)*/
	0x005b,	/*([)*/
	0x005c,	/*(\)*/
	0x005d,	/*(])*/
	0x005e,	/*(^)*/
	0x005f,	/*(_)*/
	0x0060,	/*(`)*/
	0x0061,	/*(a)*/
	0x0062,	/*(b)*/
	0x0063,	/*(c)*/
	0x0064,	/*(d)*/
	0x0065,	/*(e)*/
	0x0066,	/*(f)*/
	0x0067,	/*(g)*/
	0x0068,	/*(h)*/
	0x0069,	/*(i)*/
	0x006a,	/*(j)*/
	0x006b,	/*(k)*/
	0x006c,	/*(l)*/
	0x006d,	/*(m)*/
	0x006e,	/*(n)*/
	0x006f,	/*(o)*/
	0x0070,	/*(p)*/
	0x0071,	/*(q)*/
	0x0072,	/*(r)*/
	0x0073,	/*(s)*/
	0x0074,	/*(t)*/
	0x0075,	/*(u)*/
	0x0076,	/*(v)*/
	0x0077,	/*(w)*/
	0x0078,	/*(x)*/
	0x0079,	/*(y)*/
	0x007a,	/*(z)*/
	0x007b,	/*({)*/
	0x007c,	/*(|)*/
	0x007d,	/*(})*/
	0x007e,	/*(~)*/
	0x2014,	/*(—)*/
	0x2018,	/*(‘)*/
	0x2019,	/*(’)*/
	0x201c,	/*(“)*/
	0x201d,	/*(”)*/
	0x2026,	/*(…)*/
	0x2103,	/*(℃)*/
	0x3001,	/*(、)*/
	0x3002,	/*(。)*/
	0x3008,	/*(〈)*/
	0x3009,	/*(〉)*/
	0x300a,	/*(《)*/
	0x300b,	/*(》)*/
	0x300c,	/*(「)*/
	0x300d,	/*(」)*/
	0x300e,	/*(『)*/
	0x300f,	/*(』)*/
	0x3010,	/*(【)*/
	0x3011,	/*(】)*/
	0xff01,	/*(！)*/
	0xff08,	/*(（)*/
	0xff09,	/*(）)*/
	0xff0c,	/*(，)*/
	0xff1a,	/*(：)*/
	0xff1b,	/*(；)*/
	0xff1f,	/*(？)*/
	0xffe5,	/*(￥)*/
	0x0000,	/*(list end)*/

};


static const lv_font_fmt_txt_cmap_t cmaps[] = {
    {
    .range_start = 0x0020,
    .range_length = 0xffe5,
    .type = LV_FONT_FMT_TXT_CMAP_SPARSE_TINY,
    .glyph_id_start = 0,
    .unicode_list = unicode_list,
    .glyph_id_ofs_list = NULL,
    .list_length = 122,
    }
};

#if LV_VERSION_CHECK(8, 0, 0)
static  lv_font_fmt_txt_glyph_cache_t cache;
#endif

static lv_font_fmt_txt_dsc_t font_dsc = {
    .glyph_bitmap = glyph_bitmap,
    .glyph_dsc = glyph_dsc,
    .cmaps = cmaps,
    .cmap_num = 1,
    .bpp = 4,

    .kern_scale = 0,
    .kern_dsc = NULL,
    .kern_classes = 0,

#if LV_VERSION_CHECK(8, 0, 0)
    .cache = &cache,
#endif
};

//二分法查找字符id
static int binsearch(const uint16_t *sortedSeq, int seqLength, uint16_t keyData) {
    int low = 0, mid, high = seqLength - 1;
    while (low <= high) {
        mid = (low + high)>>1;//右移1位等于是/2, 奇数, 无论奇偶, 有个值就行
        if (keyData < sortedSeq[mid]) {
            high = mid - 1;//是mid-1, 因为mid已经比较过了
        }
        else if (keyData > sortedSeq[mid]) {
            low = mid + 1;
        }
        else {
            return mid;
        }
    }
    return -1;
}

//获取字符id对应的字符位图
static const uint8_t * __user_font_get_bitmap(const lv_font_t * font, uint32_t unicode_letter) {
    lv_font_fmt_txt_dsc_t * fdsc = (lv_font_fmt_txt_dsc_t *) font->dsc;

    if( unicode_letter<fdsc->cmaps[0].range_start || unicode_letter>fdsc->cmaps[0].range_length ) return false;

    int i;
#if LV_VERSION_CHECK(8, 0, 0)
    if( unicode_letter==fdsc->cache->last_letter ){
        i = fdsc->cache->last_glyph_id;
#else
    if( unicode_letter==fdsc->last_letter ){
        i = fdsc->last_glyph_id;
#endif
    }
    else{
        i = binsearch(fdsc->cmaps[0].unicode_list, fdsc->cmaps[0].list_length, unicode_letter);
    }
    if( i != -1 ) {
        const lv_font_fmt_txt_glyph_dsc_t * gdsc = &fdsc->glyph_dsc[i];
#if LV_VERSION_CHECK(8, 0, 0)
        fdsc->cache->last_glyph_id = i;
        fdsc->cache->last_letter = unicode_letter;
#else
        fdsc->last_glyph_id = i;
        fdsc->last_letter = unicode_letter;
#endif
        return &fdsc->glyph_bitmap[gdsc->bitmap_index];
    }
    return NULL;
}

//获取字符信息
static bool __user_font_get_glyph_dsc(const lv_font_t * font, lv_font_glyph_dsc_t * dsc_out, uint32_t unicode_letter, uint32_t unicode_letter_next) {
    lv_font_fmt_txt_dsc_t * fdsc = (lv_font_fmt_txt_dsc_t *) font->dsc;

    if( unicode_letter<fdsc->cmaps[0].range_start || unicode_letter>fdsc->cmaps[0].range_length ) return false;

    int i;
#if LV_VERSION_CHECK(8, 0, 0)
    if( unicode_letter==fdsc->cache->last_letter ){
        i = fdsc->cache->last_glyph_id;
#else
    if( unicode_letter==fdsc->last_letter ){
        i = fdsc->last_glyph_id;
#endif
    }
    else{
        i = binsearch(fdsc->cmaps[0].unicode_list, fdsc->cmaps[0].list_length, unicode_letter);
    }
    if( i != -1 ) {
        const lv_font_fmt_txt_glyph_dsc_t * gdsc = &fdsc->glyph_dsc[i];
#if LV_VERSION_CHECK(8, 0, 0)
        fdsc->cache->last_glyph_id = i;
        fdsc->cache->last_letter = unicode_letter;
#else
        fdsc->last_glyph_id = i;
        fdsc->last_letter = unicode_letter;
#endif
        dsc_out->adv_w = gdsc->adv_w;
        dsc_out->box_h = gdsc->box_h;
        dsc_out->box_w = gdsc->box_w;
        dsc_out->ofs_x = gdsc->ofs_x;
        dsc_out->ofs_y = gdsc->ofs_y;
        dsc_out->bpp   = fdsc->bpp;
        return true;
    }
    return false;
}

//字体名称: SourceHanSansCN-Regular.otf
//字模高度: 64 pixel
lv_font_t lv_font_rubik_bold_64_ascii = {
    .dsc = &font_dsc,
    .get_glyph_bitmap = __user_font_get_bitmap,
    .get_glyph_dsc = __user_font_get_glyph_dsc,
    .line_height = 64,
    .base_line = 0,
};

